0,0.0
2,0.0
4,0.0
6,-10.0
8,-10.0
10,-10.0
12,-10.0
14,-10.0
16,-10.0
18,-10.0
20,-10.0
22,-10.0
24,-10.0
26,-10.0
28,-10.0
30,-10.0
32,-10.0
34,90.0
36,-10.0
38,0.0
40,0.0
42,100.0
44,0.0
46,0.0
48,0.0
50,0.0
52,0.0
54,200.0
56,0.0
58,0.0
60,0.0
62,0.0
64,100.0
66,-10.0
68,100.0
70,0.0
72,0.0
74,-10.0
76,0.0
78,100.0
80,100.0
82,-10.0
84,-10.0
86,-10.0
88,-10.0
90,100.0
92,-10.0
94,-10.0
96,0.0
98,-10.0
100,0.0
102,-10.0
104,90.0
106,-10.0
108,-10.0
110,0.0
112,-10.0
114,90.0
116,90.0
118,100.0
120,-10.0
122,-10.0
124,0.0
126,-10.0
128,-10.0
130,-10.0
132,90.0
134,-10.0
136,190.0
138,-10.0
140,100.0
142,-10.0
144,-10.0
146,-10.0
148,-10.0
150,0.0
152,-10.0
154,-10.0
156,90.0
158,-10.0
160,0.0
162,90.0
164,-10.0
166,100.0
168,90.0
170,0.0
172,-10.0
174,90.0
176,200.0
178,90.0
180,100.0
182,90.0
184,100.0
186,90.0
188,-10.0
190,200.0
192,90.0
194,-10.0
196,190.0
198,-10.0
200,90.0
202,-10.0
204,-10.0
206,190.0
208,0.0
210,190.0
212,90.0
200,100.0
202,190.0
204,90.0
206,90.0
208,90.0
210,100.0
212,-10.0
214,90.0
216,-10.0
218,90.0
220,100.0
222,190.0
224,90.0
226,90.0
228,90.0
230,100.0
232,90.0
234,90.0
236,90.0
238,-10.0
240,200.0
242,190.0
244,190.0
246,-10.0
248,-10.0
250,0.0
252,190.0
254,90.0
256,90.0
258,-10.0
260,0.0
262,90.0
264,190.0
266,190.0
268,90.0
270,0.0
272,90.0
274,190.0
276,-10.0
278,90.0
280,-10.0
282,190.0
284,200.0
286,90.0
288,90.0
290,100.0
292,90.0
294,-10.0
296,500.0
298,190.0
300,100.0
302,-10.0
304,90.0
306,90.0
308,90.0
310,100.0
312,90.0
314,190.0
316,190.0
318,-10.0
320,100.0
322,90.0
324,-10.0
326,90.0
328,90.0
330,100.0
332,90.0
334,400.0
336,-10.0
338,190.0
340,400.0
342,-10.0
344,90.0
346,90.0
348,90.0
350,0.0
352,190.0
354,100.0
356,190.0
358,-10.0
360,0.0
362,190.0
364,-10.0
366,400.0
368,90.0
370,0.0
372,0.0
374,200.0
376,200.0
378,90.0
380,100.0
382,200.0
384,300.0
386,300.0
388,400.0
390,0.0
392,300.0
394,300.0
396,200.0
398,90.0
400,100.0
402,100.0
404,100.0
406,90.0
408,300.0
410,100.0
412,200.0
414,400.0
416,190.0
418,200.0
420,0.0
422,500.0
424,300.0
426,400.0
428,200.0
430,200.0
432,400.0
434,190.0
436,90.0
438,500.0
440,200.0
442,90.0
444,200.0
446,190.0
448,90.0
450,400.0
452,90.0
454,500.0
456,90.0
458,500.0
460,200.0
462,90.0
464,90.0
466,90.0
468,190.0
470,500.0
472,90.0
474,400.0
476,300.0
478,190.0
480,300.0
482,400.0
484,90.0
486,200.0
488,400.0
490,100.0
492,300.0
494,300.0
496,190.0
498,300.0
500,100.0
502,400.0
504,90.0
506,290.0
508,400.0
510,300.0
512,400.0
514,600.0
516,500.0
518,400.0
520,400.0
522,400.0
524,500.0
526,300.0
528,90.0
530,400.0
532,100.0
534,190.0
536,300.0
538,300.0
540,400.0
542,400.0
544,300.0
546,400.0
548,400.0
550,200.0
552,190.0
554,300.0
556,300.0
558,390.0
560,100.0
562,400.0
564,400.0
566,190.0
568,400.0
570,500.0
572,600.0
574,400.0
576,200.0
578,500.0
580,100.0
582,400.0
584,500.0
586,400.0
588,300.0
590,400.0
592,600.0
594,300.0
596,400.0
598,300.0
600,200.0
602,300.0
604,200.0
606,500.0
608,400.0
610,400.0
612,500.0
614,500.0
616,400.0
618,300.0
620,400.0
622,290.0
624,300.0
626,300.0
628,300.0
630,400.0
632,500.0
634,600.0
636,400.0
638,500.0
640,300.0
642,400.0
644,400.0
646,500.0
648,600.0
650,190.0
652,400.0
654,400.0
656,300.0
658,300.0
660,300.0
662,700.0
664,300.0
666,400.0
668,400.0
670,400.0
672,300.0
674,600.0
676,300.0
678,400.0
680,400.0
682,500.0
684,400.0
686,300.0
688,200.0
690,500.0
692,500.0
694,300.0
696,400.0
698,500.0
700,400.0
702,400.0
704,300.0
706,400.0
708,500.0
710,400.0
712,290.0
714,300.0
716,500.0
718,300.0
720,400.0
722,500.0
724,600.0
726,400.0
728,400.0
730,600.0
732,200.0
734,300.0
736,400.0
738,200.0
740,400.0
742,400.0
744,400.0
746,500.0
748,400.0
750,600.0
752,200.0
754,400.0
756,200.0
758,500.0
760,400.0
762,400.0
764,300.0
766,300.0
768,300.0
770,400.0
772,400.0
774,600.0
776,300.0
778,300.0
780,400.0
782,300.0
784,500.0
786,300.0
788,190.0
790,500.0
792,400.0
794,400.0
796,400.0
798,400.0
800,500.0
802,500.0
804,600.0
806,400.0
808,500.0
810,500.0
812,500.0
814,500.0
816,400.0
818,300.0
820,500.0
822,400.0
824,400.0
826,400.0
828,400.0
830,500.0
832,300.0
834,600.0
836,500.0
838,400.0
840,400.0
842,300.0
844,500.0
846,300.0
848,400.0
850,400.0
852,400.0
854,500.0
856,500.0
858,400.0
860,400.0
862,600.0
864,300.0
866,400.0
868,400.0
870,400.0
872,300.0
860,500.0
862,300.0
864,300.0
866,400.0
868,500.0
870,500.0
872,200.0
874,300.0
876,300.0
878,300.0
880,600.0
882,400.0
884,300.0
886,300.0
888,400.0
890,400.0
892,300.0
894,400.0
896,300.0
898,200.0
900,400.0
902,400.0
904,200.0
906,300.0
908,500.0
910,500.0
912,400.0
914,300.0
916,500.0
918,400.0
920,400.0
922,300.0
924,500.0
926,300.0
928,600.0
930,500.0
932,100.0
934,200.0
936,300.0
938,200.0
940,300.0
942,400.0
944,500.0
946,400.0
948,400.0
950,400.0
952,200.0
954,300.0
956,400.0
958,400.0
960,500.0
962,190.0
964,400.0
966,600.0
968,400.0
970,500.0
972,500.0
974,400.0
976,390.0
978,400.0
980,500.0
982,500.0
984,400.0
986,300.0
988,400.0
990,300.0
992,300.0
994,90.0
996,300.0
998,300.0
1000,300.0
1002,500.0
1004,290.0
1006,400.0
1008,600.0
1010,300.0
1012,400.0
1014,400.0
1016,300.0
1018,300.0
1020,400.0
1022,500.0
1024,500.0
1026,400.0
1028,400.0
1030,400.0
1032,500.0
1034,400.0
1036,300.0
1038,400.0
1040,500.0
1040,500.0
1042,400.0
1044,400.0
1046,200.0
1048,200.0
1050,500.0
1052,300.0
1054,290.0
1056,500.0
1058,200.0
1060,500.0
1062,200.0
1064,300.0
1066,500.0
1068,190.0
1070,300.0
1072,500.0
1074,400.0
1076,500.0
1078,300.0
1080,500.0
1082,200.0
1084,300.0
1086,300.0
1088,300.0
1090,400.0
1092,400.0
1094,500.0
1096,400.0
1098,400.0
1100,500.0
1102,400.0
1104,300.0
1106,500.0
1108,500.0
1110,400.0
1112,600.0
1114,400.0
1116,500.0
1118,200.0
1120,400.0
1122,300.0
1124,400.0
1126,500.0
1128,500.0
1130,400.0
1132,400.0
1134,400.0
1136,400.0
1138,500.0
1140,400.0
1142,300.0
1144,400.0
1146,200.0
1148,400.0
1150,500.0
1152,400.0
1154,500.0
1156,400.0
1158,500.0
1160,500.0
1162,400.0
1164,500.0
1166,500.0
1168,400.0
1170,400.0
1172,300.0
1174,300.0
1176,500.0
1178,300.0
1180,400.0
1182,500.0
1184,500.0
1186,300.0
1188,400.0
1190,400.0
1192,400.0
1194,290.0
1196,200.0
1198,500.0
1200,400.0
1202,400.0
1204,400.0
1206,400.0
1208,300.0
1210,400.0
1212,400.0
1214,300.0
1216,500.0
1218,600.0
1220,400.0
1222,90.0
1224,400.0
1226,200.0
1228,300.0
1230,500.0
1232,300.0
1234,400.0
1236,400.0
1238,400.0
1240,600.0
1242,300.0
1244,400.0
1246,400.0
1248,500.0
1250,300.0
1252,400.0
1254,400.0
1256,500.0
1258,300.0
1260,500.0
1262,400.0
1264,300.0
1266,400.0
1268,400.0
1270,400.0
1272,500.0
1274,400.0
1276,400.0
1278,400.0
1280,300.0
1282,400.0
1284,400.0
1286,400.0
1288,300.0
1290,400.0
1292,400.0
1294,400.0
1296,400.0
1298,300.0
1300,300.0
1302,500.0
1304,300.0
1306,500.0
1308,400.0
1310,600.0
1312,300.0
1314,400.0
1316,600.0
1318,400.0
1320,400.0
1322,400.0
1324,400.0
1326,300.0
1328,500.0
1330,500.0
1332,300.0
1334,400.0
1336,500.0
1338,400.0
1340,500.0
1342,400.0
1344,400.0
1346,400.0
1348,300.0
1350,400.0
1352,200.0
1354,400.0
1356,500.0
1358,400.0
1360,500.0
1362,500.0
1364,400.0
1366,500.0
1368,500.0
1370,500.0
1372,190.0
1374,300.0
1376,500.0
1378,600.0
1380,190.0
1382,300.0
1384,190.0
1386,400.0
1388,300.0
1390,300.0
1392,300.0
1394,300.0
1396,400.0
1398,600.0
1400,500.0
1402,500.0
1404,400.0
1406,400.0
1408,300.0
1410,500.0
1412,300.0
1414,400.0
1416,600.0
1418,300.0
1420,400.0
1422,400.0
1424,400.0
1426,300.0
1428,200.0
1430,300.0
1432,300.0
1434,300.0
1436,300.0
1438,400.0
1440,300.0
1442,300.0
1444,400.0
1446,300.0
1448,400.0
1450,290.0
1452,300.0
1454,500.0
1456,200.0
1458,500.0
1460,400.0
1462,300.0
1464,400.0
1466,500.0
1468,400.0
1470,500.0
1472,200.0
1474,300.0
1476,200.0
1478,300.0
1480,400.0
1482,600.0
1484,500.0
1486,500.0
1488,500.0
1490,400.0
1492,90.0
1494,300.0
1496,90.0
1498,300.0
1500,190.0
1502,500.0
1504,300.0
1506,400.0
1508,500.0
1510,290.0
1512,400.0
1514,300.0
1516,400.0
1518,300.0
1520,400.0
1522,400.0
1524,300.0
1526,600.0
1528,400.0
1530,300.0
1532,300.0
1534,300.0
1536,500.0
1538,300.0
1540,500.0
1542,200.0
1544,290.0
1546,500.0
1548,400.0
1550,90.0
1552,400.0
1554,400.0
1556,200.0
1558,400.0
1560,500.0
1562,300.0
1564,400.0
1566,400.0
1568,300.0
1570,400.0
1572,100.0
1574,400.0
1576,400.0
1578,300.0
1580,400.0
1582,300.0
1584,300.0
1586,300.0
1588,500.0
1590,300.0
1592,400.0
1594,400.0
1596,500.0
1598,300.0
1600,500.0
1602,300.0
1604,400.0
1606,190.0
1608,600.0
1610,400.0
1612,400.0
1614,400.0
1616,300.0
1618,200.0
1620,490.0
1622,300.0
1624,500.0
1626,500.0
1628,90.0
1630,400.0
1632,400.0
1634,190.0
1636,400.0
1638,200.0
1640,400.0
1642,300.0
1644,290.0
1646,500.0
1648,600.0
1650,400.0
1652,400.0
1654,500.0
1656,400.0
1658,500.0
1660,500.0
1662,400.0
1664,300.0
1666,200.0
1668,300.0
1670,600.0
1672,300.0
1674,90.0
1676,300.0
1678,400.0
1680,400.0
1682,200.0
1684,200.0
1686,400.0
1688,190.0
1690,400.0
1692,300.0
1694,300.0
1696,400.0
1698,500.0
1700,90.0
1702,300.0
1704,300.0
1706,200.0
1708,600.0
1710,190.0
1712,300.0
1714,200.0
1716,90.0
1718,300.0
1720,500.0
1722,500.0
1724,400.0
1726,190.0
1728,400.0
1730,400.0
1732,400.0
1734,90.0
1736,300.0
1738,200.0
1740,400.0
1742,90.0
1744,300.0
1746,700.0
1748,200.0
1750,400.0
1752,500.0
1754,300.0
1756,400.0
1758,400.0
1760,300.0
1762,300.0
1764,300.0
1766,300.0
1768,300.0
1770,300.0
1772,300.0
1774,500.0
1776,300.0
1778,300.0
1780,300.0
1782,400.0
1784,100.0
1786,400.0
1788,400.0
1790,600.0
1792,200.0
1794,300.0
1796,300.0
1798,500.0
1800,400.0
1802,400.0
1804,300.0
1806,400.0
1808,300.0
1810,90.0
1812,400.0
1814,500.0
1816,500.0
1818,400.0
1820,190.0
1822,90.0
1824,300.0
1826,400.0
1828,190.0
1830,400.0
1832,290.0
1834,400.0
1836,300.0
1838,400.0
1840,400.0
1842,400.0
1844,190.0
1846,90.0
1848,500.0
1850,300.0
1852,400.0
1854,500.0
1856,400.0
1858,500.0
1860,400.0
1862,300.0
1864,300.0
1866,190.0
1868,400.0
1870,500.0
1872,500.0
1874,400.0
1876,400.0
1878,400.0
1880,500.0
1882,300.0
1884,300.0
1886,300.0
1888,400.0
1890,290.0
1892,300.0
1894,400.0
1896,290.0
1898,200.0
1900,300.0
1902,290.0
1904,300.0
1906,600.0
1908,90.0
1910,500.0
1912,500.0
1914,400.0
1916,500.0
1918,400.0
1920,600.0
1922,500.0
1924,300.0
1926,400.0
1928,400.0
1930,300.0
1932,400.0
1934,500.0
1936,500.0
1938,600.0
1940,300.0
1942,400.0
1944,300.0
1946,300.0
1948,300.0
1950,90.0
1952,400.0
1954,500.0
1956,300.0
1958,500.0
1960,500.0
1962,400.0
1964,600.0
1966,400.0
1968,500.0
1970,800.0
1972,400.0
1974,300.0
1976,400.0
1978,500.0
1980,600.0
1982,600.0
1984,200.0
1986,400.0
1988,400.0
1990,600.0
1992,700.0
1994,400.0
1996,600.0
1998,800.0
2000,500.0
2002,400.0
2004,500.0
2006,600.0
2008,500.0
2010,600.0
2012,300.0
2014,600.0
2016,400.0
2018,400.0
2020,500.0
2022,500.0
2024,500.0
2026,500.0
2028,400.0
2030,400.0
2032,500.0
2034,500.0
2036,500.0
2038,500.0
2040,500.0
2042,600.0
2044,600.0
2046,300.0
2048,400.0
2050,300.0
2052,400.0
2054,500.0
2056,500.0
2058,500.0
2060,100.0
2062,400.0
2064,700.0
2066,400.0
2068,600.0
2070,400.0
2072,200.0
2074,500.0
2076,600.0
2078,500.0
2080,600.0
2082,700.0
2084,500.0
2086,500.0
2088,800.0
2090,700.0
2092,-10.0
2094,300.0
2096,600.0
2098,700.0
2100,400.0
2102,500.0
2104,600.0
2106,600.0
2108,400.0
2110,200.0
2112,600.0
2114,600.0
2116,600.0
2118,500.0
2120,600.0
2122,500.0
2124,600.0
2126,500.0
2128,400.0
2130,600.0
2132,200.0
2134,400.0
2136,600.0
2138,500.0
2140,600.0
2142,600.0
2144,500.0
2146,600.0
2148,500.0
2150,600.0
2152,500.0
2154,600.0
2156,700.0
2158,400.0
2160,700.0
2162,500.0
2164,600.0
2166,600.0
2168,500.0
2170,400.0
2172,600.0
2174,400.0
2176,400.0
2178,500.0
2180,600.0
2182,800.0
2184,700.0
2186,300.0
2188,600.0
2190,500.0
2192,500.0
2194,600.0
2196,500.0
2198,400.0
2200,500.0
2202,400.0
2204,800.0
2206,300.0
2208,500.0
2210,400.0
2212,500.0
2214,500.0
2216,390.0
2218,400.0
2220,500.0
2222,290.0
2224,500.0
2226,400.0
2228,500.0
2230,500.0
2232,500.0
2234,600.0
2236,500.0
2238,500.0
2240,600.0
2242,300.0
2244,500.0
2246,-10.0
2248,-10.0
2250,300.0
2252,500.0
2254,90.0
2256,290.0
2258,90.0
2260,700.0
2262,400.0
2264,290.0
2266,-10.0
2268,290.0
2270,190.0
2272,290.0
2274,600.0
2276,190.0
2278,500.0
2280,500.0
2282,-10.0
2284,-10.0
2286,190.0
2288,290.0
2290,290.0
2292,190.0
2294,190.0
2296,490.0
2298,-10.0
2300,400.0
2302,-10.0
2304,290.0
2306,190.0
2308,500.0
2310,-10.0
2312,90.0
2314,700.0
2316,290.0
2318,90.0
2320,600.0
2322,-10.0
2324,600.0
2326,390.0
2328,390.0
2330,500.0
2332,190.0
2334,-10.0
2336,390.0
2338,400.0
2340,390.0
2342,290.0
2344,190.0
2346,190.0
2348,-10.0
2350,90.0
2352,500.0
2354,400.0
2356,190.0
2358,400.0
2360,800.0
2362,190.0
2364,400.0
2366,400.0
2368,200.0
2370,290.0
2372,400.0
2374,400.0
2376,400.0
2378,400.0
2380,500.0
2382,400.0
2384,-10.0
2386,400.0
2388,500.0
2390,100.0
2392,400.0
2394,400.0
2396,300.0
2398,400.0
2400,500.0
2402,500.0
2404,300.0
2406,500.0
2408,400.0
2410,600.0
2412,500.0
2414,300.0
2416,500.0
2418,500.0
2420,600.0
2422,700.0
2424,400.0
2426,400.0
2428,300.0
2430,400.0
2432,400.0
2434,300.0
2436,300.0
2438,400.0
2440,200.0
2442,300.0
2444,600.0
2446,200.0
2448,400.0
2450,100.0
2452,200.0
2454,500.0
2456,100.0
2458,300.0
2460,300.0
2462,300.0
2464,500.0
2466,200.0
2468,300.0
2470,300.0
2472,400.0
2474,200.0
2476,300.0
2478,200.0
2480,300.0
2482,200.0
2484,500.0
2486,100.0
2488,400.0
2490,0.0
2492,200.0
2494,400.0
2496,400.0
2498,0.0
2500,300.0
2502,300.0
2504,200.0
2506,200.0
2508,200.0
2510,400.0
2512,400.0
2514,90.0
2516,-10.0
2518,200.0
2520,0.0
2522,300.0
2524,100.0
2526,300.0
2528,200.0
2530,100.0
2532,100.0
2534,300.0
2536,300.0
2538,500.0
2540,100.0
2542,100.0
2544,400.0
2546,100.0
2548,400.0
2550,700.0
2552,300.0
2554,200.0
2556,100.0
2558,100.0
2560,100.0
2562,500.0
2564,500.0
2566,400.0
2568,100.0
2570,300.0
2572,200.0
2574,100.0
2576,200.0
2578,0.0
2580,0.0
2582,300.0
2584,300.0
2586,300.0
2588,100.0
2590,100.0
2592,200.0
2594,100.0
2596,0.0
2598,200.0
2600,200.0
2602,200.0
2604,400.0
2606,300.0
2608,100.0
2610,100.0
2612,200.0
2614,100.0
2616,100.0
2618,300.0
2620,0.0
2622,100.0
2624,0.0
2626,200.0
2628,300.0
2630,200.0
2632,400.0
2634,300.0
2636,0.0
2638,100.0
2640,200.0
2642,500.0
2644,200.0
2646,300.0
2648,200.0
2650,0.0
2652,500.0
2654,0.0
2656,500.0
2658,600.0
2660,200.0
2662,100.0
2664,300.0
2666,100.0
2668,400.0
2670,0.0
2672,400.0
2674,300.0
2676,400.0
2678,400.0
2680,200.0
2682,0.0
2684,600.0
2686,200.0
2688,400.0
2690,700.0
2692,500.0
2694,100.0
2696,200.0
2698,400.0
2700,600.0
2702,200.0
2704,100.0
2706,100.0
2708,400.0
2710,200.0
2712,300.0
2714,500.0
2716,100.0
2718,300.0
2720,0.0
2722,700.0
2724,100.0
2726,0.0
2728,500.0
2730,300.0
2732,100.0
2734,200.0
2736,0.0
2738,300.0
2740,300.0
2742,100.0
2744,500.0
2746,400.0
2748,400.0
2750,-10.0
2752,100.0
2754,100.0
2756,400.0
2758,100.0
2760,200.0
2762,200.0
2764,100.0
2766,0.0
2768,300.0
2770,200.0
2772,600.0
2774,200.0
2776,300.0
2778,100.0
2780,700.0
2782,100.0
2784,500.0
2786,90.0
2788,200.0
2790,600.0
2792,500.0
2794,200.0
2796,90.0
2798,300.0
2800,500.0
2802,500.0
2804,400.0
2806,600.0
2808,90.0
2810,0.0
2812,0.0
2814,600.0
2816,500.0
2818,100.0
2820,300.0
2822,290.0
2824,0.0
2826,300.0
2828,600.0
2830,600.0
2832,500.0
2834,500.0
2836,700.0
2838,300.0
2840,100.0
2842,500.0
2844,300.0
2846,500.0
2848,100.0
2850,200.0
2852,400.0
2854,700.0
2856,400.0
2858,500.0
2860,400.0
2862,200.0
2864,500.0
2866,90.0
2868,400.0
2870,500.0
2872,600.0
2874,600.0
2876,400.0
2878,500.0
2880,600.0
2882,400.0
2884,200.0
2886,500.0
2888,-10.0
2890,500.0
2892,-10.0
2894,500.0
2896,500.0
2898,90.0
2900,500.0
2902,400.0
2904,500.0
2906,-10.0
2908,190.0
2910,-10.0
2912,190.0
2914,-10.0
2916,400.0
2918,-10.0
2920,90.0
2922,190.0
2924,190.0
2926,90.0
2928,500.0
2930,190.0
2932,700.0
2934,500.0
2936,800.0
2938,600.0
2940,90.0
2942,600.0
2944,400.0
2946,90.0
2948,90.0
2950,390.0
2952,600.0
2954,90.0
2956,90.0
2958,500.0
2960,700.0
2962,500.0
2964,500.0
2966,500.0
2968,500.0
2970,390.0
2972,400.0
2974,200.0
2976,400.0
2978,500.0
2980,190.0
2982,190.0
2984,400.0
2986,500.0
2988,400.0
2990,700.0
2992,600.0
2994,600.0
2996,500.0
2998,500.0
3000,500.0
3002,90.0
3004,500.0
3006,600.0
3008,500.0
3010,700.0
3012,500.0
3014,500.0
3016,90.0
3018,700.0
3020,600.0
3022,400.0
3024,500.0
3026,400.0
3028,400.0
3030,700.0
3032,400.0
3034,400.0
3036,300.0
3038,300.0
3040,400.0
3042,300.0
3044,500.0
3046,500.0
3048,500.0
3050,400.0
3052,400.0
3054,400.0
3056,400.0
3058,500.0
3060,700.0
3062,300.0
3064,500.0
3066,400.0
3068,400.0
3070,500.0
3072,600.0
3074,500.0
3076,400.0
3078,400.0
3080,200.0
3082,0.0
3084,600.0
3086,600.0
3088,400.0
3090,600.0
3092,600.0
3094,500.0
3096,600.0
3098,400.0
3100,500.0
3102,500.0
3104,500.0
3106,500.0
3108,400.0
3110,400.0
3112,600.0
3114,600.0
3116,600.0
3118,500.0
3120,400.0
3122,500.0
3124,400.0
3126,500.0
3128,700.0
3130,500.0
3132,500.0
3134,800.0
3136,400.0
3138,500.0
3140,700.0
3142,500.0
3144,500.0
3146,500.0
3148,600.0
3150,600.0
3152,700.0
3154,600.0
3156,700.0
3158,500.0
3160,700.0
3162,600.0
3164,500.0
3166,500.0
3168,600.0
3170,400.0
3172,500.0
3174,400.0
3176,500.0
3178,500.0
3180,500.0
3182,700.0
3184,600.0
3186,600.0
3188,500.0
3190,400.0
3192,600.0
3194,400.0
3196,500.0
3198,400.0
3200,600.0
3202,500.0
3204,700.0
3206,600.0
3208,500.0
3210,400.0
3212,500.0
3214,500.0
3216,600.0
3218,600.0
3220,500.0
3222,400.0
3224,500.0
3226,400.0
3228,500.0
3230,600.0
3232,600.0
3234,500.0
3236,400.0
3238,400.0
3240,500.0
3242,400.0
3244,400.0
3246,600.0
3248,500.0
3250,500.0
3252,500.0
3254,400.0
3256,500.0
3258,500.0
3260,600.0
3262,500.0
3264,500.0
3266,600.0
3268,400.0
3270,600.0
3272,500.0
3274,500.0
3276,500.0
3278,500.0
3280,400.0
3282,400.0
3284,500.0
3286,500.0
3288,600.0
3290,400.0
3292,700.0
3294,500.0
3296,500.0
3298,700.0
3300,600.0
3302,400.0
3304,400.0
3306,500.0
3308,500.0
3310,600.0
3312,390.0
3314,600.0
3316,290.0
3318,600.0
3320,290.0
3322,90.0
3324,390.0
3326,-10.0
3328,500.0
3330,600.0
3332,-10.0
3334,500.0
3336,600.0
3338,700.0
3340,290.0
3342,600.0
3344,200.0
3346,300.0
3348,600.0
3350,200.0
3352,-10.0
3354,600.0
3356,400.0
3358,500.0
3360,500.0
3362,-10.0
3364,500.0
3366,400.0
3368,500.0
3370,600.0
3372,500.0
3374,700.0
3376,-10.0
3378,600.0
3380,300.0
3382,300.0
3384,300.0
3386,400.0
3388,400.0
3390,600.0
3392,400.0
3394,300.0
3396,300.0
3398,300.0
3400,0.0
3402,300.0
3404,290.0
3406,400.0
3408,400.0
3410,100.0
3412,500.0
3414,500.0
3416,400.0
3418,400.0
3420,500.0
3422,500.0
3424,400.0
3426,400.0
3428,600.0
3430,400.0
3432,700.0
3434,200.0
3436,600.0
3438,400.0
3440,600.0
3442,600.0
3444,400.0
3446,500.0
3448,400.0
3450,700.0
3452,700.0
3454,400.0
3456,500.0
3458,600.0
3460,200.0
3462,500.0
3464,600.0
3466,600.0
3468,300.0
3470,700.0
3472,700.0
3474,400.0
3476,500.0
3478,600.0
3480,700.0
3482,500.0
3484,500.0
3486,400.0
3488,600.0
3490,200.0
3492,500.0
3494,500.0
3496,500.0
3498,300.0
3500,600.0
3502,300.0
3504,500.0
3506,400.0
3508,500.0
3510,100.0
3500,300.0
3502,300.0
3504,500.0
3506,400.0
3508,500.0
3510,400.0
3512,500.0
3514,500.0
3516,400.0
3518,500.0
3520,-10.0
3522,500.0
3524,300.0
3526,400.0
3528,500.0
3530,200.0
3532,300.0
3534,400.0
3536,400.0
3538,500.0
3540,100.0
3542,600.0
3544,300.0
3546,300.0
3548,600.0
3550,300.0
3552,200.0
3554,400.0
3556,500.0
3558,400.0
3560,500.0
3562,400.0
3564,500.0
3566,300.0
3568,100.0
3570,600.0
3572,200.0
3574,200.0
3576,100.0
3578,100.0
3580,600.0
3582,600.0
3584,600.0
3586,400.0
3588,400.0
3590,400.0
3592,500.0
3594,-10.0
3596,400.0
3598,400.0
3600,700.0
3602,500.0
3604,200.0
3606,600.0
3608,500.0
3610,400.0
3612,500.0
3614,400.0
3616,500.0
3618,400.0
3620,400.0
3622,500.0
3624,600.0
3626,400.0
3628,500.0
3630,500.0
3632,400.0
3634,400.0
3636,200.0
3638,500.0
3640,400.0
3642,300.0
3644,400.0
3646,300.0
3648,300.0
3650,700.0
3652,0.0
3654,600.0
3656,500.0
3658,600.0
3660,190.0
3662,500.0
3664,500.0
3666,600.0
3668,500.0
3670,300.0
3672,600.0
3674,400.0
3676,700.0
3678,500.0
3680,600.0
3682,500.0
3684,700.0
3686,400.0
3688,600.0
3690,600.0
3692,400.0
3694,500.0
3696,500.0
3698,600.0
3700,700.0
3702,500.0
3704,500.0
3706,600.0
3708,600.0
3710,500.0
3712,90.0
3714,500.0
3716,600.0
3718,500.0
3720,500.0
3722,400.0
3724,500.0
3726,600.0
3728,500.0
3730,500.0
3732,600.0
3734,600.0
3736,600.0
3738,-10.0
3740,600.0
3742,500.0
3744,400.0
3746,500.0
3748,400.0
3750,0.0
3752,600.0
3754,500.0
3756,600.0
3758,600.0
3760,200.0
3762,400.0
3764,500.0
3766,600.0
3768,600.0
3770,500.0
3772,600.0
3774,600.0
3776,400.0
3778,300.0
3780,400.0
3782,400.0
3784,600.0
3786,400.0
3788,500.0
3790,500.0
3792,500.0
3794,700.0
3796,700.0
3798,900.0
3800,600.0
3802,300.0
3804,400.0
3806,400.0
3808,400.0
3810,500.0
3812,500.0
3814,400.0
3816,300.0
3818,200.0
3820,500.0
3822,400.0
3824,500.0
3826,400.0
3828,500.0
3830,400.0
3832,800.0
3834,300.0
3836,600.0
3838,500.0
3840,700.0
3842,600.0
3844,400.0
3846,400.0
3848,600.0
3850,700.0
3852,400.0
3854,500.0
3856,400.0
3858,600.0
3860,400.0
3862,500.0
3864,300.0
3866,600.0
3868,500.0
3870,500.0
3872,500.0
3874,300.0
3876,500.0
3878,400.0
3880,700.0
3882,400.0
3884,500.0
3886,400.0
3888,500.0
3890,400.0
3892,90.0
3894,600.0
3896,400.0
3898,400.0
3900,500.0
3902,400.0
3904,500.0
3906,600.0
3908,600.0
3910,500.0
3912,500.0
3914,600.0
3916,600.0
3918,500.0
3920,90.0
3922,700.0
3924,90.0
3926,300.0
3928,500.0
3930,400.0
3932,500.0
3934,500.0
3936,500.0
3938,700.0
3940,700.0
3942,600.0
3944,700.0
3946,600.0
3948,500.0
3950,700.0
3952,600.0
3954,-10.0
3956,600.0
3958,600.0
3960,500.0
3962,500.0
3964,500.0
3966,500.0
3968,400.0
3970,400.0
3972,700.0
3974,400.0
3976,500.0
3978,390.0
3980,600.0
3982,400.0
3984,-10.0
3986,700.0
3988,600.0
3990,-10.0
3992,190.0
3994,600.0
3996,600.0
3998,-10.0
4000,290.0
4002,400.0
4004,600.0
4006,600.0
4008,500.0
4010,700.0
4012,600.0
4014,300.0
4016,400.0
4018,300.0
4020,800.0
4022,100.0
4024,300.0
4026,100.0
4028,400.0
4030,0.0
4032,500.0
4034,200.0
4036,200.0
4038,200.0
4040,400.0
4042,400.0
4044,500.0
4046,300.0
4048,100.0
4050,500.0
4052,100.0
4054,200.0
4056,0.0
4058,200.0
4060,0.0
4062,300.0
4064,300.0
4066,0.0
4068,0.0
4070,500.0
4072,400.0
4074,0.0
4076,200.0
4078,100.0
4080,500.0
4082,600.0
4084,200.0
4086,200.0
4088,100.0
4090,200.0
4092,300.0
4094,500.0
4096,300.0
4098,100.0
4100,0.0
4102,700.0
4104,500.0
4106,400.0
4108,100.0
4110,600.0
4112,400.0
4114,300.0
4116,400.0
4118,0.0
4120,100.0
4122,100.0
4124,0.0
4126,500.0
4128,400.0
4130,400.0
4132,600.0
4134,400.0
4136,300.0
4138,400.0
4140,400.0
4142,700.0
4144,400.0
4146,500.0
4148,400.0
4150,100.0
4152,400.0
4154,-10.0
4156,500.0
4158,200.0
4160,400.0
4162,300.0
4164,500.0
4166,200.0
4168,200.0
4170,500.0
4172,300.0
4174,400.0
4176,500.0
4178,400.0
4180,400.0
4182,300.0
4184,300.0
4186,300.0
4188,200.0
4190,0.0
4192,600.0
4194,0.0
4196,200.0
4198,300.0
4200,200.0
4202,400.0
4204,300.0
4206,100.0
4208,400.0
4210,0.0
4212,0.0
4214,300.0
4216,300.0
4218,400.0
4220,400.0
4222,600.0
4224,0.0
4180,400.0
4182,300.0
4184,200.0
4186,-10.0
4188,200.0
4190,0.0
4192,-10.0
4194,90.0
4196,200.0
4198,0.0
4200,0.0
4202,400.0
4204,90.0
4206,90.0
4208,-10.0
4210,300.0
4212,100.0
4214,100.0
4216,190.0
4218,90.0
4220,100.0
4222,300.0
4224,-10.0
4226,190.0
4228,400.0
4230,100.0
4232,600.0
4234,200.0
4236,200.0
4238,100.0
4240,200.0
4242,500.0
4244,100.0
4246,300.0
4248,300.0
4250,0.0
4252,100.0
4254,400.0
4256,200.0
4258,300.0
4260,400.0
4262,0.0
4264,700.0
4266,600.0
4268,200.0
4270,300.0
4272,0.0
4274,300.0
4276,500.0
4278,400.0
4280,400.0
4282,500.0
4284,0.0
4286,400.0
4288,400.0
4290,400.0
4292,300.0
4294,600.0
4296,200.0
4298,400.0
4300,100.0
4302,200.0
4304,300.0
4306,500.0
4308,500.0
4310,500.0
4312,600.0
4314,500.0
4316,500.0
4318,-10.0
4320,-10.0
4322,90.0
4324,600.0
4326,400.0
4328,300.0
4330,290.0
4332,300.0
4334,500.0
4336,290.0
4338,-10.0
4340,600.0
4342,500.0
4344,400.0
4346,500.0
4348,500.0
4350,490.0
4352,400.0
4354,300.0
4356,400.0
4358,500.0
4360,500.0
4362,300.0
4364,500.0
4366,300.0
4368,500.0
4370,400.0
4372,-10.0
4374,400.0
4376,400.0
4378,400.0
4380,0.0
4382,190.0
4384,90.0
4386,600.0
4388,390.0
4390,600.0
4392,600.0
4394,600.0
4396,600.0
4398,500.0
4400,500.0
4402,-10.0
4404,490.0
4406,500.0
4408,90.0
4410,290.0
4412,-10.0
4414,90.0
4416,390.0
4418,90.0
4420,290.0
4422,190.0
4424,500.0
4426,400.0
4428,-10.0
4430,190.0
4432,90.0
4434,-10.0
4436,190.0
4438,500.0
4440,190.0
4442,390.0
4444,500.0
4446,90.0
4448,290.0
4450,-10.0
4452,290.0
4454,-10.0
4456,190.0
4458,300.0
4460,100.0
4462,100.0
4464,100.0
4466,0.0
4468,300.0
4470,0.0
4472,200.0
4474,300.0
4476,0.0
4478,100.0
4480,0.0
4482,100.0
4484,100.0
4486,0.0
4488,100.0
4490,0.0
4492,0.0
4494,0.0
4496,200.0
4498,200.0
4500,0.0
4502,100.0
4504,200.0
4506,300.0
4508,0.0
4510,300.0
4512,0.0
4514,200.0
4516,100.0
4518,200.0
4520,0.0
4522,100.0
4524,100.0
4526,100.0
4528,500.0
4530,300.0
4532,100.0
4534,100.0
4536,100.0
4538,100.0
4540,400.0
4542,300.0
4544,400.0
4546,400.0
4548,300.0
4550,300.0
4552,300.0
4554,300.0
4556,500.0
4558,200.0
4560,100.0
4562,300.0
4564,400.0
4566,400.0
4568,300.0
4570,300.0
4572,200.0
4574,400.0
4576,0.0
4578,500.0
4580,500.0
4582,400.0
4584,500.0
4586,300.0
4588,400.0
4590,200.0
4592,500.0
4594,300.0
4596,400.0
4598,500.0
4600,300.0
4602,400.0
4604,600.0
4606,300.0
4608,400.0
4610,400.0
4612,300.0
4614,200.0
4616,400.0
4618,300.0
4620,500.0
4622,400.0
4624,300.0
4626,500.0
4628,400.0
4630,500.0
4632,300.0
4634,300.0
4636,500.0
4638,500.0
4640,600.0
4642,400.0
4644,300.0
4646,500.0
4648,400.0
4650,700.0
4652,300.0
4654,300.0
4656,400.0
4658,290.0
4660,300.0
4662,500.0
4664,300.0
4666,400.0
4668,390.0
4670,400.0
4672,300.0
4674,-10.0
4676,300.0
4678,700.0
4680,290.0
4682,-10.0
4684,400.0
4686,200.0
4688,400.0
4690,400.0
4692,500.0
4680,700.0
4682,400.0
4684,90.0
4686,500.0
4688,100.0
4690,-10.0
4692,400.0
4694,90.0
4696,200.0
4698,-10.0
4700,500.0
4702,-10.0
4704,-10.0
4706,200.0
4708,400.0
4710,0.0
4712,-10.0
4714,90.0
4716,-10.0
4718,0.0
4720,0.0
4722,-10.0
4724,100.0
4726,0.0
4728,200.0
4730,600.0
4732,400.0
4734,0.0
4736,500.0
4738,400.0
4740,300.0
4742,100.0
4744,400.0
4746,300.0
4748,200.0
4750,300.0
4752,500.0
4754,400.0
4756,300.0
4758,200.0
4760,0.0
4762,300.0
4764,200.0
4766,500.0
4768,400.0
4770,0.0
4772,300.0
4774,0.0
4776,100.0
4778,300.0
4780,300.0
4782,0.0
4784,200.0
4786,400.0
4788,300.0
4790,200.0
4792,0.0
4794,300.0
4796,300.0
4798,100.0
4800,0.0
4802,100.0
4804,-10.0
4806,-10.0
4808,200.0
4810,300.0
4812,-10.0
4814,400.0
4816,100.0
4818,400.0
4820,0.0
4822,500.0
4824,300.0
4826,200.0
4828,200.0
4830,400.0
4832,300.0
4834,500.0
4836,200.0
4838,200.0
4820,100.0
4822,300.0
4824,90.0
4826,-10.0
4828,200.0
4830,0.0
4832,200.0
4834,-10.0
4836,-10.0
4838,500.0
4840,0.0
4842,100.0
4844,0.0
4846,300.0
4848,200.0
4850,100.0
4852,100.0
4854,300.0
4856,200.0
4858,300.0
4860,0.0
4862,200.0
4864,200.0
4866,100.0
4868,0.0
4870,100.0
4872,400.0
4874,300.0
4876,300.0
4878,100.0
4880,100.0
4882,300.0
4884,100.0
4886,0.0
