-1.3965583966e-22,1.14858654076e-24,2.48501876581
-4.02367955693e-22,-2.35276831096e-24,2.4806443051
-7.39927686198e-22,5.12057624806e-24,2.47575955084
-1.15714962027e-21,2.81368390512e-23,2.47036501678
-1.62331733341e-21,6.94792201902e-23,2.46446083645
-2.11804929226e-21,1.27541140844e-22,2.4580469793
-2.69697916178e-21,2.2327263692e-22,2.4511233418
-3.31967120132e-21,3.0731695528e-22,2.44368978589
-3.99264583969e-21,3.98019018104e-22,2.43574615514
-4.69404401486e-21,5.14763022389e-22,2.42729228161
-5.46415430506e-21,6.84717068626e-22,2.41832798872
-6.24799137861e-21,8.87280803815e-22,2.40885309242
-7.09035374242e-21,1.08776589081e-21,2.39886740175
-8.017596589e-21,1.28620360558e-21,2.38837071899
-9.05691824746e-21,1.44786650161e-21,2.37736283979
-1.01271724446e-20,1.61967553502e-21,2.36584355316
-1.12621134813e-20,1.83185672859e-21,2.35381264148
-1.24628830421e-20,2.09689392403e-21,2.34126988054
-1.37189982832e-20,2.3616786024e-21,2.32821503946
-1.49870169028e-20,2.60076302169e-21,2.31464788073
-1.63072250748e-20,2.82937493261e-21,2.30056816018
-6.32893640388e-11,3.08348580009e-21,2.28635985888
-2.09902047266e-11,7.08740656208e-13,2.27234567579
4.42786082454e-10,6.66271126097e-13,2.2586138315
1.59328569921e-09,-4.31442575466e-12,2.24515765775
3.62295832081e-09,-1.96658215204e-11,2.23194742053
6.70243613121e-09,-5.03858919225e-11,2.21894383251
1.09856378896e-08,-1.0094952558e-10,2.20612421314
1.65905703639e-08,-1.77087290025e-10,2.19347588347
2.36454267066e-08,-2.80610240345e-10,2.18099207082
3.23687685657e-08,-4.12742918852e-10,2.16866995778
4.29949340839e-08,-5.76388888857e-10,2.15650839519
5.57348366767e-08,-7.76500912567e-10,2.1445069373
7.08727593038e-08,-1.01733554529e-09,2.1326584352
8.86982129774e-08,-1.30121256711e-09,2.12096012648
1.0945674584e-07,-1.63202780927e-09,2.10941102452
1.33377219466e-07,-2.01437219389e-09,2.09801084307
1.60778172045e-07,-2.45010285408e-09,2.08675231152
1.9197106566e-07,-2.94173504292e-09,2.07563266719
2.27194409048e-07,-3.49367503506e-09,2.06465095489
2.66691832712e-07,-4.10952122509e-09,2.05380692091
3.10812483494e-07,-4.7903935531e-09,2.04310056747
3.59897804949e-07,-5.53757646702e-09,2.03252749729
4.14185137626e-07,-6.35434061096e-09,2.02208609702
4.73909185092e-07,-7.24228066954e-09,2.01177582869
5.39395091651e-07,-8.20085012919e-09,2.00159656935
6.10947125207e-07,-9.23020589838e-09,1.9915483457
6.88764044409e-07,-1.03301602181e-08,1.98162705478
7.73062508308e-07,-1.14990949544e-08,1.97183114731
8.64120292817e-07,-1.27344342421e-08,1.96216009603
9.62170424976e-07,-1.40339313664e-08,1.95261377097
1.06738426345e-06,-1.53941312639e-08,1.94319218734
1.17993263482e-06,-1.68089647628e-08,1.93389136566
1.30003291824e-06,-1.8274416776e-08,1.92470979577
1.42785100319e-06,-1.97863330714e-08,1.9156469601
1.56351076359e-06,-2.13383447448e-08,1.90670272751
1.70712340444e-06,-2.29224788292e-08,1.8978732184
1.85883564758e-06,-2.45331809852e-08,1.8891569671
2.0187482512e-06,-2.61637140366e-08,1.88055347565
2.18693712569e-06,-2.78048836828e-08,1.8720626211
2.3634375403e-06,-2.94473216468e-08,1.86367983495
2.54831907239e-06,-3.10841387459e-08,1.85540338204
2.74162090465e-06,-3.27064401325e-08,1.84723266375
2.9433707013e-06,-3.43031902235e-08,1.83916752253
3.15360574473e-06,-3.58649431589e-08,1.83120796158
3.37227974509e-06,-3.73819665488e-08,1.82334974205
3.59936592388e-06,-3.88452808952e-08,1.81559124948
3.8348446115e-06,-4.02452026263e-08,1.80793192354
4.07869510591e-06,-4.1574547018e-08,1.80037161385
4.33080274596e-06,-4.282715473e-08,1.79290554367
4.5910935625e-06,-4.3993167547e-08,1.78553188898
4.85950792767e-06,-4.50634434418e-08,1.77825000475
5.13597923696e-06,-4.60320198983e-08,1.77105971383
5.42042319283e-06,-4.68934555431e-08,1.76396100986
-1.4350500332e-19,-1.45674049851e-18,2.5
1.02540277521e-07,8.57358621484e-12,2.49698225837
2.4827424995e-07,3.16956211468e-11,2.49355320246
4.12005070071e-07,5.96438403214e-11,2.49000146837
5.8311179619e-07,8.83105885439e-11,2.48644882779
7.57101954736e-07,1.14487035483e-10,2.48294667373
-1.66111185637e-06,3.03346035254e-06,2.47941203726
-5.86885015958e-06,8.17683306755e-06,2.47581585447
-1.15314032317e-05,1.50481818669e-05,2.47214913187
-1.85106367384e-05,2.34959701202e-05,2.46840994408
-2.68889791017e-05,3.3631807013e-05,2.46470235784
-3.66774410634e-05,4.54806370713e-05,2.46105161137
-4.78678355324e-05,5.90460417441e-05,2.45745708845
-6.04524094585e-05,7.43351653385e-05,2.45391428996
-7.44279515944e-05,9.13603788347e-05,2.45041939372
-8.97953280635e-05,0.00011013679975,2.44696992115
-0.00010656030989,0.000130692610662,2.4435652809
-0.00012472474934,0.000153051354314,2.4402048415
-0.000144291140118,0.00017723528024,2.4368881676
-0.000165263259701,0.000203264242244,2.43361500238
-0.00018764376405,0.000231161331194,2.43038370838
-0.000211434439317,0.000260952311143,2.42719364297
-0.000236637427239,0.000292661049971,2.42404456864
-0.000263255374773,0.000326306520764,2.42093640915
-0.000291290346272,0.000361908732897,2.41786914988
-0.000320742405362,0.000399491429379,2.41484145075
-0.000351611358724,0.000439074510737,2.41185279738
-0.000383897083243,0.000480671910695,2.40890300811
-0.000417598727976,0.000524297147128,2.40599203133
-0.00045271318658,0.000569964803037,2.40311858934
-0.000489237517864,0.000617687399786,2.4002821884
-0.000527166308087,0.000667468607819,2.39748118569
-0.000566494518121,0.000719312705597,2.39471495837
-0.000607216945113,0.000773225634811,2.39198329164
-0.00064932812717,0.000829211303101,2.38928612806
-0.000692820032801,0.000887266733313,2.38662234255
-0.000737684387402,0.000947388690767,2.38399151133
-0.000783912911871,0.00100957374518,2.38139349066
-0.000831497193882,0.00107381589487,2.37882824448
-0.000880426619494,0.0011401044638,2.37629525553
-0.000930689682457,0.00120842883073,2.37379433414
-0.000982275018931,0.00127877684075,2.37132542047
-0.00103517146986,0.00135113297752,2.36888850388
-0.00108936632412,0.00142547984929,2.36648359082
-0.00114484332533,0.00150179638506,2.36410967824
-0.00120158762183,0.00158006184521,2.36176638021
-0.00125958550346,0.00166025210902,2.35945355982
-0.00131882190831,0.00174234229954,2.35717117767
-0.00137927798729,0.00182630559811,2.35491823447
-0.00144093627015,0.00191211541676,2.35269434341
-0.00150377961804,0.00199973847054,2.35049821637
-0.00156779108864,0.00208914353913,2.34832936447
-0.00163295171035,0.00218030341195,2.34618761867
-0.00169924264926,0.0022731896472,2.3440729334
-0.00176664544285,0.002367765001,2.34198421699
-0.00183514240729,0.00246399430594,2.33992105492
-0.00190471372306,0.00256184775052,2.33788330385
-0.00197533937212,0.00266129573223,2.33587092519
-0.00204700155406,0.0027623031841,2.33388391808
-0.00211968221358,0.00286483220042,2.33192209674
-0.00219336115585,0.00296885095854,2.32998539709
-0.00226801747224,0.00307432947889,2.32807380245
-0.00234363253293,0.00318123269637,2.32618731353
-0.00242018766647,0.00328952090979,2.32432514822
-0.00249766271186,0.00339916106822,2.32248700516
-0.00257603645817,0.00351012376913,2.32067277703
-0.00265528988979,0.00362237549623,2.31888243253
-0.00273540551885,0.0037358792977,2.31711596859
-0.00281636257745,0.00385059954317,2.31537170743
-0.00289813996193,0.00396650746943,2.31364899252
-0.00298071883128,0.00408357232917,2.3119475855
-0.00306408260062,0.00420175986294,2.31026741221
-0.00314821316574,0.00432103845285,2.30860793089
-0.00323309092504,0.00444138252809,2.30696894189
-0.00331869772307,0.00456276545873,2.3053503814
-0.00340501787531,0.00468515644503,2.30375191459
-0.00349203525906,0.00480852708197,2.30217341984
-0.00357973187253,0.00493285449486,2.3006148596
-0.00366809043192,0.00505811587581,2.29907622783
-0.00375709616463,0.00518428482248,2.29755706054
-0.00384673448402,0.00531133575767,2.29605718148
-0.00393698880435,0.00543924785161,2.29457591846
-0.00402784292046,0.00556800176049,2.29311301598
-0.00411928308857,0.00569757527946,2.29166838546
-0.00421129637312,0.00582794602982,2.290242003
-0.00430386839143,0.00595909601033,2.28883328454
-0.00439698440334,0.00609100921078,2.28744200815
-0.00449063171346,0.00622366742194,2.28606809701
-0.0045847988779,0.00635705148521,2.28471153049
-0.00467947338024,0.0064911455448,2.28337230832
-0.00477464227486,0.00662593678752,2.28204989136
-0.00487029393484,0.0067614106041,2.2807440731
-0.00496641816439,0.00689755086149,2.27945478089
-0.00506300410537,0.00703434359094,2.27818199426
-0.00516004020451,0.00717177790374,2.27692518549
-0.00525751587909,0.00730984209906,2.27568415363
-0.00535542201762,0.00744852281818,2.27445882802
-0.00545374909728,0.00758780750686,2.27324918904
-0.00555248649528,0.00772768594922,2.27205523572
-0.00565162405129,0.00786814789775,2.270876973
-0.00575441749253,0.00800996376256,2.26971379084
-0.00585995336742,0.00815291047912,2.26856544967
-0.00596784381357,0.00829689293156,2.26743186333
-0.00607792426844,0.00844186996812,2.2663130059
-0.0061901259668,0.00858782312014,2.26520887383
-0.00630466873156,0.00873489932532,2.26410645445
-0.00642141702035,0.00888301267749,2.26299734418
-0.00654012456806,0.00903203637877,2.26187681754
-0.00666050045479,0.00918183928359,2.26074246483
-0.00678223037463,0.0093322668589,2.2595931643
-0.00690483268804,0.00948304132465,2.25845299925
-0.00702792986104,0.00963398587425,2.25732305334
-0.00715116490602,0.00978494466098,2.25619951521
-0.00727418860195,0.0099357383363,2.25507888301
-0.00739655216677,0.0100861852777,2.2539597261
-0.00751783202772,0.010236154192,2.25284077483
-0.00763761913053,0.0103855260074,2.25172124922
-0.0077555566946,0.0105341619612,2.25060068964
-0.00787129359843,0.0106819433882,2.24947885688
-0.00798443949944,0.0108288039646,2.24835563829
-0.00809457489405,0.0109746955936,2.24723069244
-0.0082013493425,0.0111195653955,2.24610385899
-0.00830444508105,0.0112633755127,2.24497506719
-0.00840349648194,0.0114061295798,2.24384463769
-0.00849815022952,0.0115478518806,2.24271258691
-0.00858810354831,0.0116885672405,2.24157887112
-0.00867309599163,0.011828315546,2.2404434497
-0.00875270827215,0.0119671625523,2.23931744419
-0.0088266292681,0.0121051779315,2.2382023121
-0.00889461382413,0.0122424351805,2.23709720116
-0.00895646815307,0.0123790235411,2.2360010967
-0.0090119971666,0.0125150454427,2.23491328045
-0.00906098590009,0.0126506208429,2.23383347955
-0.00910324068068,0.0127858509659,2.23276141619
-0.00913861330242,0.0129208491731,2.23169690429
-0.00916696907769,0.0130557384276,2.23063983624
-0.00918817308183,0.0131906484405,2.22958983184
-0.00920209823758,0.0133256870694,2.22854671743
-0.00920865339114,0.0134609719688,2.22751041754
-0.00920776620606,0.0135966291648,2.22648090133
-0.00919937481073,0.013732778681,2.22545772278
-0.00918341960226,0.0138695220466,2.2244407807
-0.00915986496633,0.0140069666948,2.22343010004
-0.00912869070551,0.0141452245768,2.22242567475
-0.00908988015892,0.0142843923628,2.22142749603
-0.00904342634695,0.0144245489704,2.22043555835
-0.00898944476336,0.0145657732765,2.21944513941
-0.00892799046031,0.0147081582122,2.21845435351
-0.00885909727889,0.014851787239,2.21746248489
-0.0087827981089,0.0149967246976,2.21646928885
-0.00869913463231,0.0151430321723,2.21547470254
-0.00860816502592,0.0152907794327,2.21447856997
-0.00850994089507,0.0154400299259,2.21348084846
-0.00840451942361,0.0155908300712,2.21248153574
-0.00829196629283,0.015743219927,2.21148064181
-0.008172355999,0.0158972435111,2.2104780378
-0.00804575606478,0.0160529428987,2.20947381141
-0.00791223881104,0.0162103461225,2.20846813495
-0.00777188602156,0.0163694725845,2.20746104236
-0.00762477918397,0.0165303425317,2.20645253149
-0.00747099676514,0.0166929737649,2.20544259455
-0.00731062571209,0.0168573746234,2.20443134424
-0.00714376315991,0.0170235473,2.20341877755
-0.00697050609125,0.0171914926539,2.20240487171
-0.00679094472394,0.0173612075075,2.20138960819
-0.00660517481694,0.0175326792719,2.20037315575
-0.00641330283479,0.0177058945512,2.19935550737
-0.00621543718874,0.0178808394631,2.19833662666
-0.00601167710008,0.0180574947612,2.19731648433
-0.00580212130356,0.0182358349751,2.19629506234
-0.00558688155474,0.0184158281536,2.1952731013
-0.00536606778306,0.0185974524435,2.19425073143
-0.0051397796327,0.0187806813936,2.19322792609
-0.00490811165142,0.0189654816312,2.19220463745
-0.00467116872823,0.0191518189322,2.19118094238
-0.00442905975195,0.0193396648762,2.19015698073
-0.00418188453913,0.0195289872317,2.18913291153
-0.00392973544696,0.0197197470169,2.18810873385
-0.00367271012854,0.0199119072144,2.18708441711
-0.00341091511664,0.0201054378336,2.1860599355
-0.00314445619825,0.0203003046804,2.18503508169
-0.00287342475794,0.0204964663064,2.18400977451
-0.00259791175606,0.0206938814604,2.18298398389
-0.00231801668683,0.0208925177663,2.18195770019
-0.00203383771782,0.0210923419046,2.1809310241
-0.00174546248561,0.0212933142009,2.17990394314
-0.00145297522503,0.0214953926879,2.1788764286
-0.00115646746824,0.021698544409,2.17784845888
-0.000856023917775,0.0219027393039,2.17682057406
-0.000551727695916,0.0221079429463,2.17579296496
-0.000243657948126,0.022314116414,2.17476574824
6.80984995973e-05,0.0225212277468,2.17373888352
0.000383444447426,0.02272925166,2.17271199429
0.000702292771286,0.0229381595027,2.17168493111
0.00102456599908,0.023147915938,2.17065763713
0.00135018431861,0.0233584900961,2.16963009257
0.00167906198315,0.0235698606427,2.16860246031
0.00201111627765,0.0237820049024,2.16757476274
0.0023462736991,0.0239948928233,2.16654698918
0.00268446116763,0.024208495521,2.16551912653
0.0030255007246,0.0244244680043,2.16449122802
0.00336934243545,0.0246423300002,2.16346328161
0.00371592918892,0.0248618649791,2.1624352687
0.0040652008681,0.0250829697801,2.16140717576
0.0044170893897,0.0253055978288,2.16037899488
0.00477152193925,0.0255297281405,2.15935059235
0.00512843425084,0.0257553447753,2.15832191631
0.00548776860578,0.025982433673,2.15729294782
0.00584946422077,0.0262109885499,2.15626368083
0.00621345798441,0.0264410130625,2.15523429626
0.00657969161064,0.026672505755,2.15420482114
0.0069481140714,0.0269054616715,2.15317524507
0.00731867329047,0.0271398788624,2.15214555401
0.00769131653035,0.0273757641369,2.151116092
0.00806599228403,0.0276131205167,2.1500870722
0.00844264973919,0.0278519446529,2.14905814719
0.00882124212777,0.0280922342497,2.148029177
0.00920171944943,0.0283339908173,2.14700010694
0.00958403258209,0.0285772167087,2.14597091705
0.00996813960472,0.0288219128188,2.14494162353
0.0103540019051,0.0290680771591,2.14391221843
0.010741577635,0.0293157096411,2.14288269232
0.0111308237686,0.0295648114854,2.14185303899
0.011521703317,0.0298153824234,2.14082329926
0.0119141831399,0.0300674189696,2.1397934659
0.0123082282486,0.0303209184663,2.13876352529
0.0127038016118,0.0305758799339,2.13773346736
0.013100869845,0.0308323008243,2.13670328629
0.0134994067822,0.0310901769966,2.13567358229
0.0138993849112,0.0313495024521,2.13464442655
0.0143007745154,0.0316102726304,2.1336157683
0.0147035482409,0.0318724821853,2.13258755063
0.0151076834207,0.0321361221763,2.13155962722
0.0155131589563,0.0324011829522,2.13053193814
0.0159199539781,0.0326676569376,2.12950459853
0.016328047123,0.0329355368185,2.12847762591
0.0167374204397,0.0332048122832,2.12745101404
0.0171480579001,0.0334754708345,2.12642475431
0.0175599428681,0.0337475006369,2.12539873335
0.0179730591828,0.0340208914138,2.1243729067
0.0183873933923,0.0342956308259,2.12334725783
0.018802934062,0.0345717039324,2.12232178128
0.0192196798217,0.0348490982196,2.12129725365
0.0196376179651,0.0351278003083,2.12027381272
0.0200567346424,0.0354077949042,2.11925143146
0.0204770171035,0.0356890632413,2.11823006024
0.0208984528337,0.0359715858263,2.11720966114
0.0213210262814,0.0362553434975,2.11618994498
0.0217447243098,0.0365403181232,2.1151706868
0.0221695365326,0.0368264893835,2.11415180024
0.0225954534968,0.0371138361681,2.11313325465
0.0230224661857,0.0374023402137,2.11211504103
0.0234505726665,0.037691984711,2.1110977285
0.0238797647678,0.0379827495648,2.11008142805
0.0243100330553,0.0382746123947,2.10906612859
0.0247413681685,0.0385675528818,2.10805179965
0.0251737611883,0.038861552847,2.10703841686
0.0256072045277,0.0391565911575,2.10602595805
0.0260416892787,0.0394526448944,2.10501440697
0.0264772062909,0.0397496926242,2.10400375403
0.0269137464911,0.0400477159037,2.1029939942
0.0273513024007,0.0403466943943,2.10198522645
0.0277898643968,0.0406466057101,2.10097746571
0.0282294222629,0.0409474278784,2.09997070647
0.0286699655679,0.0412491423331,2.09896494129
0.0291114835827,0.0415517309033,2.09796016476
0.0295539652531,0.0418551715765,2.0969563382
0.0299973992697,0.042159442102,2.09595344498
0.0304417740088,0.0424645237929,2.09495147843
0.0308870774105,0.0427703998278,2.09395043606
0.0313332962834,0.0430770504452,2.09295040643
0.0317804158252,0.04338445349,2.09195104711
0.0322284230106,0.0436925908742,2.09095212159
0.0326773067308,0.0440014484369,2.08995353992
0.0331270571021,0.0443110110689,2.08895527059
0.033577665174,0.0446212619874,2.08795730463
0.0340291224446,0.0449321867489,2.08695964124
0.0344814263976,0.045243775701,2.08596284963
0.0349345687387,0.0455560171018,2.08496703811
0.0353885403953,0.0458688970107,2.0839721932
0.0358433324464,0.0461824022862,2.08297828278
0.0362989383085,0.0464965237577,2.08198541733
0.0367553485598,0.0468112516559,2.08099360214
0.0372125535049,0.0471265741771,2.08000282096
0.0376705434972,0.0474424790757,2.07901305877
0.0381293074059,0.0477589563284,2.07802417757
0.0385888309212,0.0480759975732,2.07703600586
0.0390491046482,0.0483935926753,2.0760484436
0.0395101211288,0.0487117308109,2.07506144453
0.0399718732181,0.0490304033045,2.07407498882
0.0404343539682,0.0493496035305,2.07308906888
0.0408975614155,0.0496693253783,2.07210408404
0.0413614896731,0.0499895602443,2.071120112
0.0418261320284,0.050310300187,2.07013714489
0.0422914816527,0.0506315390039,2.06915516126
0.0427575344142,0.0509532712695,2.06817426675
0.043224283902,0.0512754892255,2.06719447131
0.0436917232462,0.0515981849759,2.06621576368
0.0441598451987,0.0519213520826,2.06523813229
0.0446286424164,0.0522449845023,2.06426156924
0.0450975025504,0.0525692570516,2.06328594857
0.0455665862581,0.0528941127245,2.06231121706
0.0460359564512,0.053219525196,2.06133735492
0.046505634402,0.0535454814837,2.06036435556
0.0469756231648,0.0538719730032,2.0593920903
0.0474459196933,0.054198993422,2.05842050956
0.0479165176165,0.0545265387853,2.05744959557
0.04838740854,0.0548546069603,2.05647934296
0.0488585821396,0.0551831963394,2.055509625
0.0493300301199,0.0555123049294,2.05454039307
0.0498017444324,0.0558419316249,2.05357162986
0.0502737164109,0.0561720765819,2.05260333022
0.0507459352895,0.0565027423907,2.05163562034
0.0512183955472,0.0568339289708,2.05066853635
0.0516910928834,0.0571656358524,2.04970213434
0.0521640216802,0.057497862473,2.04873637551
0.0526371765001,0.0578306081134,2.04777121676
0.0531105531228,0.0581638715142,2.0468066288
0.0535841474869,0.0584976511743,2.04584247999
0.054057955992,0.0588319456664,2.0448787191
0.0545319755987,0.0591667535593,2.04391532745
0.0550062043485,0.0595020729621,2.04295229912
0.0554806397687,0.0598379010771,2.04198943201
0.0559552807652,0.0601742358361,2.04102664787
0.0564301271687,0.0605110756275,2.04006391835
0.05690517986,0.0608484187367,2.03910123459
0.0573804404711,0.0611862632587,2.03813859492
0.0578558541785,0.0615246428888,2.03717075837
0.0583314253387,0.0618635504565,2.03619444789
0.0588071823365,0.0622029669147,2.03520786686
0.0592831639058,0.0625428673866,2.03421011713
0.0597594149925,0.0628832216778,2.03320078799
0.0602359978818,0.0632239933947,2.0321798999
0.0607129784775,0.0635651487716,2.03114747646
0.0611904250184,0.063906648979,2.03010354171
0.0616684081196,0.0642484475597,2.02904811716
0.0621470092635,0.0645904962068,2.02798122065
0.0626263363812,0.0649327427555,2.02690340627
0.06310649557,0.0652751312209,2.02581538743
0.0635875743932,0.0656175987267,2.02471721256
0.0640696634705,0.0659600838597,2.0236087908
0.064552865277,0.0663025339573,2.02249003502
0.0650372961458,0.066644888817,2.02136142206
0.0655230520008,0.0669870827303,2.02022291136
0.0660102261213,0.0673290505563,2.01907438057
0.0664989208776,0.0676707403181,2.0179157332
0.0669892552347,0.0680121002476,2.01674776998
0.0674813245255,0.0683530717277,2.01557054861
0.0679752157618,0.0686935928966,2.01438396963
0.0684710209926,0.0690336154768,2.01318793738
0.0689688461897,0.0693730973011,2.01198320614
0.0694687786151,0.0697119936929,2.0107698249
0.0699708947552,0.0700502539814,2.00954769473
0.0704752718802,0.0703878381066,2.00831672191
0.0709819945621,0.0707247178117,2.00707717867
0.0714911366186,0.071060866168,2.00582900405
0.0720027615661,0.0713962491735,2.00457209523
0.0725169304146,0.0717308389474,2.00330637623
0.0730337057198,0.0720646224368,2.00203180149
0.0735531537726,0.0723975885809,2.0007489421
0.074075324654,0.0727297204881,1.99945783196
0.0746002618894,0.0730610036994,1.99815839425
0.0751280086963,0.0733914360825,1.99685055691
0.075658613904,0.0737210211569,1.99553499835
0.076192111118,0.0740497581571,1.99421175197
0.0767285260576,0.074377646288,1.99288072014
0.077267882626,0.0747046930346,1.99154181298
0.0778102340242,0.0750309064176,1.99019798553
0.0783555997825,0.0753562969263,1.98884959616
0.0789039865395,0.0756808735564,1.98749649993
0.0794553957551,0.0760046471984,1.98613842103
0.0800098264145,0.0763276306512,1.98477514854
0.0805672722656,0.0766498349358,1.98340655204
0.081127720423,0.0769712699655,1.98203280548
0.0816911547896,0.0772919479545,1.98065385532
0.0822575563478,0.0776118810968,1.97926962379
0.0828269014558,0.0779310793542,1.97788005443
0.0833991595741,0.0782495505684,1.97648542854
0.0839742994694,0.078567309071,1.97508569343
0.0845522872983,0.0788843681767,1.97368075253
0.0851330855422,0.0792007371922,1.97227053337
0.0857166507419,0.0795164236682,1.970855288
0.0863029404186,0.0798314435387,1.96943496019
0.0868919103434,0.080145811776,1.96800945581
0.0874835137846,0.0804595372963,1.96657870517
0.0880777014166,0.0807726288991,1.96514266677
0.088674432926,0.0810850978739,1.96370269795
0.0892736565034,0.0813969582464,1.96225896947
0.0898753161397,0.0817082170648,1.96081137411
0.090479353341,0.0820188786794,1.95935978742
0.0910857101694,0.0823289509572,1.95790472313
0.0916943185754,0.0826384482425,1.95644561557
0.0923051198563,0.0829473786231,1.95498250135
0.0929180541479,0.0832557450516,1.95351530141
0.0935330604905,0.0835635560882,1.95204394271
0.0941500770037,0.0838708259665,1.95056837821
0.0947690388505,0.0841775608188,1.94908875268
0.0953898849983,0.0844837617949,1.94760501471
0.0960125549212,0.0847894340107,1.94611709465
0.0966369878846,0.0850945904284,1.94462494322
0.0972636026994,0.0854001624184,1.94312853209
0.0978922059096,0.0857058939837,1.94162800683
0.0985226845792,0.0860116805369,1.94012332611
0.0991549591331,0.0863174891222,1.93861442847
0.0997889647255,0.0866233137362,1.93710126931
0.10042464883,0.0869291497377,1.93558449862
0.101061959303,0.0872349952389,1.93406415893
0.101700844548,0.0875408579754,1.9325401663
0.102341254243,0.0878467500869,1.93101244078
0.102983148163,0.0881526770542,1.92948172912
0.103626483964,0.0884586379328,1.92794840356
0.104271209245,0.0887646375697,1.92641192769
0.104917277194,0.0890706845823,1.92487206319
0.10556464495,0.08937678263,1.92332870623
0.106213272452,0.089682928396,1.92178181287
0.106863121458,0.0899891195775,1.92023161062
0.107514153053,0.090295360077,1.91867810612
0.108166329983,0.0906016517745,1.91712126309
0.108819617457,0.090907989446,1.9155610493
0.109473981287,0.0912143657808,1.91399752432
0.110129388483,0.0915207800343,1.91243063995
0.11078580782,0.0918272319654,1.91086034441
0.111443210465,0.0921337153207,1.90928660261
0.112101570868,0.0924402197945,1.90770969416
0.112760862341,0.0927467399908,1.90612961575
0.113421059232,0.0930532727944,1.90454631304
0.114082137863,0.0933598109286,1.9029597401
0.114744075943,0.0936663433751,1.90136986777
0.115406861776,0.0939728593922,1.89977769069
0.116070473798,0.0942793510371,1.89818328466
0.116734889285,0.0945858087088,1.89658652964
0.117400085882,0.0948922190256,1.89498730838
0.118066043645,0.0951985677672,1.89338582205
0.118732743805,0.0955048445934,1.89178233019
0.119400160535,0.0958110400662,1.89017627331
0.120068272142,0.0961171409907,1.88856742804
0.120737058298,0.0964231332446,1.88695570855
0.121406499929,0.0967290060034,1.88534108431
0.122076587338,0.0970347466958,1.88372471023
0.122747301861,0.0973403405868,1.88210677316
0.123418622322,0.0976457714583,1.88048721767
0.124090527691,0.0979510259309,1.8788659607
0.124762996346,0.0982560922387,1.87724293023
0.125436008219,0.0985609579143,1.87561805134
0.126109542991,0.098865607582,1.87399127348
0.126783580532,0.0991700273702,1.8723625677
0.127458095801,0.0994742078625,1.87073132632
0.128133071614,0.0997781368343,1.86909769078
0.128808490736,0.100081800173,1.86746169698
0.12948433603,0.100385184535,1.86582335036
0.130160591323,0.100688280127,1.86418264947
0.130837365388,0.100990987363,1.86256125025
0.131514641917,0.101293278222,1.86096223927
0.132192370395,0.101595149896,1.85938412228
0.132870492143,0.101896613065,1.85782500951
0.133548943415,0.102197687746,1.85628354583
0.134227653117,0.102498396539,1.8547588096
0.134906550079,0.102798760474,1.85325031284
0.135585556491,0.103098809197,1.85175781008
0.136264584937,0.10339858556,1.85028118352
0.136943528281,0.103698144589,1.84881972782
0.137622290439,0.103997526499,1.84737318578
0.138300768259,0.104296776873,1.84594090053
0.138978859635,0.104595952104,1.84452258263
0.139656462167,0.104895108427,1.84311811211
0.140333473783,0.105194291232,1.84172744442
0.141009787453,0.105493550567,1.84035056738
0.141685278987,0.105792966664,1.83898745882
0.14235983825,0.106092606982,1.83763803067
0.143033360073,0.106392520355,1.83630221409
0.143705736874,0.10669275391,1.83497996883
0.144376852506,0.106993378323,1.83367123217
0.145046596795,0.107294465353,1.83237597565
0.14571486392,0.107596067378,1.8310941875
0.146381547794,0.107898227402,1.82982586414
0.147046533539,0.10820101047,1.82857069218
0.147709718969,0.108504480582,1.8273285541
0.148371003636,0.108808682878,1.82609876124
0.149030293391,0.109113647239,1.82488101943
0.149687497792,0.10941941358,1.82367521016
0.150342531856,0.109726031834,1.8224812906
0.150995309815,0.110033542331,1.82129891901
0.151645752789,0.11034196618,1.82012791762
0.152293787302,0.110651328471,1.81896820222
0.152939347551,0.110961663571,1.81781973709
0.153582371883,0.111272998224,1.81668259616
0.154222799793,0.111585344585,1.81555670461
0.154860574847,0.111898714749,1.81444198778
0.155495648868,0.112213127592,1.81333839801
0.156127985834,0.112528598421,1.81224233904
0.156757548533,0.112845132822,1.81115224261
0.157384299038,0.113162733356,1.81006700105
0.158008207632,0.113481407815,1.80898621812
0.158629250251,0.113801162744,1.80790977325
0.159247404055,0.11412199775,1.80683764619
0.159862651867,0.114443909854,1.80577005527
0.160474979599,0.114766898709,1.80470709517
0.161084377571,0.115090963041,1.80364880879
0.16169083756,0.115416097226,1.8025952167
0.162294353517,0.115742293604,1.80154632977
0.16289656298,0.116068576598,1.8005021644
0.163497015331,0.116395203471,1.79946258907
0.164095525658,0.116722272549,1.79842748865
0.164692023248,0.117049815131,1.79739679102
0.165286489781,0.117377831746,1.79637035248
0.165878930131,0.117706309774,1.79534797951
0.166469360012,0.118035228671,1.79432953647
0.167057802982,0.11836456608,1.79331494601
0.167644295543,0.118694292247,1.79230455086
0.168228868696,0.119024380728,1.79129828698
0.168811553003,0.119354803139,1.79029603823
0.169392383366,0.11968553263,1.7892977191
0.16997133569,0.120016511428,1.78830893785
0.170548478787,0.120347717495,1.78733067445
0.171123903425,0.120679132871,1.78636275026
0.171697711744,0.121010740408,1.78540479435
0.17227002335,0.121342523702,1.78445651786
0.172840967927,0.121674463476,1.78351773939
0.173410690347,0.122006538308,1.78258817575
0.173979332484,0.122338738209,1.78166760178
0.174547056958,0.122671053594,1.7807558799
0.175114037231,0.12300347154,1.77985293562
0.175680443302,0.123335983088,1.77895873213
0.176246472549,0.123668581246,1.77807295971
0.176812324972,0.124001264875,1.77719539465
0.177378206762,0.124334028118,1.77632590606
0.177944313455,0.124666872011,1.77546442602
0.178510865255,0.124999802906,1.77461098632
0.179078073715,0.125332830578,1.77376542884
0.179646154005,0.12566595494,1.77292761526
0.180215305976,0.12599918342,1.77209745876
0.180785737475,0.126332535618,1.77127521375
0.181357652975,0.126666028748,1.77046085029
0.181931259741,0.12699966539,1.76965430903
0.182506743643,0.127333453597,1.76885545638
0.183084273261,0.127667416955,1.76806419134
0.18366402177,0.128001573602,1.767280454
0.184246175148,0.128335923342,1.76650404835
0.184830898944,0.128670468544,1.76573480565
0.185418338411,0.129005228224,1.76497262081
0.186008636543,0.129340220516,1.76421743746
0.186601941336,0.129675444739,1.76346895582
0.187198389115,0.130010897509,1.7627269944
0.187798098212,0.130346590418,1.76199145677
0.188401180494,0.130682538937,1.76126229653
0.189007749378,0.131018742976,1.76053949338
0.189617914399,0.131355195021,1.75982308495
0.190231765583,0.131691899284,1.75911295669
0.190849382913,0.132028866522,1.758409006
0.191470844779,0.132366096122,1.75771116792
0.192096219887,0.13270357841,1.75701808752
0.192725559401,0.133041310158,1.75632903997
0.193358903244,0.133379294708,1.75564369952
0.193996287377,0.133717530041,1.75496195357
0.194637740808,0.134056007155,1.75428377112
0.195283280232,0.134394721096,1.75360915027
0.195932910631,0.134733672262,1.75293809786
0.196586620702,0.135072858198,1.75227039218
0.197244398314,0.135412271843,1.75160592279
0.197906223543,0.135751908774,1.75094463881
0.19857206325,0.136091768682,1.75028673137
0.19924188228,0.136431846291,1.74963226442
0.199915639797,0.136772135091,1.74898114859
0.200593288082,0.137112631801,1.74833329738
0.201274772978,0.137453332406,1.74768865457
0.201960027888,0.137794230256,1.74704730256
0.202648986439,0.138135317691,1.74640915149
0.203341578679,0.138476592578,1.74577411127
0.204037730748,0.138818051126,1.7451421228
0.20473735994,0.139159683527,1.74451355335
0.205440383888,0.139501479197,1.743888354
0.206146718347,0.139843436213,1.74326641672
0.206856277208,0.140185552346,1.74264765918
0.207568971514,0.140527815946,1.74203203178
0.208284703358,0.140870215968,1.74141971338
0.209003378298,0.141212749874,1.74081062388
0.209724902865,0.141555417474,1.74020466315
0.21044918258,0.141898208093,1.73960176135
0.21117611416,0.14224110759,1.73900184525
0.211905594924,0.142584109662,1.73840449209
0.212637530153,0.142927217365,1.73780953943
0.21337182795,0.143270425642,1.73721692865
0.214108396579,0.143613723026,1.73662664186
0.214847146519,0.143957108606,1.73603902697
0.215587990256,0.144300590171,1.73545407667
0.216330841769,0.144644169287,1.73487172093
0.217075615161,0.144987838306,1.73429190195
0.217822254266,0.145331594859,1.73371081339
0.21857065094,0.14567546041,1.73312674509
0.219320679737,0.146019454948,1.7325389593
0.220072204952,0.146363582314,1.73194715796
0.220825080466,0.146707840675,1.73135123568
0.221579143344,0.147052244006,1.73075130208
0.222334230957,0.147396805642,1.73014732612
0.223090172488,0.147741520124,1.72953926501
0.223846770411,0.148086370963,1.72892705956
0.224603831445,0.148431357214,1.72831081769
0.225361163958,0.148776488862,1.72769069237
0.226118578192,0.149121756592,1.72706668673
0.226875877427,0.149467132144,1.72643877544
0.227633464569,0.149811084212,1.72580692699
0.228390950936,0.150154035087,1.72517153251
0.229148065148,0.150496149809,1.72453262608
0.229904576339,0.150837464751,1.72389016323
0.230660269159,0.151177977586,1.7232441005
0.231414939026,0.151517691366,1.72259440955
0.232168368031,0.151856592631,1.72194142856
0.232920358869,0.152194641944,1.7212851753
0.233670719218,0.152531796348,1.72062560271
0.234419264744,0.152868037475,1.71996266806
0.235165767245,0.153203391091,1.71928964044
0.235910071997,0.153537816725,1.71860339992
0.236652049557,0.153871253844,1.71790260877
0.237391591607,0.154203659867,1.71718662355
0.238128609453,0.154535002085,1.71645516429
0.238863028437,0.154865230884,1.71570812585
0.239594787664,0.155194276839,1.71494571669
0.240323840243,0.155522088291,1.71416801656
0.241050160054,0.155848625564,1.71337505954
0.241773737823,0.15617384112,1.71256686168
0.24249458969,0.156497667762,1.71174445206
0.243212727528,0.156820053716,1.71090799577
0.243928177814,0.15714095797,1.71005744284
0.244640981703,0.157460338188,1.70919271829
0.245351200449,0.15777814525,1.70831456031
0.246058893276,0.1580943375,1.70742333176
0.246764128345,0.158408879334,1.70651930522
0.247466977671,0.158721736121,1.70560242785
0.248167516316,0.159032876521,1.70467260223
0.248865823121,0.159342278374,1.70372975386
0.249561982876,0.159649913099,1.70277676377
0.250256098306,0.159955760578,1.70181364654
0.250948278125,0.160259803321,1.70083987805
0.251638631814,0.160562033526,1.69985500728
0.252327276711,0.160862447882,1.69885874667
0.253014359214,0.16116103546,1.69785173147
0.25370001077,0.16145777868,1.69683404814
0.25438435568,0.161752671569,1.69580565238
0.25506752063,0.162045717683,1.6947664899
0.255749644971,0.16233691494,1.69371652196
0.256430891733,0.162626253978,1.69265666644
0.257111399068,0.162913731068,1.69158699165
0.257791296436,0.163199355397,1.69050738548
0.258470721278,0.163483134067,1.68941773901
0.25914982036,0.163765065757,1.68831797915
0.259828747637,0.164045152448,1.68720884913
0.260507631549,0.164323408523,1.6860903671
0.261186600307,0.164599850914,1.68496241114
0.261865791041,0.164874488103,1.68382487329
0.262545358068,0.165147313399,1.68268083587
0.263225420717,0.16541834931,1.6815308198
0.263906089814,0.165687626627,1.68037481195
0.264587477214,0.165955167651,1.67921258754
0.265269691665,0.166220989555,1.67804395341
0.265952826814,0.166485117061,1.67686878386
0.266636970681,0.166747581448,1.67568743249
0.267322209939,0.167008408282,1.67449985512
0.268008630179,0.167267617412,1.67330594822
0.268696304063,0.167525232835,1.67210563085
0.269385292575,0.167781283139,1.67089929235
0.270075656442,0.168035798525,1.66968688288
0.270767457338,0.168288804147,1.66846828816
0.271460747825,0.168540325685,1.66724341954
0.272155568396,0.168790394304,1.66601222264
0.272851953738,0.169039039793,1.66477492716
0.273549942771,0.169286291477,1.66353145679
0.274249569575,0.169532177641,1.66228170435
0.274950858249,0.16977673047,1.66102559284
0.275653831742,0.170019980931,1.65976401535
0.276358510647,0.17026196006,1.65849711418
0.27706491135,0.17050269667,1.65722484399
0.277773042251,0.170742222183,1.65594713827
0.278482906522,0.170980571516,1.65466394786
0.279194508899,0.171217775495,1.65337603528
0.279907849288,0.171453862756,1.6520834481
0.28062292126,0.171688863004,1.65078608497
0.281339713778,0.171922809486,1.64948384993
0.282058213828,0.172155732204,1.64817726294
0.28277840719,0.172387659022,1.64686630424
0.283500275572,0.172618617027,1.64555086057
0.284223797499,0.172848636488,1.64423083888
0.284948949169,0.173077745816,1.642906607
0.285675706282,0.173305970857,1.64157814238
0.286404041163,0.173533334344,1.64024545821
0.287133924711,0.173759862343,1.6389084867
0.287865327299,0.173985582463,1.63756716765
0.288598216641,0.1742105162,1.63622176168
0.289332558482,0.174434682535,1.63487225451
0.290068317446,0.174658102425,1.63351858605
0.290805458576,0.174880799488,1.63216070779
0.291543944553,0.175102790772,1.6307991997
0.292283737892,0.175324091699,1.62943411996
0.293024800521,0.17554471849,1.62806541054
0.293767095862,0.175764690616,1.62669301064
0.294510587272,0.175984025653,1.62531687848
0.295255232884,0.176202732654,1.62393725009
0.296000993673,0.176420822981,1.62255408143
0.296747833623,0.176638311896,1.62116729182
0.297495718207,0.176855214566,1.61977682059
0.298244611232,0.177071538698,1.61838296322
0.298995999358,0.177285155452,1.61698595431
0.29974942748,0.177496661476,1.61558604833
0.300504685378,0.177706310767,1.6141832265
0.301261665163,0.177914207015,1.61277742478
0.302020300774,0.17812038792,1.61136859141
0.302780546997,0.178324861352,1.60995700107
0.303542369405,0.178527628739,1.60854264223
0.304305736858,0.178728683706,1.60712545385
0.305070617241,0.178928013494,1.6057053857
0.305836981472,0.179125596602,1.60428297747
0.306604803234,0.179321419691,1.60285822987
0.307374056817,0.179515468988,1.6014310434
0.308144713858,0.179707727877,1.60000133259
0.308916745309,0.179898179046,1.59856904312
0.309690124171,0.180086801384,1.59713421144
0.310464828006,0.180273579286,1.59569678276
0.311240832563,0.180458496781,1.59425670381
0.312018112007,0.180641537856,1.59281393967
0.312796642072,0.18082268376,1.59136856694
0.313576403481,0.181001922272,1.5899205373
0.314357376098,0.181179242013,1.58846979563
0.315139538008,0.181354631986,1.58701630418
0.315922869173,0.1815280831,1.58556004155
0.316707355911,0.181699585155,1.58410149178
0.317492983258,0.18186913065,1.58264096244
0.318279731288,0.182036713531,1.58117844772
0.319067579976,0.182202329944,1.57971388518
0.319856511604,0.182365979103,1.57824722214
0.320646511584,0.182527659863,1.57677885381
0.321437560986,0.182687373226,1.57530875692
0.322229639884,0.18284512178,1.57383683874
0.323022729599,0.183000911428,1.57236302455
0.323816812033,0.183154751008,1.57088726787
0.324611868968,0.183306649303,1.56940977415
0.325407880869,0.183456615215,1.56793053347
0.326204828558,0.183604660505,1.5664494997
0.327002693253,0.183750800767,1.56496663541
0.327801453283,0.183895054241,1.56348168607
0.328601091282,0.184037435752,1.56199478952
0.329401591345,0.184177961423,1.56050620687
0.330202935259,0.184316651111,1.55901596632
0.331005104502,0.184453526165,1.55752404345
0.331808081032,0.184588606143,1.55603041196
0.332611847564,0.184721911608,1.55453521668
0.333416385692,0.184853465908,1.55303845268
0.334221677029,0.184983294484,1.55154008902
0.335027704218,0.185111420697,1.55004010014
0.335834451791,0.185237865795,1.54853883236
0.336641901976,0.18536265457,1.54703625
0.337450036397,0.185485815151,1.54553225906
0.338258837835,0.185607374223,1.54402678628
0.339068288762,0.185727356894,1.54251970744
0.33987837265,0.185845789124,1.54101095779
0.340689072713,0.185962700182,1.53950050579
0.341500373358,0.18607811872,1.5379883372
0.342312260686,0.186192070036,1.53647444611
0.343124721145,0.186304580636,1.53495898022
0.343937739485,0.186415679118,1.53344194607
0.344751301182,0.186525394339,1.53192332214
0.345565393902,0.186633751648,1.53040308897
0.346380004855,0.186740776107,1.52888113874
0.347195121504,0.186846494608,1.52735745668
0.348010733534,0.186950934481,1.52583227645
0.348826830617,0.187054119636,1.52430563477
0.349643403109,0.187156071431,1.52277751949
0.350460440359,0.18725681275,1.52124791314
0.351277932632,0.187356345822,1.51972110105
0.352095877433,0.187454696603,1.51819716444
0.352914275534,0.187551893927,1.51667537272
0.353733128782,0.18764796793,1.51515508545
0.35455244039,0.187742951433,1.51363593697
0.355372217286,0.187836876502,1.51211787063
0.356192467521,0.187929771868,1.51060079891
0.357013200793,0.188021666518,1.50908465879
0.357834426481,0.188112591867,1.50756941362
0.358656158374,0.18820258211,1.50605502786
0.359478411272,0.188291669473,1.50454147011
0.360301201785,0.188379884869,1.50302872077
0.361124544986,0.188467259962,1.50151676926
0.361948456765,0.188553829312,1.50000551744
0.362772957255,0.188639624452,1.49849506782
0.363598066746,0.188724675401,1.49698541587
0.364423803088,0.188809011684,1.49547653892
0.365250181976,0.188892663447,1.49396841885
0.366077220782,0.188975662273,1.49246078468
0.366904940997,0.189058035523,1.49095350074
0.367733363183,0.189139808741,1.48944650262
0.368562505,0.189221007425,1.48793976168
0.369392387501,0.189301657073,1.48643310557
0.370223031971,0.189381780786,1.48492646851
0.371054458386,0.189461399722,1.48341982717
0.371886682955,0.189540534524,1.48191317456
0.372719721214,0.189619205588,1.48040650992
0.373553591572,0.189697431806,1.47889973443
0.374388311868,0.189775230389,1.47739278242
0.375223896568,0.189852617552,1.47588561687
0.376060358397,0.189929609118,1.47437821923
0.376897713154,0.19000621894,1.47287069902
0.37773597536,0.190082459945,1.47136303463
0.37857515651,0.190158343928,1.46985518776
0.379420023222,0.190235185682,1.46834710966
0.380269271025,0.190312630723,1.46683879343
0.381122364745,0.190390531732,1.46533052239
0.381979090705,0.190468830019,1.46382253711
0.382839366135,0.190547502813,1.46231485964
0.383703166303,0.190626541728,1.46080746383
0.384570493121,0.190705943919,1.45930003486
0.38544135973,0.190785708386,1.45779244374
0.386315782386,0.190865833159,1.45628463939
0.387193779253,0.190946315197,1.45477660305
0.388075384993,0.191027148753,1.45326940457
0.3889606193,0.191108328796,1.4517629543
0.389849496578,0.191189849591,1.45025697888
0.3907420295,0.19127170503,1.44875126277
0.391638231887,0.191353890236,1.44724567398
0.392538124524,0.191436398842,1.44574031033
0.393441717769,0.19151922661,1.44423518248
0.394349017158,0.191602368837,1.44273028186
0.395260026921,0.191685821587,1.44122559956
0.396174752596,0.191769580836,1.43972124347
0.397093196038,0.191853642928,1.43821738985
0.398015355263,0.191938004287,1.43671425581
0.398941222211,0.192022661694,1.43521185487
0.399870785548,0.192107612274,1.43371015791
0.400804030148,0.192192852903,1.43220913718
0.401740933787,0.192278381311,1.43070849447
0.402681476296,0.19236419401,1.42920810406
0.403625635156,0.192450287251,1.4277079149
0.404573383869,0.19253665739,1.42620790776
0.405524669927,0.192623295206,1.42470721854
0.406479470514,0.192710202909,1.42320534832
0.407437767485,0.192797383209,1.4217020363
0.408399541889,0.192884837906,1.42019715684
0.409364771781,0.192972569426,1.41869035717
0.410333444181,0.193060579414,1.41718165826
0.411305548251,0.193148868905,1.41567128001
0.41228107035,0.193237438004,1.41415928579
0.413259997762,0.193326287147,1.41264568979
0.414242320344,0.193415416946,1.41113049278
0.415228033513,0.193504827222,1.40961392364
0.416217127109,0.193594518621,1.40809597317
0.4172095906,0.193684491715,1.40657659152
0.418205415164,0.193774746716,1.40505573806
0.419204593077,0.193865283117,1.40353338738
