0.0,0.852531,0.0,0.0
0.25,0.0,0.0,-0.25
0.25,0.0,0.0,0.249923989177
0.25,0.0,0.0,0.249997764826
0.25,0.0,0.0,0.249729096889
0.25,0.0,0.0,0.24977311492
0.25,0.0,0.0,0.249819353223
0.25,0.0,0.0,0.249854192138
0.25,0.0,0.0,0.249884486198
0.25,0.0,0.0,0.249886229634
0.25,0.0,0.0,0.249887824059
0.25,0.0,0.0,0.249865069985
0.25,0.0,0.0,0.249830216169
0.25,0.0,0.0,0.249765992165
0.25,0.0,0.0,0.249600574374
0.25,0.0,0.0,0.249305456877
0.25,0.0,0.0,0.249026164412
0.25,0.0,0.0,0.248203337193
0.25,0.0,0.0,0.246859163046
0.25,0.0,0.0,0.243553981185
0.25,0.0,0.0,0.233017727733
0.25,0.0,0.0,0.195363581181
0.25,0.0,0.0,0.129323974252
0.249999970198,0.0,0.0,0.0534547679126
0.249999836087,0.0,0.0,-0.0196679830551
0.24999922514,0.0,0.0,-0.091182872653
0.249998033047,0.0,0.0,-0.0878568738699
0.249997779727,0.0,0.0,0.0765400826931
0.249997347593,0.0,0.0,0.105037480593
0.24999499321,0.0,0.0,-0.14171667397
0.24999371171,0.0,0.0,-0.166646242142
0.24999293685,0.0,0.0,0.203373253345
0.249988675117,0.0,0.0,0.220379158854
0.249974161386,0.0,0.0,-0.224388882518
0.249955788255,0.0,0.0,-0.233270049095
0.249974757433,0.0,0.0,0.238925978541
0.249965369701,0.0,0.0,0.240644738078
0.249811530113,0.0,0.0,-0.242674827576
0.249719291925,0.0,0.0,-0.245398879051
0.249855518341,0.0,0.0,0.232827141881
0.249744981527,0.0,0.0,0.233429446816
0.248969018459,0.0,0.0,-0.247394025326
0.247867554426,0.0,0.0,-0.248676881194
0.249425500631,0.0,0.0,0.210353851318
0.249621391296,0.0,0.0,0.208222791553
0.248648136854,0.0,0.0,-0.24926635623
0.248416349292,0.0,0.0,-0.249607846141
0.249737039208,0.0,0.0,0.0739412903786
0.249853461981,0.0,0.0,0.0141140893102
0.249498620629,0.0,0.0,-0.24895568192
0.249747395515,0.0,0.0,-0.248265311122
0.249970972538,0.0,0.0,-0.177500709891
0.249980986118,0.0,0.0,-0.217661350965
0.249967902899,0.0,0.0,-0.248582392931
0.249918192625,0.0,0.0,-0.249420911074
0.0,0.0,0.0,0.0
0.249958097935,0.0,0.0,-0.249931782484
0.25,0.0,0.0,0.249998897314
0.25,0.0,0.0,0.249998778105
0.25,0.0,0.0,0.249792039394
0.25,0.0,0.0,0.249772042036
0.25,0.0,0.0,0.249760717154
0.25,0.0,0.0,0.249881893396
0.25,0.0,0.0,0.249658852816
0.25,0.0,0.0,0.24940636754
0.25,0.0,0.0,0.248403415084
0.25,0.0,0.0,0.249146640301
0.25,0.0,0.0,0.249851420522
0.25,0.0,0.0,0.24999332428
0.25,0.0,0.0,0.24999846518
0.25,0.0,0.0,0.24999833107
0.25,0.0,0.0,0.249997094274
0.25,0.0,0.0,0.249987006187
0.25,0.0,0.0,0.249982848763
0.25,0.0,0.0,0.249988466501
0.25,0.0,0.0,0.249983713031
0.25,0.0,0.0,0.249977961183
0.25,0.0,0.0,0.249992951751
0.25,0.0,0.0,0.249999433756
0.25,0.0,0.0,0.249999463558
0.25,0.0,0.0,0.249999895692
0.249999970198,0.0,0.0,0.249999925494
0.25,0.0,0.0,0.25
0.25,0.0,0.0,0.249999836087
0.25,0.0,0.0,0.24999974668
0.25,0.0,0.0,0.249999940395
0.25,0.0,0.0,0.249999970198
0.25,0.0,0.0,0.249999836087
0.25,0.0,0.0,0.249999627471
0.249999910593,0.0,0.0,0.24999551475
0.249758645892,0.0,0.0,0.249965757132
0.215647295117,0.0,0.0,0.249280676246
0.213736921549,0.0,0.0,0.24359549582
0.174006253481,0.0,0.0,0.219928890467
0.188378065825,0.0,0.0,0.162824377418
0.244583949447,0.0,0.0,0.0834352299571
0.249993026257,0.0,0.0,0.0623359940946
0.249999925494,0.0,0.0,0.151840642095
0.25,0.0,0.0,0.19107607007
0.25,0.0,0.0,-0.0472847148776
0.25,0.0,0.0,-0.178904056549
0.25,0.0,0.0,0.162372201681
0.25,0.0,0.0,0.233266413212
0.25,0.0,0.0,-0.230805322528
0.25,0.0,0.0,-0.24639223516
0.25,0.0,0.0,0.226229220629
0.25,0.0,0.0,0.228272795677
0.25,0.0,0.0,-0.248563095927
0.25,0.0,0.0,-0.249101936817
0.249999970198,0.0,0.0,0.195976704359
0.249999463558,0.0,0.0,0.188514351845
0.249997511506,0.0,0.0,-0.249430730939
0.249991893768,0.0,0.0,-0.249611005187
0.249950766563,0.0,0.0,0.104592457414
0.248472243547,0.0,0.0,0.122434437275
0.226232349873,0.0,0.0,-0.24825027585
0.123179674149,0.0,0.0,-0.248933985829
0.0136031061411,0.0,0.0,0.130122706294
0.0,0.0,0.0,0.0
0.00107063353062,0.0,0.0,0.165405422449
0.25,0.0,0.0,0.244050815701
0.25,0.0,0.0,0.241701319814
0.25,0.0,0.0,0.238582760096
0.25,0.0,0.0,0.235621318221
0.25,0.0,0.0,0.229621812701
0.25,0.0,0.0,0.223562881351
0.25,0.0,0.0,0.214704424143
0.25,0.0,0.0,0.203202664852
0.25,0.0,0.0,0.192879423499
0.25,0.0,0.0,0.187000244856
0.25,0.0,0.0,0.178282275796
0.25,0.0,0.0,0.157038480043
0.25,0.0,0.0,0.111498363316
0.25,0.0,0.0,0.0698122829199
0.25,0.0,0.0,0.11412718147
0.25,0.0,0.0,0.158354729414
0.25,0.0,0.0,0.0493134781718
0.25,0.0,0.0,-0.126891300082
0.25,0.0,0.0,0.0273620132357
0.25,0.0,0.0,0.210622295737
0.249999970198,0.0,0.0,-0.0329278334975
0.249999284744,0.0,0.0,-0.243156179786
0.249998807907,0.0,0.0,-0.0167018659413
0.249999046326,0.0,0.0,0.222941115499
0.249997496605,0.0,0.0,-0.0800774171948
0.24998728931,0.0,0.0,-0.24819251895
0.249992281199,0.0,0.0,-0.00990234874189
0.249997630715,0.0,0.0,0.216409832239
0.249997854233,0.0,0.0,-0.117461889982
0.249992400408,0.0,0.0,-0.248265996575
0.249996364117,0.0,0.0,0.0605763532221
0.249999344349,0.0,0.0,0.211753502488
0.249999403954,0.0,0.0,-0.227261677384
0.249998956919,0.0,0.0,-0.249185472727
0.249999910593,0.0,0.0,0.171188637614
0.249999985099,0.0,0.0,0.196608915925
0.249999731779,0.0,0.0,-0.248858839273
0.249998897314,0.0,0.0,-0.249651536345
0.249999493361,0.0,0.0,0.100752770901
0.249997973442,0.0,0.0,0.0912006273866
0.24997574091,0.0,0.0,-0.248405337334
0.249940007925,0.0,0.0,-0.248413190246
0.249973863363,0.0,0.0,0.0678813681006
0.249939680099,0.0,0.0,0.0944269672036
0.249109476805,0.0,0.0,-0.246546566486
0.2464851439,0.0,0.0,-0.248525857925
0.249053686857,0.0,0.0,-0.00383071787655
0.246960148215,0.0,0.0,-0.0500877909362
0.216622337699,0.0,0.0,-0.247332185507
0.203514620662,0.0,0.0,-0.247079715133
0.228894799948,0.0,0.0,-0.204647883773
0.212330728769,0.0,0.0,-0.219531044364
0.153063759208,0.0,0.0,-0.239685371518
0.0,0.0,0.0,0.0
0.0787725150585,0.0,0.0,-0.240047872066
0.25,0.0,0.0,0.25
0.25,0.0,0.0,0.25
0.25,0.0,0.0,0.249999955297
0.25,0.0,0.0,0.249999970198
0.25,0.0,0.0,0.249999970198
0.25,0.0,0.0,0.249999970198
0.25,0.0,0.0,0.249999970198
0.25,0.0,0.0,0.249999970198
0.25,0.0,0.0,0.249999940395
0.25,0.0,0.0,0.249999880791
0.25,0.0,0.0,0.249999821186
0.25,0.0,0.0,0.249999716878
0.25,0.0,0.0,0.249999463558
0.25,0.0,0.0,0.249998614192
0.25,0.0,0.0,0.249995082617
0.25,0.0,0.0,0.249985799193
0.25,0.0,0.0,0.249957680702
0.25,0.0,0.0,0.249855607748
0.25,0.0,0.0,0.249401524663
0.25,0.0,0.0,0.248210668564
0.25,0.0,0.0,0.24641469121
0.25,0.0,0.0,0.243714049459
0.25,0.0,0.0,0.243730321527
0.25,0.0,0.0,0.242255806923
0.25,0.0,0.0,0.236110538244
0.25,0.0,0.0,0.221923053265
0.25,0.0,0.0,0.204044997692
0.25,0.0,0.0,0.141118973494
0.25,0.0,0.0,0.056178022176
0.25,0.0,0.0,0.0240502208471
0.25,0.0,0.0,0.0416794456542
0.25,0.0,0.0,0.0382210686803
0.25,0.0,0.0,-0.0248998794705
0.25,0.0,0.0,-0.0274786166847
0.25,0.0,0.0,0.0354975871742
0.25,0.0,0.0,0.0424209162593
0.25,0.0,0.0,-0.0143648860976
0.25,0.0,0.0,-0.0181859526783
0.25,0.0,0.0,0.0452677085996
0.25,0.0,0.0,0.0616141222417
0.25,0.0,0.0,0.0258506666869
0.25,0.0,0.0,0.0328723862767
0.25,0.0,0.0,0.0905237495899
0.25,0.0,0.0,0.101395688951
0.25,0.0,0.0,0.0237788725644
0.25,0.0,0.0,-0.002011974575
0.25,0.0,0.0,0.0990208759904
0.25,0.0,0.0,0.128674671054
0.25,0.0,0.0,-0.0584506355226
0.25,0.0,0.0,-0.142575696111
0.25,0.0,0.0,0.177844405174
0.25,0.0,0.0,0.224783465266
0.249999940395,0.0,0.0,-0.219438523054
0.249999850988,0.0,0.0,-0.241580799222
0.249999910593,0.0,0.0,0.23584201932
0.249999895692,0.0,0.0,0.240117907524
0.249999329448,0.0,0.0,-0.246585220098
0.249998450279,0.0,0.0,-0.248428687453
0.249999687076,0.0,0.0,0.218970313668
0.249999731779,0.0,0.0,0.218474581838
0.249998003244,0.0,0.0,-0.249122843146
0.249996721745,0.0,0.0,-0.249571397901
0.249999552965,0.0,0.0,0.142084673047
0.249999597669,0.0,0.0,0.129154860973
0.249998539686,0.0,0.0,-0.249392300844
0.249999299645,0.0,0.0,-0.249361947179
0.249999940395,0.0,0.0,0.0754329413176
0.249999970198,0.0,0.0,0.0853573307395
0.249999731779,0.0,0.0,-0.248357474804
0.249999374151,0.0,0.0,-0.249120205641
0.249999672174,0.0,0.0,-0.0299949366599
0.249999314547,0.0,0.0,-0.031308773905
0.249994665384,0.0,0.0,-0.244057536125
0.249982595444,0.0,0.0,-0.244770362973
0.249966531992,0.0,0.0,-0.121501199901
0.249800845981,0.0,0.0,-0.162651583552
0.247715517879,0.0,0.0,-0.242510601878
0.242251515388,0.0,0.0,-0.243618384004
0.229139059782,0.0,0.0,-0.242105469108
0.0941737964749,0.0,0.0,-0.247765421867
0.0018434971571,0.0,0.0,-0.249386459589
0.00334401428699,0.0,0.0,-0.248193025589
0.0508709847927,0.0,0.0,-0.244618713856
0.181494638324,0.0,0.0,-0.241322532296
0.240973889828,0.0,0.0,-0.232420817018
0.240753382444,0.0,0.0,-0.225948438048
0.248163104057,0.0,0.0,-0.217745944858
0.249786376953,0.0,0.0,-0.210242792964
0.249970346689,0.0,0.0,-0.226058915257
0.249985858798,0.0,0.0,-0.239086285233
0.249965697527,0.0,0.0,-0.248648449779
0.249873533845,0.0,0.0,-0.249766975641
0.249838143587,0.0,0.0,-0.249979525805
0.0151221305132,0.0,0.0,-0.249969854951
0.00245708227158,0.0,0.0,-0.24998511374
0.00265019387007,0.0,0.0,-0.249983817339
0.00249765813351,0.0,0.0,-0.249988600612
0.0153238251805,0.0,0.0,-0.24996741116
0.0931014120579,0.0,0.0,-0.249913752079
0.215975761414,0.0,0.0,-0.249271765351
0.0763055831194,0.0,0.0,-0.244646608829
0.000507339835167,0.0,0.0,-0.216013252735
0.0,0.0,0.0,0.0
1.66893005371e-06,0.0,0.0,0.114285506308
0.249773800373,0.0,0.0,0.25
0.249953210354,0.0,0.0,0.25
0.248927697539,0.0,0.0,0.25
0.248870015144,0.0,0.0,0.25
0.249982655048,0.0,0.0,0.25
0.25,0.0,0.0,0.25
0.25,0.0,0.0,0.25
0.25,0.0,0.0,0.249999985099
0.25,0.0,0.0,0.249999910593
0.25,0.0,0.0,0.249999642372
0.25,0.0,0.0,0.249998956919
0.25,0.0,0.0,0.249998733401
0.25,0.0,0.0,0.249998182058
0.25,0.0,0.0,0.249994173646
0.249999836087,0.0,0.0,0.249731719494
0.114914536476,0.0,0.0,0.244179219007
0.00844527035952,0.0,0.0,0.187856987119
0.25,0.0,0.0,0.0973274931312
0.25,0.0,0.0,0.224429100752
0.25,0.0,0.0,0.249212905765
0.25,0.0,0.0,0.248514294624
0.25,0.0,0.0,0.249964684248
0.25,0.0,0.0,0.249997243285
0.25,0.0,0.0,0.249996885657
0.25,0.0,0.0,0.249995142221
0.25,0.0,0.0,0.249992072582
0.25,0.0,0.0,0.249988973141
0.249999970198,0.0,0.0,0.24999409914
0.0,0.0,0.0,0.249993816018
0.0,0.0,0.0,0.249985679984
6.33299350739e-06,0.0,0.0,0.249471142888
1.08480453491e-05,0.0,0.0,0.249994426966
0.239892154932,0.0,0.0,0.249999985099
0.249999970198,0.0,0.0,0.249999955297
0.249999985099,0.0,0.0,0.25
0.25,0.0,0.0,0.25
0.25,0.0,0.0,0.25
0.25,0.0,0.0,0.249999970198
0.25,0.0,0.0,0.249999955297
0.25,0.0,0.0,0.25
0.25,0.0,0.0,0.249999970198
0.25,0.0,0.0,0.249999523163
0.25,0.0,0.0,0.249998673797
0.25,0.0,0.0,0.249981045723
0.249999970198,0.0,0.0,0.249862954021
0.24999986589,0.0,0.0,0.248037487268
0.249999806285,0.0,0.0,0.245165959001
0.249999836087,0.0,0.0,0.237304702401
0.249995574355,0.0,0.0,0.215820223093
0.25,0.0,0.0,0.164300337434
0.25,0.0,0.0,0.190094903111
0.25,0.0,0.0,0.208146080375
0.25,0.0,0.0,0.170488804579
0.25,0.0,0.0,0.0749720856547
0.25,0.0,0.0,-0.0179645381868
0.25,0.0,0.0,0.108401946723
0.25,0.0,0.0,0.19638954103
0.25,0.0,0.0,-0.127067223191
0.25,0.0,0.0,-0.242828965187
0.25,0.0,0.0,0.0256727486849
0.25,0.0,0.0,0.108872584999
0.25,0.0,0.0,-0.237712949514
0.25,0.0,0.0,-0.248452454805
0.25,0.0,0.0,-0.0337180942297
0.25,0.0,0.0,-0.0139729678631
0.25,0.0,0.0,-0.235743373632
0.25,0.0,0.0,-0.24145437777
0.25,0.0,0.0,-0.0562867000699
0.25,0.0,0.0,-0.0287913605571
0.25,0.0,0.0,-0.234837964177
0.25,0.0,0.0,-0.242026925087
0.249999821186,0.0,0.0,-0.0623678267002
0.249983459711,0.0,0.0,-0.0160724148154
0.248468071222,0.0,0.0,-0.228446170688
0.2081887573,0.0,0.0,-0.240907967091
0.0816439539194,0.0,0.0,-0.0468795783818
0.0106647387147,0.0,0.0,-0.0206033308059
0.00479285418987,0.0,0.0,-0.225245520473
0.00238271057606,0.0,0.0,-0.231257051229
0.00384928286076,0.0,0.0,0.0923832803965
0.0014958307147,0.0,0.0,0.141564413905
0.000310368835926,0.0,0.0,-0.243885979056
0.000256031751633,0.0,0.0,-0.24751009047
0.000563427805901,0.0,0.0,0.178907364607
0.000326707959175,0.0,0.0,0.176465988159
0.00013579428196,0.0,0.0,-0.248868823051
0.000178761780262,0.0,0.0,-0.249058708549
0.000655442476273,0.0,0.0,0.149335384369
0.000718683004379,0.0,0.0,0.159625068307
0.000281736254692,0.0,0.0,-0.248229980469
0.000438779592514,0.0,0.0,-0.248596206307
0.00182804465294,0.0,0.0,0.170471429825
0.00251967459917,0.0,0.0,0.186972394586
0.00105088204145,0.0,0.0,-0.248139217496
0.00167199969292,0.0,0.0,-0.248947530985
0.00598652660847,0.0,0.0,0.17085236311
0.00816924870014,0.0,0.0,0.183801487088
0.00325252115726,0.0,0.0,-0.248313874006
0.00478339195251,0.0,0.0,-0.248859539628
0.0197172388434,0.0,0.0,0.177926719189
0.0430656448007,0.0,0.0,0.193670511246
0.0190795734525,0.0,0.0,-0.248357027769
0.0146126374602,0.0,0.0,-0.249226182699
0.0536204725504,0.0,0.0,0.167232975364
0.0894535258412,0.0,0.0,0.181692808867
0.0345862656832,0.0,0.0,-0.248719722033
0.0190334767103,0.0,0.0,-0.249438479543
0.0794443339109,0.0,0.0,0.137275785208
0.11222961545,0.0,0.0,0.156941697001
0.033696629107,0.0,0.0,-0.248648822308
0.0200615897775,0.0,0.0,-0.249425590038
0.106545388699,0.0,0.0,0.111823037267
0.148267358541,0.0,0.0,0.135874122381
0.0474429354072,0.0,0.0,-0.2484344244
0.021888948977,0.0,0.0,-0.249454393983
0.131956398487,0.0,0.0,0.0639265179634
0.172734618187,0.0,0.0,0.0905234888196
0.0551483780146,0.0,0.0,-0.247760310769
0.0190511196852,0.0,0.0,-0.249256044626
0.0839397162199,0.0,0.0,-0.03955822438
0.10052921623,0.0,0.0,-0.0202343519777
0.0236491709948,0.0,0.0,-0.239344716072
0.0203019157052,0.0,0.0,-0.240869775414
0.11029856652,0.0,0.0,0.0924407020211
0.207647591829,0.0,0.0,0.185525983572
0.208843410015,0.0,0.0,-0.238451674581
0.205255240202,0.0,0.0,-0.248638480902
0.248061180115,0.0,0.0,0.211072847247
0.24949374795,0.0,0.0,0.236620098352
0.23778668046,0.0,0.0,-0.246565699577
0.0,0.0,0.0,0.0
0.00107557326555,0.0,0.0,-0.249075859785
0.25,0.0,0.0,0.25
0.25,0.0,0.0,0.25
0.25,0.0,0.0,0.25
0.249945551157,0.0,0.0,0.25
0.00115642696619,0.0,0.0,0.25
7.45058059692e-09,0.0,0.0,0.25
0.0,0.0,0.0,0.249999985099
6.64591789246e-06,0.0,0.0,0.249999806285
0.249985218048,0.0,0.0,0.249998614192
0.249997764826,0.0,0.0,0.249994173646
0.249806821346,0.0,0.0,0.249992355704
0.249393492937,0.0,0.0,0.249956667423
0.248173713684,0.0,0.0,0.249867781997
0.24947488308,0.0,0.0,0.249764442444
0.249875113368,0.0,0.0,0.24976298213
0.24997100234,0.0,0.0,0.249855801463
0.24997729063,0.0,0.0,0.249833151698
0.249976962805,0.0,0.0,0.249827802181
0.249983966351,0.0,0.0,0.249746397138
0.249983161688,0.0,0.0,0.249574229121
0.249997317791,0.0,0.0,0.249549046159
0.249999463558,0.0,0.0,0.249479040504
0.249999910593,0.0,0.0,0.249448597431
0.249999970198,0.0,0.0,0.249086305499
0.249999970198,0.0,0.0,0.248465448618
0.249999925494,0.0,0.0,0.246688783169
0.249999552965,0.0,0.0,0.24225308001
0.249998539686,0.0,0.0,0.227555781603
0.249998450279,0.0,0.0,0.190375223756
0.249998211861,0.0,0.0,0.116501584649
0.249996989965,0.0,0.0,0.0450895875692
0.249988585711,0.0,0.0,0.0592722073197
0.249934673309,0.0,0.0,0.0773672312498
0.249557703733,0.0,0.0,-0.0850704237819
0.247395470738,0.0,0.0,-0.194260761142
0.23794901371,0.0,0.0,0.0246964078397
0.215652942657,0.0,0.0,0.168583765626
0.118629403412,0.0,0.0,-0.221875041723
0.0430744066834,0.0,0.0,-0.249130174518
0.125508129597,0.0,0.0,0.107493430376
0.147002190351,0.0,0.0,0.169468298554
0.0239859744906,0.0,0.0,-0.247624918818
0.011508770287,0.0,0.0,-0.249642297626
0.113005556166,0.0,0.0,0.0782573372126
0.127771481872,0.0,0.0,0.10786665976
0.0207124873996,0.0,0.0,-0.247342586517
0.0136937201023,0.0,0.0,-0.248800590634
0.0,0.0,0.0,0.0
0.124926544726,0.0,0.0,0.0883814394474
0.25,0.0,0.0,0.25
0.25,0.0,0.0,0.25
0.25,0.0,0.0,0.25
0.25,0.0,0.0,0.25
0.25,0.0,0.0,0.25
0.25,0.0,0.0,0.249999985099
0.25,0.0,0.0,0.249999955297
0.25,0.0,0.0,0.249999821186
0.25,0.0,0.0,0.249999195337
0.25,0.0,0.0,0.249997451901
0.25,0.0,0.0,0.249995082617
0.25,0.0,0.0,0.249995082617
0.25,0.0,0.0,0.249994575977
0.25,0.0,0.0,0.249989300966
0.25,0.0,0.0,0.24997267127
0.25,0.0,0.0,0.249932929873
0.25,0.0,0.0,0.249851226807
0.25,0.0,0.0,0.249709293246
0.25,0.0,0.0,0.249654233456
0.25,0.0,0.0,0.249741017818
0.25,0.0,0.0,0.249560728669
0.249999985099,0.0,0.0,0.248779222369
0.249999910593,0.0,0.0,0.246287032962
0.249999552965,0.0,0.0,0.240426257253
0.24999679625,0.0,0.0,0.225440636277
0.249994590878,0.0,0.0,0.210362449288
0.249990910292,0.0,0.0,0.194415763021
0.24996727705,0.0,0.0,0.162227794528
0.249895244837,0.0,0.0,0.118049010634
0.249375760555,0.0,0.0,0.0995244160295
0.245775341988,0.0,0.0,0.0944312885404
0.217401951551,0.0,0.0,0.0485543608665
0.128372654319,0.0,0.0,0.00497211143374
0.0437534078956,0.0,0.0,0.0366627499461
0.0203777551651,0.0,0.0,0.0660845935345
0.0155665501952,0.0,0.0,-0.0104515431449
0.00691918283701,0.0,0.0,-0.0784720778465
0.00470273196697,0.0,0.0,0.0251148827374
0.00368594378233,0.0,0.0,0.121012963355
0.00340548157692,0.0,0.0,-0.0520234443247
0.00210235267878,0.0,0.0,-0.178809121251
0.00224990397692,0.0,0.0,0.0481769554317
0.00291100889444,0.0,0.0,0.19854785502
0.0022869259119,0.0,0.0,-0.115526489913
0.00119107961655,0.0,0.0,-0.229806765914
0.00184790045023,0.0,0.0,0.122129291296
0.00244277715683,0.0,0.0,0.220964506269
0.00154860317707,0.0,0.0,-0.199082389474
0.00140926986933,0.0,0.0,-0.23780746758
0.00277050584555,0.0,0.0,0.197266891599
0.00251036137342,0.0,0.0,0.221311166883
0.00127702206373,0.0,0.0,-0.231340259314
0.00107679516077,0.0,0.0,-0.238338008523
0.00177751481533,0.0,0.0,0.217272400856
0.00194967538118,0.0,0.0,0.225071907043
0.0010190308094,0.0,0.0,-0.233563259244
0.000872246921062,0.0,0.0,-0.237733080983
0.00177596509457,0.0,0.0,0.219668790698
0.00188816338778,0.0,0.0,0.224616244435
0.000908456742764,0.0,0.0,-0.236367166042
0.000767730176449,0.0,0.0,-0.239455521107
0.00163292139769,0.0,0.0,0.218037858605
0.00174228847027,0.0,0.0,0.22273401916
0.000819250941277,0.0,0.0,-0.237189650536
0.000720545649529,0.0,0.0,-0.239572048187
0.00161668658257,0.0,0.0,0.219374164939
0.00139200687408,0.0,0.0,0.225430756807
0.000724911689758,0.0,0.0,-0.234421670437
0.000677682459354,0.0,0.0,-0.236403435469
0.00140821933746,0.0,0.0,0.227209120989
0.0015614926815,0.0,0.0,0.232827007771
0.000704079866409,0.0,0.0,-0.228221252561
0.000467717647552,0.0,0.0,-0.231365993619
0.000792518258095,0.0,0.0,0.232958763838
0.000646777451038,0.0,0.0,0.23679253459
0.0003911703825,0.0,0.0,-0.224709808826
0.000268846750259,0.0,0.0,-0.227654829621
0.000440567731857,0.0,0.0,0.237163826823
0.000366270542145,0.0,0.0,0.239919006824
0.000237531960011,0.0,0.0,-0.219161450863
0.000150911509991,0.0,0.0,-0.223977535963
0.000167421996593,0.0,0.0,0.237830594182
0.000132963061333,0.0,0.0,0.240319058299
8.425116539e-05,0.0,0.0,-0.221034288406
5.49256801605e-05,0.0,0.0,-0.225054055452
6.36875629425e-05,0.0,0.0,0.239431545138
5.19677996635e-05,0.0,0.0,0.241647660732
2.63154506683e-05,0.0,0.0,-0.221650898457
1.68830156326e-05,0.0,0.0,-0.226636081934
2.47210264206e-05,0.0,0.0,0.240052223206
2.06083059311e-05,0.0,0.0,0.242534115911
1.09970569611e-05,0.0,0.0,-0.22141931951
8.75443220139e-06,0.0,0.0,-0.225937560201
9.2014670372e-06,0.0,0.0,0.240381851792
9.70810651779e-06,0.0,0.0,0.242059066892
5.02169132233e-06,0.0,0.0,-0.224624678493
4.16487455368e-06,0.0,0.0,-0.228039517999
6.07222318649e-06,0.0,0.0,0.240637719631
6.49690628052e-06,0.0,0.0,0.242463305593
4.33623790741e-06,0.0,0.0,-0.224708124995
2.77906656265e-06,0.0,0.0,-0.228597149253
4.06056642532e-06,0.0,0.0,0.240956038237
4.29898500443e-06,0.0,0.0,0.24261790514
2.75671482086e-06,0.0,0.0,-0.224819123745
1.71363353729e-06,0.0,0.0,-0.229265779257
2.50339508057e-06,0.0,0.0,0.241412892938
2.6598572731e-06,0.0,0.0,0.243427425623
1.36345624924e-06,0.0,0.0,-0.222984150052
1.14738941193e-06,0.0,0.0,-0.224934965372
1.63167715073e-06,0.0,0.0,0.243391022086
1.79558992386e-06,0.0,0.0,0.245146051049
1.39325857162e-06,0.0,0.0,-0.209847718477
1.17719173431e-06,0.0,0.0,-0.213142320514
1.43796205521e-06,0.0,0.0,0.244364023209
1.54972076416e-06,0.0,0.0,0.245560988784
1.23679637909e-06,0.0,0.0,-0.197372719646
1.07288360596e-06,0.0,0.0,-0.202055990696
1.67638063431e-06,0.0,0.0,0.244887709618
1.76578760147e-06,0.0,0.0,0.246054187417
1.4528632164e-06,0.0,0.0,-0.18300652504
1.26659870148e-06,0.0,0.0,-0.190211132169
1.89989805222e-06,0.0,0.0,0.244739726186
1.99675559998e-06,0.0,0.0,0.24601508677
1.7061829567e-06,0.0,0.0,-0.167614012957
1.49756669998e-06,0.0,0.0,-0.176337629557
2.16066837311e-06,0.0,0.0,0.24401409924
2.1904706955e-06,0.0,0.0,0.24536024034
1.78813934326e-06,0.0,0.0,-0.167194247246
1.53481960297e-06,0.0,0.0,-0.182895287871
1.73598527908e-06,0.0,0.0,0.242883309722
1.81794166565e-06,0.0,0.0,0.245025336742
1.95950269699e-06,0.0,0.0,-0.17460565269
1.80304050446e-06,0.0,0.0,-0.185828134418
2.88337469101e-06,0.0,0.0,0.243562832475
3.02493572235e-06,0.0,0.0,0.24515093863
2.40653753281e-06,0.0,0.0,-0.181061804295
2.73436307907e-06,0.0,0.0,-0.192302897573
3.47197055817e-06,0.0,0.0,0.242501854897
4.64171171188e-06,0.0,0.0,0.244112491608
3.37511301041e-06,0.0,0.0,-0.194449827075
2.99513339996e-06,0.0,0.0,-0.202143236995
5.55068254471e-06,0.0,0.0,0.242752313614
5.76674938202e-06,0.0,0.0,0.244264140725
4.06056642532e-06,0.0,0.0,-0.194928511977
4.73111867905e-06,0.0,0.0,-0.201430663466
7.12275505066e-06,0.0,0.0,0.242616757751
9.87201929092e-06,0.0,0.0,0.244115322828
9.08970832825e-06,0.0,0.0,-0.190451011062
8.4862112999e-06,0.0,0.0,-0.197849214077
1.6838312149e-05,0.0,0.0,0.241997987032
1.77398324013e-05,0.0,0.0,0.243683204055
1.55344605446e-05,0.0,0.0,-0.188066646457
1.43721699715e-05,0.0,0.0,-0.196249261498
2.91988253593e-05,0.0,0.0,0.241600319743
3.03760170937e-05,0.0,0.0,0.243588849902
2.621114254e-05,0.0,0.0,-0.18318811059
2.40579247475e-05,0.0,0.0,-0.192587167025
3.72231006622e-05,0.0,0.0,0.24063166976
3.77520918846e-05,0.0,0.0,0.242547526956
2.3327767849e-05,0.0,0.0,-0.192637249827
2.08914279938e-05,0.0,0.0,-0.205537423491
4.66108322144e-05,0.0,0.0,0.238047599792
4.83766198158e-05,0.0,0.0,0.241026893258
2.71871685982e-05,0.0,0.0,-0.208392888308
3.14712524414e-05,0.0,0.0,-0.218070968986
6.19143247604e-05,0.0,0.0,0.237322390079
8.67545604706e-05,0.0,0.0,0.240877762437
6.12065196037e-05,0.0,0.0,-0.209860056639
5.60060143471e-05,0.0,0.0,-0.218549415469
0.000149093568325,0.0,0.0,0.237333759665
0.000215336680412,0.0,0.0,0.241198837757
0.000120468437672,0.0,0.0,-0.201959356666
0.000147581100464,0.0,0.0,-0.207765981555
0.000384025275707,0.0,0.0,0.239228069782
0.000426024198532,0.0,0.0,0.242365151644
0.000324472784996,0.0,0.0,-0.183498829603
0.000388875603676,0.0,0.0,-0.191208422184
0.0007139518857,0.0,0.0,0.23833912611
0.000987812876701,0.0,0.0,0.241423621774
0.000770151615143,0.0,0.0,-0.170469969511
0.000687278807163,0.0,0.0,-0.186284288764
0.00153033435345,0.0,0.0,0.235191941261
0.00167571008205,0.0,0.0,0.239480361342
0.000970460474491,0.0,0.0,-0.176014825702
0.0010859593749,0.0,0.0,-0.190516322851
0.00190745294094,0.0,0.0,0.234092608094
0.00271117687225,0.0,0.0,0.238432765007
0.00191259384155,0.0,0.0,-0.182605341077
0.00159664452076,0.0,0.0,-0.201663032174
0.00374359637499,0.0,0.0,0.231943577528
0.00534502416849,0.0,0.0,0.238238796592
0.00280725210905,0.0,0.0,-0.190680608153
0.00312373787165,0.0,0.0,-0.207097902894
0.00600661337376,0.0,0.0,0.231642857194
0.00638740509748,0.0,0.0,0.236964464188
0.00416533648968,0.0,0.0,-0.200613677502
0.00366885960102,0.0,0.0,-0.217504441738
0.00705301761627,0.0,0.0,0.227759376168
0.00960528105497,0.0,0.0,0.233885064721
0.00489187985659,0.0,0.0,-0.212577953935
0.00436908751726,0.0,0.0,-0.224543586373
0.00888641178608,0.0,0.0,0.228433147073
0.00926775485277,0.0,0.0,0.233983084559
0.00461890548468,0.0,0.0,-0.214914485812
0.00330674648285,0.0,0.0,-0.225227981806
0.00684541463852,0.0,0.0,0.229314595461
0.00717493146658,0.0,0.0,0.235263392329
0.00370962172747,0.0,0.0,-0.210103884339
0.0034441575408,0.0,0.0,-0.220621272922
0.00688384473324,0.0,0.0,0.229901045561
0.00699020922184,0.0,0.0,0.235217094421
0.00373247265816,0.0,0.0,-0.207509532571
0.00349464267492,0.0,0.0,-0.218660742044
0.00683925300837,0.0,0.0,0.229703873396
0.00694829970598,0.0,0.0,0.235647574067
0.00385659188032,0.0,0.0,-0.202636480331
0.00366076081991,0.0,0.0,-0.214696377516
0.00881869345903,0.0,0.0,0.228490501642
0.00897609442472,0.0,0.0,0.233382254839
0.00485793501139,0.0,0.0,-0.210590660572
0.00456330925226,0.0,0.0,-0.223153650761
0.00893080234528,0.0,0.0,0.225014507771
0.00915886461735,0.0,0.0,0.230693981051
0.00470733642578,0.0,0.0,-0.220335960388
0.0056741759181,0.0,0.0,-0.228472620249
0.0113954767585,0.0,0.0,0.22466494143
0.0116290897131,0.0,0.0,0.229841798544
0.00588162988424,0.0,0.0,-0.222790494561
0.0055106729269,0.0,0.0,-0.230990156531
0.0112301930785,0.0,0.0,0.2222148031
0.0114615112543,0.0,0.0,0.227899178863
0.00443854928017,0.0,0.0,-0.225995123386
0.00418539345264,0.0,0.0,-0.23183119297
0.00878621637821,0.0,0.0,0.225191533566
0.00888068974018,0.0,0.0,0.230760738254
0.00447829067707,0.0,0.0,-0.220854043961
0.00324342399836,0.0,0.0,-0.229247003794
0.00655454397202,0.0,0.0,0.225721403956
0.00658424198627,0.0,0.0,0.232018992305
0.002655364573,0.0,0.0,-0.21734534204
0.0025275349617,0.0,0.0,-0.225376740098
0.00654398649931,0.0,0.0,0.228389933705
0.00664313137531,0.0,0.0,0.233490273356
0.00359090417624,0.0,0.0,-0.213221892715
0.00344803184271,0.0,0.0,-0.223121270537
0.00676456093788,0.0,0.0,0.22781188786
0.00679153949022,0.0,0.0,0.233977124095
0.00372254103422,0.0,0.0,-0.209760159254
0.0035564750433,0.0,0.0,-0.219447225332
0.00677862763405,0.0,0.0,0.228717982769
0.00869505107403,0.0,0.0,0.234511658549
0.0050757303834,0.0,0.0,-0.203352227807
0.00493411719799,0.0,0.0,-0.211548596621
0.0114072337747,0.0,0.0,0.231486558914
0.0115313455462,0.0,0.0,0.23656091094
0.00699680298567,0.0,0.0,-0.189413771033
0.00666367262602,0.0,0.0,-0.201829358935
0.0110957324505,0.0,0.0,0.230184480548
0.00875580310822,0.0,0.0,0.235910430551
0.0053463280201,0.0,0.0,-0.186700612307
0.00518709421158,0.0,0.0,-0.199251383543
0.00868289172649,0.0,0.0,0.230758592486
0.00876574963331,0.0,0.0,0.235562339425
0.00534196943045,0.0,0.0,-0.192761495709
0.00499321520329,0.0,0.0,-0.210436329246
0.00883668661118,0.0,0.0,0.224589690566
0.00886784493923,0.0,0.0,0.231326043606
0.00495387613773,0.0,0.0,-0.209040805697
0.00460779666901,0.0,0.0,-0.222043052316
0.00871891528368,0.0,0.0,0.223246738315
0.00865692645311,0.0,0.0,0.229889810085
0.00347691774368,0.0,0.0,-0.219516307116
0.00318763405085,0.0,0.0,-0.22946678102
0.00496062636375,0.0,0.0,0.222516193986
0.00501438975334,0.0,0.0,0.229323342443
0.0024775415659,0.0,0.0,-0.223646000028
0.0017835944891,0.0,0.0,-0.231408953667
0.00357267260551,0.0,0.0,0.223997533321
0.0028321146965,0.0,0.0,0.230093151331
0.00137002766132,0.0,0.0,-0.225251361728
0.00100117921829,0.0,0.0,-0.233193427324
0.00203783065081,0.0,0.0,0.222897067666
0.0020580291748,0.0,0.0,0.229517862201
0.00100541859865,0.0,0.0,-0.226443186402
0.000747308135033,0.0,0.0,-0.232566192746
0.00153542309999,0.0,0.0,0.226363018155
0.00154885649681,0.0,0.0,0.232792794704
0.000785328447819,0.0,0.0,-0.222059369087
0.000749543309212,0.0,0.0,-0.22940595448
0.00150828063488,0.0,0.0,0.22691385448
0.00154123455286,0.0,0.0,0.232863485813
0.000799134373665,0.0,0.0,-0.221957787871
0.000776223838329,0.0,0.0,-0.230644017458
0.00205280631781,0.0,0.0,0.224660113454
0.00207968056202,0.0,0.0,0.230718642473
0.00105948001146,0.0,0.0,-0.224537625909
0.00102175027132,0.0,0.0,-0.232298538089
0.00160329043865,0.0,0.0,0.223314493895
0.00157645344734,0.0,0.0,0.230518653989
0.000802785158157,0.0,0.0,-0.221847623587
0.000768393278122,0.0,0.0,-0.229058995843
0.00116650760174,0.0,0.0,0.225934863091
0.00113271176815,0.0,0.0,0.232785001397
0.000590555369854,0.0,0.0,-0.220458671451
0.000443987548351,0.0,0.0,-0.229142174125
0.000870510935783,0.0,0.0,0.226443469524
0.000862240791321,0.0,0.0,0.232297852635
0.000455871224403,0.0,0.0,-0.224660634995
0.000583060085773,0.0,0.0,-0.230901643634
0.00116614252329,0.0,0.0,0.227432474494
0.00114894658327,0.0,0.0,0.2331084162
0.000619538128376,0.0,0.0,-0.221520558
0.000802561640739,0.0,0.0,-0.228791624308
0.001603923738,0.0,0.0,0.226546481252
0.00160340964794,0.0,0.0,0.232534468174
0.00112907588482,0.0,0.0,-0.219949126244
0.00114217400551,0.0,0.0,-0.228021144867
0.00225289165974,0.0,0.0,0.226623415947
0.00282853841782,0.0,0.0,0.233041509986
0.00161933898926,0.0,0.0,-0.215868398547
0.00210671126842,0.0,0.0,-0.223105788231
0.00397099554539,0.0,0.0,0.227615579963
0.00385096669197,0.0,0.0,0.233316585422
0.00298692286015,0.0,0.0,-0.210162013769
0.00302349030972,0.0,0.0,-0.219676762819
0.00686302036047,0.0,0.0,0.226709529757
0.00676111876965,0.0,0.0,0.23216047883
0.00411175191402,0.0,0.0,-0.212623819709
0.00417590886354,0.0,0.0,-0.222985759377
0.00969491153955,0.0,0.0,0.222638651729
0.00961343199015,0.0,0.0,0.228395149112
0.00565873086452,0.0,0.0,-0.219551488757
0.00733420997858,0.0,0.0,-0.227757185698
0.0136471390724,0.0,0.0,0.219736903906
0.0131105035543,0.0,0.0,0.227040663362
0.00973774492741,0.0,0.0,-0.217589691281
0.009890422225,0.0,0.0,-0.225250095129
0.0174634829164,0.0,0.0,0.221301525831
0.0166549533606,0.0,0.0,0.228925392032
0.0129202827811,0.0,0.0,-0.208988040686
0.0100389719009,0.0,0.0,-0.216942816973
0.0157768279314,0.0,0.0,0.226971015334
0.0147217363119,0.0,0.0,0.233468785882
0.00759479403496,0.0,0.0,-0.199898257852
0.00751426070929,0.0,0.0,-0.208986654878
0.0116389095783,0.0,0.0,0.228935107589
0.00842866301537,0.0,0.0,0.235542625189
0.00581697374582,0.0,0.0,-0.188291698694
0.00580602139235,0.0,0.0,-0.201713770628
0.00873742252588,0.0,0.0,0.227952212095
0.00815355032682,0.0,0.0,0.234976798296
0.00588177889585,0.0,0.0,-0.186076760292
0.00583523511887,0.0,0.0,-0.200979933143
0.00871525704861,0.0,0.0,0.228456109762
0.00820513814688,0.0,0.0,0.235118731856
0.00584650784731,0.0,0.0,-0.188413619995
0.00440762937069,0.0,0.0,-0.205948531628
0.00666115432978,0.0,0.0,0.226973935962
0.00484379380941,0.0,0.0,0.23507116735
0.00321362167597,0.0,0.0,-0.193919599056
0.0024206712842,0.0,0.0,-0.207897976041
0.0037354528904,0.0,0.0,0.229683041573
0.00268517434597,0.0,0.0,0.236572563648
0.00174702703953,0.0,0.0,-0.196993142366
0.00170496851206,0.0,0.0,-0.210655346513
0.0021843239665,0.0,0.0,0.229202583432
0.00206097960472,0.0,0.0,0.235052704811
0.00130413472652,0.0,0.0,-0.205616846681
0.00127454847097,0.0,0.0,-0.218449428678
0.0022459551692,0.0,0.0,0.22791017592
0.00212119519711,0.0,0.0,0.234487071633
0.00128367543221,0.0,0.0,-0.209713086486
0.00128294527531,0.0,0.0,-0.219334170222
0.00227472931147,0.0,0.0,0.228604614735
0.00211948901415,0.0,0.0,0.234972789884
0.00133427977562,0.0,0.0,-0.208759963512
0.00136265903711,0.0,0.0,-0.219885990024
0.00312919169664,0.0,0.0,0.227674901485
0.00300645083189,0.0,0.0,0.233951896429
0.00195553153753,0.0,0.0,-0.210419028997
0.00200912356377,0.0,0.0,-0.221388176084
0.00455048680305,0.0,0.0,0.225169599056
0.00435108691454,0.0,0.0,0.231764912605
0.00277583301067,0.0,0.0,-0.213335558772
0.00364486128092,0.0,0.0,-0.222635954618
0.00641199946404,0.0,0.0,0.222678527236
0.00602458417416,0.0,0.0,0.229368790984
0.00373382121325,0.0,0.0,-0.216400891542
0.00375256687403,0.0,0.0,-0.224033087492
0.00645615905523,0.0,0.0,0.224062204361
0.00597128272057,0.0,0.0,0.231243789196
0.0038748010993,0.0,0.0,-0.211759015918
0.00400733202696,0.0,0.0,-0.220576733351
0.00864354521036,0.0,0.0,0.223653078079
0.00824028253555,0.0,0.0,0.23012496531
0.00718262791634,0.0,0.0,-0.211607545614
0.00769704580307,0.0,0.0,-0.222408860922
0.0166969895363,0.0,0.0,0.218858033419
0.0206481590867,0.0,0.0,0.225116640329
0.0177161544561,0.0,0.0,-0.215128481388
0.0180872902274,0.0,0.0,-0.225616559386
0.0292831733823,0.0,0.0,0.214921325445
0.0343958437443,0.0,0.0,0.221769228578
0.0224584266543,0.0,0.0,-0.22047559917
0.0222256332636,0.0,0.0,-0.228144466877
0.0370708927512,0.0,0.0,0.213829398155
0.0349244102836,0.0,0.0,0.221469298005
0.0217840746045,0.0,0.0,-0.222190588713
0.0280851721764,0.0,0.0,-0.228421106935
0.0454743131995,0.0,0.0,0.215231209993
0.0398836582899,0.0,0.0,0.22397108376
0.0197136923671,0.0,0.0,-0.218139842153
0.0199947208166,0.0,0.0,-0.224199131131
0.033007055521,0.0,0.0,0.220898061991
0.0298369452357,0.0,0.0,0.228582441807
0.0201312378049,0.0,0.0,-0.212039172649
0.0205787569284,0.0,0.0,-0.221885770559
0.032147295773,0.0,0.0,0.220235645771
0.030131302774,0.0,0.0,0.227744698524
0.0203090235591,0.0,0.0,-0.213071122766
0.020272731781,0.0,0.0,-0.221341356635
0.0311462059617,0.0,0.0,0.221227943897
0.0288269966841,0.0,0.0,0.228124901652
0.0190153345466,0.0,0.0,-0.214048162103
0.0149386674166,0.0,0.0,-0.224252253771
0.0243814438581,0.0,0.0,0.220107331872
0.0233410596848,0.0,0.0,0.227424353361
0.0148919224739,0.0,0.0,-0.213956147432
0.0147999450564,0.0,0.0,-0.222492426634
0.0238238796592,0.0,0.0,0.221468657255
0.0223833695054,0.0,0.0,0.227929010987
0.0143759921193,0.0,0.0,-0.21431492269
0.0112620443106,0.0,0.0,-0.224874079227
0.0190861076117,0.0,0.0,0.219257667661
0.0184141993523,0.0,0.0,0.226030141115
0.011157348752,0.0,0.0,-0.217717289925
0.010988086462,0.0,0.0,-0.226771622896
0.0150662064552,0.0,0.0,0.218235865235
0.0139765962958,0.0,0.0,0.22591856122
0.00829713046551,0.0,0.0,-0.217427864671
0.00820475071669,0.0,0.0,-0.224271297455
0.0110057666898,0.0,0.0,0.223076283932
0.0100148543715,0.0,0.0,0.230460122228
0.00638676434755,0.0,0.0,-0.208954975009
0.00643678754568,0.0,0.0,-0.217762082815
0.0104771852493,0.0,0.0,0.225293010473
0.00963804125786,0.0,0.0,0.23224721849
0.00670052319765,0.0,0.0,-0.202549681067
0.00691048800945,0.0,0.0,-0.213121265173
0.010787256062,0.0,0.0,0.224841818213
0.010103136301,0.0,0.0,0.231582731009
0.00726751238108,0.0,0.0,-0.203943714499
0.00586105883121,0.0,0.0,-0.216137483716
0.00912000983953,0.0,0.0,0.224248126149
0.00851023942232,0.0,0.0,0.231402009726
0.00613082945347,0.0,0.0,-0.206455096602
0.00634311139584,0.0,0.0,-0.216453641653
0.00732563436031,0.0,0.0,0.226547464728
0.00653990358114,0.0,0.0,0.233025237918
0.00495486706495,0.0,0.0,-0.205353930593
0.0040917173028,0.0,0.0,-0.217244297266
0.00606936961412,0.0,0.0,0.226719677448
0.00542797893286,0.0,0.0,0.233295619488
0.00411430001259,0.0,0.0,-0.206128045917
0.00345052778721,0.0,0.0,-0.217397466302
0.00511886924505,0.0,0.0,0.22694401443
0.00353740155697,0.0,0.0,0.233590528369
0.00258587300777,0.0,0.0,-0.206721141934
0.00209848582745,0.0,0.0,-0.214956268668
0.00276967138052,0.0,0.0,0.232396289706
0.0018008723855,0.0,0.0,0.238052889705
0.00141168385744,0.0,0.0,-0.194935366511
0.00113103538752,0.0,0.0,-0.204123839736
0.00106988847256,0.0,0.0,0.23593968153
0.000927023589611,0.0,0.0,0.239868700504
0.000622190535069,0.0,0.0,-0.191347256303
0.000676780939102,0.0,0.0,-0.203978672624
0.000703379511833,0.0,0.0,0.234408587217
0.0,0.0,0.0,0.0
0.0,193.616424,0.0,0.0
0.228953868151,0.0,0.0,0.25
0.0981628969312,0.0,0.0,0.118889033794
0.18834502995,0.0,0.0,0.19263266027
0.187792122364,0.0,0.0,0.25
0.227233156562,0.0,0.0,0.25
0.25,0.0,0.0,0.183209732175
0.25,0.0,0.0,0.25
0.25,0.0,0.0,-0.0813501253724
0.25,0.0,0.0,0.201134264469
0.25,0.0,0.0,0.25
0.240340575576,0.0,0.0,0.25
0.216128706932,0.0,0.0,0.25
0.240026339889,0.0,0.0,0.25
0.25,0.0,0.0,0.25
0.0452717617154,0.0,0.0,0.25
0.186643838882,0.0,0.0,0.25
0.24918268621,0.0,0.0,0.25
0.204075470567,0.0,0.0,0.25
0.108526408672,0.0,0.0,0.25
0.152701973915,0.0,0.0,0.25
0.171998023987,0.0,0.0,0.25
0.199634343386,0.0,0.0,0.25
0.123930230737,0.0,0.0,-0.14691850543
0.167457893491,0.0,0.0,-0.25
0.156022876501,0.0,0.0,-0.0838345438242
0.118139497936,0.0,0.0,0.162429511547
0.0,0.0,0.0,-0.118110001087
0.00687980139628,0.0,0.0,-0.25
0.0740615725517,0.0,0.0,-0.25
0.102379731834,0.0,0.0,-0.118710301816
0.163951516151,0.0,0.0,0.0507406629622
0.124597795308,0.0,0.0,-0.00173645035829
0.25,0.0,0.0,-0.0454000867903
0.25,0.0,0.0,-0.0262211170048
0.25,0.0,0.0,0.10012140125
0.25,0.0,0.0,0.25
0.25,0.0,0.0,0.132262170315
0.25,0.0,0.0,0.1479755193
0.25,0.0,0.0,0.233526706696
0.25,0.0,0.0,0.25
0.25,0.0,0.0,0.202332049608
0.25,0.0,0.0,0.0635965019464
0.25,0.0,0.0,0.00790645461529
0.25,0.0,0.0,0.0293812192976
0.25,0.0,0.0,0.0894938483834
0.25,0.0,0.0,0.0473132841289
0.25,0.0,0.0,0.0605019256473
0.25,0.0,0.0,0.213965699077
0.25,0.0,0.0,0.0728581175208
0.25,0.0,0.0,-0.0392072312534
0.25,0.0,0.0,-0.0955963805318
0.25,0.0,0.0,-0.220041409135
0.25,0.0,0.0,-0.0624099522829
0.241768121719,0.0,0.0,-0.25
0.192913964391,0.0,0.0,-0.155968889594
0.165180549026,0.0,0.0,-0.0348734557629
0.207933992147,0.0,0.0,-0.208470642567
0.25,0.0,0.0,-0.25
0.25,0.0,0.0,-0.25
0.25,0.0,0.0,-0.25
0.25,0.0,0.0,-0.25
0.213906526566,0.0,0.0,-0.25
0.25,0.0,0.0,-0.25
0.25,0.0,0.0,-0.211628392339
0.108108438551,0.0,0.0,-0.103827789426
0.0,0.0,0.0,-0.205463290215
0.0656941011548,0.0,0.0,-0.0602641403675
0.169683471322,0.0,0.0,-0.038642346859
0.25,0.0,0.0,0.0797028169036
0.238587424159,0.0,0.0,-0.0931277275085
0.0941487774253,0.0,0.0,0.0351864509284
0.18437628448,0.0,0.0,0.111404135823
0.217189237475,0.0,0.0,0.0823755189776
0.25,0.0,0.0,0.0773219168186
0.213753387332,0.0,0.0,-0.0918308496475
0.202483013272,0.0,0.0,-0.25
0.180557370186,0.0,0.0,-0.203314557672
0.25,0.0,0.0,-0.25
0.25,0.0,0.0,-0.25
0.25,0.0,0.0,-0.25
0.25,0.0,0.0,-0.25
0.25,0.0,0.0,-0.25
0.25,0.0,0.0,-0.25
0.25,0.0,0.0,-0.177526637912
0.0,0.0,0.0,0.0715714171529
0.0,0.0,0.0,0.0
0.0337814427912,0.0,0.0,0.1510245502
0.178976610303,0.0,0.0,0.227661862969
0.25,0.0,0.0,0.25
0.173472821712,0.0,0.0,0.110354922712
0.215830013156,0.0,0.0,0.25
0.0,0.0,0.0,0.25
0.0,0.0,0.0,0.25
0.0443075336516,0.0,0.0,0.25
0.159593254328,0.0,0.0,0.25
0.0904081165791,0.0,0.0,-0.174389436841
0.187372609973,0.0,0.0,-0.25
0.25,0.0,0.0,0.1702670753
0.25,0.0,0.0,0.206266820431
0.25,0.0,0.0,0.0586483553052
0.25,0.0,0.0,-0.25
0.25,0.0,0.0,-0.25
0.25,0.0,0.0,-0.25
0.25,0.0,0.0,0.20703214407
0.25,0.0,0.0,0.0345656201243
0.0,0.0,0.0,0.0
0.25,0.0,0.0,-0.25
0.25,0.0,0.0,0.0290753729641
0.132528483868,0.0,0.0,0.25
0.100712329149,0.0,0.0,0.13662686944
0.25,0.0,0.0,0.25
0.25,0.0,0.0,0.25
0.25,0.0,0.0,0.25
0.25,0.0,0.0,0.173650234938
0.25,0.0,0.0,-0.217286929488
0.25,0.0,0.0,0.25
0.25,0.0,0.0,0.25
0.00180591258686,0.0,0.0,-0.187658071518
0.0886253789067,0.0,0.0,-0.107799716294
0.0,0.0,0.0,-0.25
0.0,0.0,0.0,-0.25
0.0,0.0,0.0,-0.25
0.0,0.0,0.0,-0.0476608201861
0.0,0.0,0.0,-0.0862551257014
0.129636451602,0.0,0.0,0.25
0.0590816624463,0.0,0.0,0.25
0.0,0.0,0.0,0.0395354703069
0.0,0.0,0.0,-0.147620022297
0.0,0.0,0.0,-0.180096149445
0.0491358861327,0.0,0.0,0.25
0.0,0.0,0.0,0.25
0.0,0.0,0.0,0.0
0.0,0.0,0.0,0.25
0.25,0.0,0.0,0.25
0.201543524861,0.0,0.0,0.25
0.213379025459,0.0,0.0,0.141642138362
0.25,0.0,0.0,-0.120326325297
0.218120187521,0.0,0.0,-0.25
0.241022989154,0.0,0.0,-0.25
0.163718134165,0.0,0.0,-0.0734750851989
0.25,0.0,0.0,0.0393760539591
0.25,0.0,0.0,0.183132454753
0.214541137218,0.0,0.0,0.17986959219
0.25,0.0,0.0,-0.25
0.0795852765441,0.0,0.0,-0.25
0.25,0.0,0.0,-0.25
0.158770009875,0.0,0.0,-0.25
0.0,0.0,0.0,0.0
0.0,0.0,0.0,-0.0526275150478
0.25,0.0,0.0,0.171808600426
0.25,0.0,0.0,0.25
0.25,0.0,0.0,0.25
0.0230877678841,0.0,0.0,0.25
0.25,0.0,0.0,0.25
0.25,0.0,0.0,0.25
0.25,0.0,0.0,0.25
0.25,0.0,0.0,-0.084533110261
0.122848406434,0.0,0.0,-0.189345091581
0.0738976374269,0.0,0.0,-0.25
0.161445468664,0.0,0.0,-0.0865859091282
0.163892015815,0.0,0.0,-0.0867184251547
0.25,0.0,0.0,-0.25
0.0930753275752,0.0,0.0,0.0617142878473
0.0,0.0,0.0,0.0
0.0,0.0,0.0,0.25
0.227595433593,0.0,0.0,0.25
0.0399185791612,0.0,0.0,0.25
0.25,0.0,0.0,0.25
0.25,0.0,0.0,0.25
0.25,0.0,0.0,-0.25
0.0356123782694,0.0,0.0,-0.25
0.0716974511743,0.0,0.0,-0.25
0.137892872095,0.0,0.0,0.0213288124651
0.0,0.0,0.0,-0.106985203922
0.0,0.0,0.0,0.25
0.0960969552398,0.0,0.0,0.25
0.0,0.0,0.0,0.25
0.0,0.0,0.0,0.118541680276
0.0,0.0,0.0,-0.23762473464
0.0,0.0,0.0,-0.0993289127946
0.0,0.0,0.0,-0.25
0.0,0.0,0.0,-0.25
0.0,0.0,0.0,-0.25
0.0,0.0,0.0,-0.0863196700811
0.0,0.0,0.0,0.0191539227962
0.0,0.0,0.0,-0.0350956954062
0.0,0.0,0.0,0.0405457504094
0.0,0.0,0.0,0.25
0.0,0.0,0.0,0.0248378403485
0.0,0.0,0.0,-0.104696527123
0.0,0.0,0.0,-0.0780643671751
0.0,0.0,0.0,-0.0997297167778
0.0,0.0,0.0,-0.0130750695243
0.0,0.0,0.0,0.0253989845514
0.0389932543039,0.0,0.0,0.0134799648076
0.0,0.0,0.0,0.175760373473
0.0,0.0,0.0,0.16310377419
0.0,0.0,0.0,0.138644933701
0.0,0.0,0.0,0.0509576760232
0.0517562292516,0.0,0.0,0.25
0.119573235512,0.0,0.0,0.25
0.0376899987459,0.0,0.0,0.25
0.0615883544087,0.0,0.0,0.109742999077
0.0174574833363,0.0,0.0,0.072546698153
0.0257299337536,0.0,0.0,-0.25
0.0669809430838,0.0,0.0,-0.193884775043
0.0625090077519,0.0,0.0,-0.25
0.0757584124804,0.0,0.0,-0.25
0.233188256621,0.0,0.0,-0.0541350841522
0.0,0.0,0.0,0.25
0.0,0.0,0.0,0.25
0.0,0.0,0.0,0.25
0.0,0.0,0.0,-0.085635393858
0.0,0.0,0.0,-0.00873086042702
0.0,0.0,0.0,0.00491338595748
0.0,0.0,0.0,0.194724217057
0.0,0.0,0.0,0.226065903902
0.0,0.0,0.0,0.156227618456
0.0,0.0,0.0,0.228276953101
0.0121325198561,0.0,0.0,0.228731140494
0.0,0.0,0.0,-0.0412490554154
0.0,0.0,0.0,0.0
0.104127936065,0.0,0.0,0.0827348455787
0.25,0.0,0.0,-0.0557842925191
0.25,0.0,0.0,-0.160165384412
0.25,0.0,0.0,-0.25
0.25,0.0,0.0,-0.25
0.25,0.0,0.0,-0.25
0.25,0.0,0.0,-0.25
0.25,0.0,0.0,-0.25
0.25,0.0,0.0,0.25
0.25,0.0,0.0,0.25
0.25,0.0,0.0,0.25
0.225323751569,0.0,0.0,0.127941608429
0.180116161704,0.0,0.0,0.078084461391
0.147674903274,0.0,0.0,0.215350106359
0.0,0.0,0.0,0.25
0.0,0.0,0.0,0.25
0.206218674779,0.0,0.0,0.25
0.24795383215,0.0,0.0,0.25
0.0,0.0,0.0,0.25
0.061874255538,0.0,0.0,0.25
0.0,0.0,0.0,0.25
0.0,0.0,0.0,0.25
0.0,0.0,0.0,0.25
0.0,0.0,0.0,0.189664468169
0.0,0.0,0.0,0.25
0.0,0.0,0.0,0.25
0.015354488045,0.0,0.0,0.215466558933
0.0,0.0,0.0,-0.0441129244864
0.0,0.0,0.0,0.25
0.0,0.0,0.0,0.25
0.124160446227,0.0,0.0,0.25
0.0891846716404,0.0,0.0,0.25
0.15011999011,0.0,0.0,0.25
0.0696741938591,0.0,0.0,0.25
0.0574723668396,0.0,0.0,0.25
0.0,0.0,0.0,0.25
0.0327124297619,0.0,0.0,0.25
0.057236045599,0.0,0.0,0.25
0.227595746517,0.0,0.0,0.25
0.0361141376197,0.0,0.0,0.25
0.0659787431359,0.0,0.0,0.25
0.117495775223,0.0,0.0,0.25
0.00247490033507,0.0,0.0,0.25
0.230143085122,0.0,0.0,0.25
0.21294271946,0.0,0.0,0.25
0.0,0.0,0.0,0.25
0.0096928216517,0.0,0.0,-0.180129021406
0.143637299538,0.0,0.0,0.102889962494
0.101250573993,0.0,0.0,-0.248928517103
0.105101242661,0.0,0.0,-0.243167579174
0.0276646371931,0.0,0.0,-0.226219296455
0.109258040786,0.0,0.0,0.227525398135
0.21323351562,0.0,0.0,0.25
0.0822079926729,0.0,0.0,0.25
0.0237942207605,0.0,0.0,0.0342913046479
0.0,0.0,0.0,0.100245885551
0.0,0.0,0.0,0.25
0.0,0.0,0.0,0.25
0.0,0.0,0.0,0.25
0.133935213089,0.0,0.0,0.25
0.0,0.0,0.0,0.25
0.0,0.0,0.0,0.245389267802
0.25,0.0,0.0,0.25
0.0559527650476,0.0,0.0,0.25
0.0249906834215,0.0,0.0,0.25
0.0,0.0,0.0,0.214228779078
0.118919812143,0.0,0.0,-0.25
0.0417170077562,0.0,0.0,-0.25
0.167833596468,0.0,0.0,-0.25
0.167587459087,0.0,0.0,-0.173920422792
0.25,0.0,0.0,-0.0174421966076
0.25,0.0,0.0,0.144243881106
0.165592476726,0.0,0.0,0.25
0.25,0.0,0.0,0.0778311863542
0.25,0.0,0.0,0.25
0.25,0.0,0.0,0.25
0.194909200072,0.0,0.0,0.25
0.18605196476,0.0,0.0,-0.152021989226
0.25,0.0,0.0,0.0741333290935
0.0201678927988,0.0,0.0,-0.0745917484164
0.0,0.0,0.0,0.25
0.0923262163997,0.0,0.0,0.25
0.0,0.0,0.0,0.25
0.0,0.0,0.0,0.25
0.0,0.0,0.0,0.25
0.0,0.0,0.0,0.0304039306939
0.0,0.0,0.0,0.25
0.0,0.0,0.0,0.245245561004
0.0,0.0,0.0,0.216957002878
0.028293158859,0.0,0.0,0.0311734173447
0.0,0.0,0.0,0.25
0.0,0.0,0.0,0.196628391743
0.0,0.0,0.0,0.25
0.0938786640763,0.0,0.0,0.25
0.0,0.0,0.0,0.25
0.0,0.0,0.0,0.25
0.0,0.0,0.0,0.25
0.0,0.0,0.0,0.25
0.0,0.0,0.0,0.0366784222424
0.0,0.0,0.0,0.180548146367
0.00316862901673,0.0,0.0,0.25
0.0256527513266,0.0,0.0,0.0986796021461
0.241528555751,0.0,0.0,-0.083685092628
0.25,0.0,0.0,0.0969273149967
0.25,0.0,0.0,0.142012149096
0.25,0.0,0.0,0.25
0.25,0.0,0.0,0.100071720779
0.217200890183,0.0,0.0,0.25
0.015655906871,0.0,0.0,0.217602670193
0.203299403191,0.0,0.0,0.25
0.127319395542,0.0,0.0,0.25
0.110614396632,0.0,0.0,0.25
0.121957615018,0.0,0.0,0.25
0.235082775354,0.0,0.0,0.25
0.206342875957,0.0,0.0,0.25
0.153110578656,0.0,0.0,0.25
0.220577552915,0.0,0.0,0.25
0.0,0.0,0.0,-0.00651789363474
0.25,0.0,0.0,0.25
0.25,0.0,0.0,0.25
0.182907029986,0.0,0.0,0.25
0.25,0.0,0.0,0.25
0.25,0.0,0.0,0.25
0.25,0.0,0.0,0.25
0.25,0.0,0.0,0.25
0.25,0.0,0.0,0.0221602618694
0.25,0.0,0.0,-0.0609661713243
0.204762369394,0.0,0.0,-0.234075337648
0.139786332846,0.0,0.0,-0.180051445961
0.229595169425,0.0,0.0,0.00554852560163
0.101581931114,0.0,0.0,0.143464922905
0.0449980944395,0.0,0.0,0.20295663178
0.0,0.0,0.0,0.0504576712847
0.090373583138,0.0,0.0,-0.246955171227
0.134099304676,0.0,0.0,0.0130114937201
0.193031683564,0.0,0.0,-0.207244351506
0.25,0.0,0.0,-0.0448636561632
0.25,0.0,0.0,-0.132812976837
0.126446664333,0.0,0.0,-0.25
0.0527934506536,0.0,0.0,-0.25
0.0,0.0,0.0,-0.25
0.0,0.0,0.0,0.0244046449661
0.0,0.0,0.0,-0.0815717503428
0.0,0.0,0.0,-0.0672413110733
0.0,0.0,0.0,0.0403289198875
0.00427331589162,0.0,0.0,-0.25
0.0,0.0,0.0,0.0942003279924
0.0,0.0,0.0,0.108764708042
0.0,0.0,0.0,0.21706815064
0.0407297089696,0.0,0.0,0.194442182779
0.128820806742,0.0,0.0,-0.197027310729
0.108981795609,0.0,0.0,-0.25
0.11187390238,0.0,0.0,-0.0276462752372
0.129806861281,0.0,0.0,0.0222389604896
0.177947148681,0.0,0.0,-0.0336477309465
0.0708331167698,0.0,0.0,0.127723172307
0.0,0.0,0.0,0.0
0.0,556.978522,0.0,0.0
0.139163866639,0.0,0.0,-0.0932385325432
0.25,0.0,0.0,0.0282174926251
0.25,0.0,0.0,0.0685535892844
0.25,0.0,0.0,-0.182586282492
0.25,0.0,0.0,0.0922701582313
0.25,0.0,0.0,0.25
0.166210666299,0.0,0.0,0.25
0.243655174971,0.0,0.0,0.248017162085
0.25,0.0,0.0,0.200257524848
0.25,0.0,0.0,0.0537153147161
0.25,0.0,0.0,0.25
0.142852380872,0.0,0.0,0.25
0.0270938221365,0.0,0.0,0.25
0.0,0.0,0.0,0.0
0.0525928102434,0.0,0.0,0.25
0.25,0.0,0.0,0.205974057317
0.25,0.0,0.0,0.145297005773
0.25,0.0,0.0,0.214075952768
0.25,0.0,0.0,0.0649688914418
0.25,0.0,0.0,-0.164026930928
0.25,0.0,0.0,0.14532263577
0.25,0.0,0.0,0.0200031511486
0.25,0.0,0.0,0.0660209655762
0.25,0.0,0.0,0.25
0.240226373076,0.0,0.0,0.25
0.0,0.0,0.0,0.25
0.0803986266255,0.0,0.0,0.25
0.119656056166,0.0,0.0,0.25
0.25,0.0,0.0,0.25
0.25,0.0,0.0,0.25
0.25,0.0,0.0,0.25
0.25,0.0,0.0,0.25
0.25,0.0,0.0,0.25
0.25,0.0,0.0,0.25
0.25,0.0,0.0,0.0512623228133
0.120740428567,0.0,0.0,0.25
0.0956506431103,0.0,0.0,0.25
0.0,0.0,0.0,0.25
0.0,0.0,0.0,0.25
0.137394413352,0.0,0.0,0.25
0.173932895064,0.0,0.0,0.25
0.07645765692,0.0,0.0,0.25
0.0759467110038,0.0,0.0,0.204594522715
0.220943376422,0.0,0.0,0.0585731193423
0.174310669303,0.0,0.0,-0.162991926074
0.0735890641809,0.0,0.0,-0.130205199122
0.0176682490855,0.0,0.0,-0.129504680634
0.0249209813774,0.0,0.0,-0.25
0.0790359824896,0.0,0.0,-0.25
0.0,0.0,0.0,-0.25
0.0,0.0,0.0,0.195698142052
0.0,0.0,0.0,0.145719856024
