0.0,0.836098,0.0,0.0
-0.25,0.0,0.0,0.25
-0.25,0.0,0.0,0.25
-0.25,0.0,0.0,0.25
-0.25,0.0,0.0,0.25
-0.25,0.0,0.0,0.25
-0.25,0.0,0.0,0.25
-0.25,0.0,0.0,0.25
-0.25,0.0,0.0,0.25
-0.25,0.0,0.0,0.25
-0.25,0.0,0.0,0.25
-0.25,0.0,0.0,0.25
-0.25,0.0,0.0,0.25
-0.25,0.0,0.0,0.25
-0.25,0.0,0.0,0.25
-0.25,0.0,0.0,0.25
-0.25,0.0,0.0,0.25
-0.25,0.0,0.0,0.25
-0.25,0.0,0.0,0.25
-0.25,0.0,0.0,0.25
-0.25,0.0,0.0,0.25
-0.25,0.0,0.0,0.25
-0.25,0.0,0.0,0.25
-0.25,0.0,0.0,0.25
-0.25,0.0,0.0,0.25
-0.25,0.0,0.0,0.25
-0.25,0.0,0.0,0.25
-0.25,0.0,0.0,0.25
-0.25,0.0,0.0,0.25
-0.25,0.0,0.0,0.25
-0.25,0.0,0.0,0.25
-0.25,0.0,0.0,0.25
-0.25,0.0,0.0,0.25
-0.25,0.0,0.0,0.25
-0.25,0.0,0.0,0.25
-0.25,0.0,0.0,0.25
-0.25,0.0,0.0,0.25
-0.25,0.0,0.0,0.25
-0.25,0.0,0.0,0.25
-0.25,0.0,0.0,0.25
-0.25,0.0,0.0,0.25
-0.25,0.0,0.0,0.25
-0.25,0.0,0.0,0.25
-0.25,0.0,0.0,0.25
-0.25,0.0,0.0,0.25
-0.25,0.0,0.0,0.25
-0.25,0.0,0.0,0.25
-0.25,0.0,0.0,0.25
-0.25,0.0,0.0,0.25
-0.25,0.0,0.0,0.25
-0.25,0.0,0.0,0.25
-0.25,0.0,0.0,0.25
-0.25,0.0,0.0,0.25
-0.25,0.0,0.0,0.25
-0.25,0.0,0.0,0.25
-0.25,0.0,0.0,0.25
-0.25,0.0,0.0,0.25
-0.25,0.0,0.0,0.25
-0.25,0.0,0.0,0.25
-0.25,0.0,0.0,0.25
-0.25,0.0,0.0,0.25
-0.25,0.0,0.0,0.25
-0.25,0.0,0.0,0.25
-0.25,0.0,0.0,0.25
-0.25,0.0,0.0,0.25
-0.25,0.0,0.0,0.25
-0.25,0.0,0.0,0.25
-0.25,0.0,0.0,0.25
-0.25,0.0,0.0,0.25
-0.25,0.0,0.0,0.25
-0.25,0.0,0.0,0.25
-0.25,0.0,0.0,0.25
-0.25,0.0,0.0,0.25
-0.25,0.0,0.0,0.25
-0.25,0.0,0.0,0.25
-0.25,0.0,0.0,0.25
-0.25,0.0,0.0,0.25
-0.25,0.0,0.0,0.25
-0.25,0.0,0.0,0.25
-0.25,0.0,0.0,0.25
-0.25,0.0,0.0,0.25
-0.25,0.0,0.0,0.25
-0.25,0.0,0.0,0.25
-0.25,0.0,0.0,0.25
-0.25,0.0,0.0,0.25
-0.25,0.0,0.0,0.25
-0.25,0.0,0.0,0.25
-0.25,0.0,0.0,0.25
-0.25,0.0,0.0,0.25
-0.25,0.0,0.0,0.25
-0.25,0.0,0.0,0.25
-0.25,0.0,0.0,0.25
-0.25,0.0,0.0,0.25
-0.25,0.0,0.0,0.25
-0.25,0.0,0.0,0.25
-0.25,0.0,0.0,0.25
-0.25,0.0,0.0,0.25
-0.25,0.0,0.0,0.25
-0.25,0.0,0.0,0.25
-0.25,0.0,0.0,0.25
-0.25,0.0,0.0,0.25
-0.25,0.0,0.0,0.25
-0.25,0.0,0.0,0.25
-0.25,0.0,0.0,0.25
-0.25,0.0,0.0,0.25
-0.25,0.0,0.0,0.25
-0.25,0.0,0.0,0.25
-0.25,0.0,0.0,0.25
-0.25,0.0,0.0,0.25
-0.25,0.0,0.0,0.25
-0.25,0.0,0.0,0.25
-0.25,0.0,0.0,0.25
-0.25,0.0,0.0,0.25
-0.25,0.0,0.0,0.25
-0.25,0.0,0.0,0.25
-0.25,0.0,0.0,0.25
-0.25,0.0,0.0,0.25
-0.25,0.0,0.0,0.25
-0.25,0.0,0.0,0.25
-0.25,0.0,0.0,0.25
-0.25,0.0,0.0,0.25
-0.25,0.0,0.0,0.25
-0.25,0.0,0.0,0.25
-0.25,0.0,0.0,0.25
-0.25,0.0,0.0,0.25
-0.25,0.0,0.0,0.25
-0.25,0.0,0.0,0.25
-0.25,0.0,0.0,0.25
-0.25,0.0,0.0,0.25
-0.25,0.0,0.0,0.25
-0.25,0.0,0.0,0.25
-0.25,0.0,0.0,0.25
-0.25,0.0,0.0,0.25
-0.25,0.0,0.0,0.25
-0.25,0.0,0.0,0.25
-0.25,0.0,0.0,0.25
-0.25,0.0,0.0,0.25
-0.25,0.0,0.0,0.25
-0.25,0.0,0.0,0.25
-0.25,0.0,0.0,0.25
-0.25,0.0,0.0,0.25
-0.25,0.0,0.0,0.25
-0.25,0.0,0.0,0.25
-0.25,0.0,0.0,0.25
-0.25,0.0,0.0,0.25
-0.25,0.0,0.0,0.25
-0.25,0.0,0.0,0.25
-0.25,0.0,0.0,0.25
-0.25,0.0,0.0,0.25
-0.25,0.0,0.0,0.25
-0.25,0.0,0.0,0.25
-0.25,0.0,0.0,0.25
-0.25,0.0,0.0,0.25
-0.25,0.0,0.0,0.25
-0.25,0.0,0.0,0.25
-0.25,0.0,0.0,0.25
-0.25,0.0,0.0,0.25
-0.25,0.0,0.0,0.25
-0.25,0.0,0.0,0.25
-0.25,0.0,0.0,0.25
-0.25,0.0,0.0,0.25
-0.25,0.0,0.0,0.25
-0.25,0.0,0.0,0.25
-0.25,0.0,0.0,0.25
-0.25,0.0,0.0,0.25
-0.25,0.0,0.0,0.25
-0.25,0.0,0.0,0.25
-0.25,0.0,0.0,0.25
-0.25,0.0,0.0,0.25
-0.25,0.0,0.0,0.25
-0.25,0.0,0.0,0.25
-0.25,0.0,0.0,0.25
-0.25,0.0,0.0,0.25
-0.25,0.0,0.0,0.25
-0.25,0.0,0.0,0.25
-0.25,0.0,0.0,0.25
-0.25,0.0,0.0,0.25
-0.25,0.0,0.0,0.25
-0.25,0.0,0.0,0.25
-0.25,0.0,0.0,0.25
-0.25,0.0,0.0,0.25
-0.25,0.0,0.0,0.25
-0.25,0.0,0.0,0.25
-0.25,0.0,0.0,0.25
-0.25,0.0,0.0,0.25
-0.25,0.0,0.0,0.25
-0.25,0.0,0.0,0.25
-0.25,0.0,0.0,0.25
-0.25,0.0,0.0,0.25
-0.25,0.0,0.0,0.25
-0.25,0.0,0.0,0.25
-0.25,0.0,0.0,0.25
-0.25,0.0,0.0,0.25
-0.25,0.0,0.0,0.25
-0.25,0.0,0.0,0.25
-0.25,0.0,0.0,0.25
-0.25,0.0,0.0,0.25
-0.25,0.0,0.0,0.25
-0.25,0.0,0.0,0.25
-0.25,0.0,0.0,0.25
-0.25,0.0,0.0,0.25
-0.25,0.0,0.0,0.25
-0.25,0.0,0.0,0.25
-0.25,0.0,0.0,0.25
-0.25,0.0,0.0,0.25
-0.25,0.0,0.0,0.25
-0.25,0.0,0.0,0.25
-0.25,0.0,0.0,0.25
-0.25,0.0,0.0,0.25
-0.25,0.0,0.0,0.25
-0.25,0.0,0.0,0.25
-0.25,0.0,0.0,0.25
-0.25,0.0,0.0,0.25
-0.25,0.0,0.0,0.25
-0.25,0.0,0.0,0.25
-0.25,0.0,0.0,0.25
-0.25,0.0,0.0,0.25
-0.25,0.0,0.0,0.25
-0.25,0.0,0.0,0.25
-0.25,0.0,0.0,0.25
-0.25,0.0,0.0,0.25
-0.25,0.0,0.0,0.25
-0.25,0.0,0.0,0.25
-0.25,0.0,0.0,0.25
-0.25,0.0,0.0,0.25
-0.25,0.0,0.0,0.25
-0.25,0.0,0.0,0.25
-0.25,0.0,0.0,0.25
-0.25,0.0,0.0,0.25
-0.25,0.0,0.0,0.25
-0.25,0.0,0.0,0.25
-0.25,0.0,0.0,0.25
-0.25,0.0,0.0,0.25
-0.25,0.0,0.0,0.25
-0.25,0.0,0.0,0.25
-0.25,0.0,0.0,0.25
-0.25,0.0,0.0,0.25
-0.25,0.0,0.0,0.25
-0.25,0.0,0.0,0.25
-0.25,0.0,0.0,0.25
-0.25,0.0,0.0,0.25
-0.25,0.0,0.0,0.25
-0.25,0.0,0.0,0.25
-0.25,0.0,0.0,0.25
-0.25,0.0,0.0,0.25
-0.25,0.0,0.0,0.25
-0.25,0.0,0.0,0.25
-0.25,0.0,0.0,0.25
-0.25,0.0,0.0,0.25
-0.25,0.0,0.0,0.25
-0.25,0.0,0.0,0.25
-0.25,0.0,0.0,0.25
-0.25,0.0,0.0,0.25
-0.25,0.0,0.0,0.25
-0.25,0.0,0.0,0.25
-0.25,0.0,0.0,0.25
-0.25,0.0,0.0,0.25
-0.25,0.0,0.0,0.25
-0.25,0.0,0.0,0.25
-0.25,0.0,0.0,0.25
-0.25,0.0,0.0,0.25
-0.25,0.0,0.0,0.25
-0.25,0.0,0.0,0.25
-0.25,0.0,0.0,0.25
-0.25,0.0,0.0,0.25
-0.25,0.0,0.0,0.25
-0.25,0.0,0.0,0.25
-0.25,0.0,0.0,0.25
-0.25,0.0,0.0,0.25
-0.25,0.0,0.0,0.25
-0.25,0.0,0.0,0.25
-0.25,0.0,0.0,0.25
-0.25,0.0,0.0,0.25
-0.25,0.0,0.0,0.25
-0.25,0.0,0.0,0.25
-0.25,0.0,0.0,0.25
-0.25,0.0,0.0,0.25
-0.25,0.0,0.0,0.25
-0.25,0.0,0.0,0.25
-0.25,0.0,0.0,0.25
-0.25,0.0,0.0,0.25
-0.25,0.0,0.0,0.25
-0.25,0.0,0.0,0.25
-0.25,0.0,0.0,0.25
-0.25,0.0,0.0,0.25
-0.25,0.0,0.0,0.25
-0.25,0.0,0.0,0.25
-0.25,0.0,0.0,0.25
-0.25,0.0,0.0,0.25
-0.25,0.0,0.0,0.25
-0.25,0.0,0.0,0.25
-0.25,0.0,0.0,0.25
-0.25,0.0,0.0,0.25
-0.25,0.0,0.0,0.25
-0.25,0.0,0.0,0.25
-0.25,0.0,0.0,0.25
-0.25,0.0,0.0,0.25
-0.25,0.0,0.0,0.25
-0.25,0.0,0.0,0.25
-0.25,0.0,0.0,0.25
-0.25,0.0,0.0,0.25
-0.25,0.0,0.0,0.25
-0.25,0.0,0.0,0.25
-0.25,0.0,0.0,0.25
-0.25,0.0,0.0,0.25
-0.25,0.0,0.0,0.25
-0.25,0.0,0.0,0.25
-0.25,0.0,0.0,0.25
-0.25,0.0,0.0,0.25
-0.25,0.0,0.0,0.25
-0.25,0.0,0.0,0.25
-0.25,0.0,0.0,0.25
-0.25,0.0,0.0,0.25
-0.25,0.0,0.0,0.25
-0.25,0.0,0.0,0.25
-0.25,0.0,0.0,0.25
-0.25,0.0,0.0,0.25
-0.25,0.0,0.0,0.25
-0.25,0.0,0.0,0.25
-0.25,0.0,0.0,0.25
-0.25,0.0,0.0,0.25
-0.25,0.0,0.0,0.25
-0.25,0.0,0.0,0.25
-0.25,0.0,0.0,0.25
-0.25,0.0,0.0,0.25
-0.25,0.0,0.0,0.25
-0.25,0.0,0.0,0.25
-0.25,0.0,0.0,0.25
-0.25,0.0,0.0,0.25
-0.25,0.0,0.0,0.25
-0.25,0.0,0.0,0.25
-0.25,0.0,0.0,0.25
-0.25,0.0,0.0,0.25
-0.25,0.0,0.0,0.25
-0.25,0.0,0.0,0.25
-0.25,0.0,0.0,0.25
-0.25,0.0,0.0,0.25
-0.25,0.0,0.0,0.25
-0.25,0.0,0.0,0.25
-0.25,0.0,0.0,0.25
-0.25,0.0,0.0,0.25
-0.25,0.0,0.0,0.25
-0.25,0.0,0.0,0.25
-0.25,0.0,0.0,0.25
-0.25,0.0,0.0,0.25
-0.25,0.0,0.0,0.25
-0.25,0.0,0.0,0.25
-0.25,0.0,0.0,0.25
-0.25,0.0,0.0,0.25
-0.25,0.0,0.0,0.25
-0.25,0.0,0.0,0.25
-0.25,0.0,0.0,0.25
-0.25,0.0,0.0,0.25
-0.25,0.0,0.0,0.25
-0.25,0.0,0.0,0.25
-0.25,0.0,0.0,0.25
-0.25,0.0,0.0,0.25
-0.25,0.0,0.0,0.25
-0.25,0.0,0.0,0.25
-0.25,0.0,0.0,0.25
-0.25,0.0,0.0,0.25
-0.25,0.0,0.0,0.25
-0.25,0.0,0.0,0.25
-0.25,0.0,0.0,0.25
-0.25,0.0,0.0,0.25
-0.25,0.0,0.0,0.25
-0.25,0.0,0.0,0.25
-0.25,0.0,0.0,0.25
-0.25,0.0,0.0,0.25
-0.25,0.0,0.0,0.25
-0.25,0.0,0.0,0.25
-0.25,0.0,0.0,0.25
-0.25,0.0,0.0,0.25
-0.25,0.0,0.0,0.25
-0.25,0.0,0.0,0.25
-0.25,0.0,0.0,0.25
-0.25,0.0,0.0,0.25
-0.25,0.0,0.0,0.25
-0.25,0.0,0.0,0.25
-0.25,0.0,0.0,0.25
-0.25,0.0,0.0,0.25
-0.25,0.0,0.0,0.25
-0.25,0.0,0.0,0.25
-0.25,0.0,0.0,0.25
-0.25,0.0,0.0,0.25
-0.25,0.0,0.0,0.25
-0.25,0.0,0.0,0.25
-0.25,0.0,0.0,0.25
-0.25,0.0,0.0,0.25
-0.25,0.0,0.0,0.25
-0.25,0.0,0.0,0.25
-0.25,0.0,0.0,0.25
-0.25,0.0,0.0,0.25
-0.25,0.0,0.0,0.25
-0.25,0.0,0.0,0.25
-0.25,0.0,0.0,0.25
-0.25,0.0,0.0,0.25
-0.25,0.0,0.0,0.25
-0.25,0.0,0.0,0.25
-0.25,0.0,0.0,0.25
-0.25,0.0,0.0,0.25
-0.25,0.0,0.0,0.25
-0.25,0.0,0.0,0.25
-0.25,0.0,0.0,0.25
-0.25,0.0,0.0,0.25
-0.25,0.0,0.0,0.25
-0.25,0.0,0.0,0.25
-0.25,0.0,0.0,0.25
-0.25,0.0,0.0,0.25
-0.25,0.0,0.0,0.25
-0.25,0.0,0.0,0.25
-0.25,0.0,0.0,0.25
-0.25,0.0,0.0,0.25
-0.25,0.0,0.0,0.25
-0.25,0.0,0.0,0.25
-0.25,0.0,0.0,0.25
-0.25,0.0,0.0,0.25
-0.25,0.0,0.0,0.25
-0.25,0.0,0.0,0.25
-0.25,0.0,0.0,0.25
-0.25,0.0,0.0,0.25
-0.25,0.0,0.0,0.25
-0.25,0.0,0.0,0.25
-0.25,0.0,0.0,0.25
-0.25,0.0,0.0,0.25
-0.25,0.0,0.0,0.25
-0.25,0.0,0.0,0.25
-0.25,0.0,0.0,0.25
-0.25,0.0,0.0,0.25
-0.25,0.0,0.0,0.25
-0.25,0.0,0.0,0.25
-0.25,0.0,0.0,0.25
-0.25,0.0,0.0,0.25
-0.25,0.0,0.0,0.25
-0.25,0.0,0.0,0.25
-0.25,0.0,0.0,0.25
-0.25,0.0,0.0,0.25
-0.25,0.0,0.0,0.25
-0.25,0.0,0.0,0.25
-0.25,0.0,0.0,0.25
-0.25,0.0,0.0,0.25
-0.25,0.0,0.0,0.25
-0.25,0.0,0.0,0.25
-0.25,0.0,0.0,0.25
-0.25,0.0,0.0,0.25
-0.25,0.0,0.0,0.25
-0.25,0.0,0.0,0.25
-0.25,0.0,0.0,0.25
-0.25,0.0,0.0,0.25
-0.25,0.0,0.0,0.25
-0.25,0.0,0.0,0.25
-0.25,0.0,0.0,0.25
-0.25,0.0,0.0,0.25
-0.25,0.0,0.0,0.25
-0.25,0.0,0.0,0.25
-0.25,0.0,0.0,0.25
-0.25,0.0,0.0,0.25
-0.25,0.0,0.0,0.25
-0.25,0.0,0.0,0.25
-0.25,0.0,0.0,0.25
-0.25,0.0,0.0,0.25
-0.25,0.0,0.0,0.25
-0.25,0.0,0.0,0.25
-0.25,0.0,0.0,0.25
-0.25,0.0,0.0,0.25
-0.25,0.0,0.0,0.25
-0.25,0.0,0.0,0.25
-0.25,0.0,0.0,0.25
-0.25,0.0,0.0,0.25
-0.25,0.0,0.0,0.25
-0.25,0.0,0.0,0.25
-0.25,0.0,0.0,0.25
-0.25,0.0,0.0,0.25
-0.25,0.0,0.0,0.25
-0.25,0.0,0.0,0.25
-0.25,0.0,0.0,0.25
-0.25,0.0,0.0,0.25
-0.25,0.0,0.0,0.25
-0.25,0.0,0.0,0.25
-0.25,0.0,0.0,0.25
-0.25,0.0,0.0,0.25
-0.25,0.0,0.0,0.25
-0.25,0.0,0.0,0.25
-0.25,0.0,0.0,0.25
-0.25,0.0,0.0,0.25
-0.25,0.0,0.0,0.25
-0.25,0.0,0.0,0.25
-0.25,0.0,0.0,0.25
-0.25,0.0,0.0,0.25
-0.25,0.0,0.0,0.25
-0.25,0.0,0.0,0.25
-0.25,0.0,0.0,0.25
-0.25,0.0,0.0,0.25
-0.25,0.0,0.0,0.25
-0.25,0.0,0.0,0.25
-0.25,0.0,0.0,0.25
-0.25,0.0,0.0,0.25
-0.25,0.0,0.0,0.25
-0.25,0.0,0.0,0.25
-0.25,0.0,0.0,0.25
-0.25,0.0,0.0,0.25
0.0,101.33959,0.0,0.0
0.0,0.0,0.0,0.0759385824203
0.0,0.0,0.0,0.0102301547304
0.0,0.0,0.0,0.173488080502
0.0,0.0,0.0,0.173812761903
0.0,0.0,0.0,0.0918684601784
0.0,0.0,0.0,-0.0634297952056
0.0,0.0,0.0,0.248421221972
0.0,0.0,0.0,0.146287977695
0.0,0.0,0.0,-0.0064340303652
0.0,0.0,0.0,-0.25
0.0,0.0,0.0,-0.25
0.0,0.0,0.0,-0.25
0.0,0.0,0.0,-0.25
0.0,0.0,0.0,-0.25
0.0,0.0,0.0,-0.123823449016
0.0,0.0,0.0,0.186557561159
0.0,0.0,0.0,0.231898590922
0.0,0.0,0.0,0.25
0.0,0.0,0.0,0.25
0.0,0.0,0.0,0.172686561942
0.0,0.0,0.0,0.25
0.0,0.0,0.0,0.25
0.0,0.0,0.0,0.210787668824
0.0,0.0,0.0,0.25
0.0,0.0,0.0,-0.0661036521196
0.0,0.0,0.0,0.132343277335
0.0,0.0,0.0,0.103048548102
0.0,0.0,0.0,0.25
0.0,0.0,0.0,0.25
0.0,0.0,0.0,0.25
0.0,0.0,0.0,0.25
0.0,0.0,0.0,0.25
0.0,0.0,0.0,0.25
0.0,0.0,0.0,0.25
0.0,0.0,0.0,0.25
0.0,0.0,0.0,0.25
0.0,0.0,0.0,0.25
0.0,0.0,0.0,0.25
0.0,0.0,0.0,0.25
0.0,0.0,0.0,0.25
0.0,0.0,0.0,0.25
0.0,0.0,0.0,0.25
0.0,0.0,0.0,0.25
0.0,0.0,0.0,0.25
0.0,0.0,0.0,0.25
0.0,0.0,0.0,0.25
0.0,0.0,0.0,0.25
0.0,0.0,0.0,0.229917824268
0.0,0.0,0.0,0.0662875548005
0.0,0.0,0.0,-0.0402196161449
0.0,0.0,0.0,-0.107769399881
0.0,0.0,0.0,-0.0360321477056
0.0,0.0,0.0,0.111316427588
0.0,0.0,0.0,0.25
0.0,0.0,0.0,0.25
0.0,0.0,0.0,0.234103396535
0.0,0.0,0.0,0.0910354331136
0.0,0.0,0.0,0.235594436526
0.0,0.0,0.0,0.25
0.0,0.0,0.0,0.242447808385
0.0,0.0,0.0,0.200179338455
0.0,0.0,0.0,0.25
0.0,0.0,0.0,0.25
0.0,0.0,0.0,0.25
0.0,0.0,0.0,0.25
0.0,0.0,0.0,0.25
0.0,0.0,0.0,0.25
0.0,0.0,0.0,0.25
0.0,0.0,0.0,0.25
0.0,0.0,0.0,0.25
0.0,0.0,0.0,0.25
0.0,0.0,0.0,0.25
0.0,0.0,0.0,0.25
0.0,0.0,0.0,0.25
0.0,0.0,0.0,0.25
0.0,0.0,0.0,0.25
0.0,0.0,0.0,0.25
0.0,0.0,0.0,0.25
0.0,0.0,0.0,0.25
0.0,0.0,0.0,0.25
0.0,0.0,0.0,0.25
0.0,0.0,0.0,0.25
0.0,0.0,0.0,0.25
0.0,0.0,0.0,0.143251359463
0.0,0.0,0.0,0.0936727747321
0.0,0.0,0.0,0.158108457923
0.0,0.0,0.0,0.25
0.0,0.0,0.0,0.217561125755
0.0,0.0,0.0,0.104367054999
0.0,0.0,0.0,0.203707069159
0.0,0.0,0.0,0.044406119734
0.0,0.0,0.0,0.222099781036
0.0,0.0,0.0,0.208984673023
0.0,0.0,0.0,0.25
0.0,0.0,0.0,0.0169140864164
0.0,0.0,0.0,0.25
0.0,0.0,0.0,-0.102334752679
0.0,0.0,0.0,0.25
0.0,0.0,0.0,0.068736217916
0.0,0.0,0.0,0.134625762701
0.0,0.0,0.0,-0.102414980531
0.0,0.0,0.0,-0.166779264808
0.0,0.0,0.0,-0.25
0.0,0.0,0.0,-0.15262247622
0.0,0.0,0.0,-0.232838004827
0.0,0.0,0.0,-0.150381162763
0.0,0.0,0.0,0.0602400936186
0.0,0.0,0.0,-0.0766909047961
0.0,0.0,0.0,-0.143457651138
0.0,0.0,0.0,-0.15547581017
0.0,0.0,0.0,-0.25
0.0,0.0,0.0,0.0634841769934
0.0,0.0,0.0,-0.179793968797
0.0,0.0,0.0,-0.243338227272
0.0,0.0,0.0,-0.25
0.0,0.0,0.0,-0.25
0.0,0.0,0.0,-0.25
0.0,0.0,0.0,-0.25
0.0,0.0,0.0,-0.0423227846622
0.0,0.0,0.0,0.0139681715518
0.0,0.0,0.0,-0.0803750827909
0.0,0.0,0.0,0.0738595202565
0.0,0.0,0.0,0.0188860781491
0.00523936934769,0.0,0.0,0.163522645831
0.0,0.0,0.0,0.25
0.0,0.0,0.0,0.25
0.0,0.0,0.0,0.25
0.0,0.0,0.0,0.25
0.0,0.0,0.0,0.25
0.0,0.0,0.0,0.25
0.0,0.0,0.0,0.25
0.0,0.0,0.0,0.25
0.0,0.0,0.0,0.25
0.0,0.0,0.0,0.25
0.0,0.0,0.0,0.25
0.0,0.0,0.0,0.25
0.0,0.0,0.0,0.25
0.0,0.0,0.0,0.0529955998063
0.0,0.0,0.0,-0.149335175753
0.0,0.0,0.0,-0.25
0.0,0.0,0.0,-0.113054893911
0.0,0.0,0.0,-0.184300825
0.0,0.0,0.0,-0.25
0.0,0.0,0.0,-0.120629906654
0.0281898695976,0.0,0.0,-0.167598068714
0.0,0.0,0.0,-0.0497250594199
0.0,0.0,0.0,-0.162354469299
0.0,0.0,0.0,-0.162218540907
0.0,0.0,0.0,-0.25
0.0,0.0,0.0,-0.25
0.0,0.0,0.0,-0.0573823750019
0.0,0.0,0.0,-0.115589909256
0.0,0.0,0.0,0.00125009263866
0.0,0.0,0.0,0.127802938223
0.0,0.0,0.0,0.0328053347766
0.0,0.0,0.0,0.0759099051356
0.0,0.0,0.0,-0.217966750264
0.0,0.0,0.0,-0.171885401011
0.0,0.0,0.0,-0.0730272457004
0.0,0.0,0.0,0.0490399450064
0.0317404381931,0.0,0.0,-0.182205185294
0.0,0.0,0.0,-0.122208155692
0.0,0.0,0.0,-0.0570153445005
0.0,0.0,0.0,-0.0502570718527
0.0,0.0,0.0,-0.125300690532
0.0,0.0,0.0,-0.25
0.0,0.0,0.0,-0.25
0.0,0.0,0.0,-0.120940409601
0.0,0.0,0.0,0.097106449306
0.0,0.0,0.0,0.212817937136
0.0,0.0,0.0,0.25
0.0,0.0,0.0,0.25
0.0,0.0,0.0,0.25
0.0,0.0,0.0,0.25
0.0,0.0,0.0,0.198896661401
0.0,0.0,0.0,0.25
0.0,0.0,0.0,0.165944769979
0.0,0.0,0.0,0.140785455704
0.0,0.0,0.0,0.118472121656
0.0,0.0,0.0,0.198458239436
0.0,0.0,0.0,0.040414404124
0.0,0.0,0.0,0.0371587984264
0.0,0.0,0.0,0.0740458145738
0.0,0.0,0.0,0.0656171888113
0.0,0.0,0.0,0.196572765708
0.0,0.0,0.0,0.25
0.0,0.0,0.0,0.249753311276
0.0,0.0,0.0,0.205618709326
0.0,0.0,0.0,-0.0065533677116
0.0,0.0,0.0,-0.152979627252
0.0,0.0,0.0,-0.15246155858
0.0,0.0,0.0,0.0969999730587
0.0,0.0,0.0,0.156460210681
0.0,0.0,0.0,0.100132755935
0.0,0.0,0.0,0.0838365629315
0.0,0.0,0.0,0.115216828883
0.0,0.0,0.0,0.156375735998
0.0,0.0,0.0,0.133620992303
0.0,0.0,0.0,0.25
0.0,0.0,0.0,0.25
0.0,0.0,0.0,0.25
0.0,0.0,0.0,0.25
0.0,0.0,0.0,0.25
0.0,0.0,0.0,0.25
0.0,0.0,0.0,0.25
0.0,0.0,0.0,0.214457288384
0.0,0.0,0.0,0.125427618623
0.0,0.0,0.0,0.161872759461
0.0,0.0,0.0,0.0326313488185
0.0,0.0,0.0,0.25
0.0,0.0,0.0,0.25
0.0,0.0,0.0,0.25
0.0,0.0,0.0,0.25
0.0,0.0,0.0,0.25
0.0,0.0,0.0,0.25
0.0,0.0,0.0,0.25
0.0,0.0,0.0,0.25
0.0,0.0,0.0,0.172209262848
0.0,0.0,0.0,0.213161960244
0.0,0.0,0.0,0.25
0.0,0.0,0.0,-0.0243235565722
0.0,0.0,0.0,-0.122092880309
0.0,0.0,0.0,-0.177516490221
0.0,0.0,0.0,-0.151796117425
0.0,0.0,0.0,-0.25
0.0,0.0,0.0,-0.127653837204
0.0,0.0,0.0,-0.25
0.0,0.0,0.0,-0.25
0.0,0.0,0.0,-0.25
0.0,0.0,0.0,-0.0493276640773
0.0,0.0,0.0,-0.116463057697
0.0,0.0,0.0,0.0912732705474
0.0,0.0,0.0,0.25
0.0,0.0,0.0,0.115670576692
0.0,0.0,0.0,0.0448806136847
0.0,0.0,0.0,0.25
0.0,0.0,0.0,0.25
0.0,0.0,0.0,-0.109714269638
0.0,0.0,0.0,-0.25
0.0,0.0,0.0,-0.0261211544275
0.0,0.0,0.0,0.101044803858
0.0,0.0,0.0,-0.145867183805
0.0,0.0,0.0,-0.25
0.0,0.0,0.0,-0.120147764683
0.0,0.0,0.0,-0.057777248323
0.0,0.0,0.0,-0.178762450814
0.0,0.0,0.0,-0.00875939242542
0.0,0.0,0.0,0.25
0.0,0.0,0.0,0.0973114147782
0.0,0.0,0.0,0.169330850244
0.0,0.0,0.0,-0.0455323718488
0.0,0.0,0.0,0.0270960424095
0.0,0.0,0.0,0.0159926488996
0.0,0.0,0.0,0.114284716547
0.0,0.0,0.0,0.126348763704
0.0,0.0,0.0,0.25
0.0,0.0,0.0,0.25
0.0,0.0,0.0,0.25
0.0,0.0,0.0,0.25
0.0,0.0,0.0,0.25
0.0,0.0,0.0,0.248235568404
0.0,0.0,0.0,0.165941759944
0.0,0.0,0.0,-0.0944472029805
0.0,0.0,0.0,-0.0231713503599
0.0,0.0,0.0,-0.195316210389
0.0,0.0,0.0,-0.25
0.0,0.0,0.0,-0.25
0.0,0.0,0.0,-0.25
0.0,0.0,0.0,-0.25
0.0,0.0,0.0,-0.25
0.0,0.0,0.0,-0.0317023284733
0.0,0.0,0.0,0.0147432768717
0.0,0.0,0.0,0.129578560591
0.0,0.0,0.0,0.217004656792
0.0,0.0,0.0,0.25
0.0,0.0,0.0,0.154504388571
0.0,0.0,0.0,-0.0603443495929
0.0,0.0,0.0,-0.0873764753342
0.0,0.0,0.0,0.25
0.0,0.0,0.0,0.25
0.0,0.0,0.0,0.25
0.0,0.0,0.0,0.25
0.0,0.0,0.0,0.25
0.0,0.0,0.0,0.25
0.0,0.0,0.0,0.216521263123
0.0,0.0,0.0,0.0951375067234
0.0,0.0,0.0,0.201165556908
0.0,0.0,0.0,0.25
0.0152797438204,0.0,0.0,0.25
0.0,0.0,0.0,0.25
0.0,0.0,0.0,0.25
0.0,0.0,0.0,0.25
0.0113557409495,0.0,0.0,0.25
0.0,0.0,0.0,0.25
0.0,0.0,0.0,0.25
0.0,0.0,0.0,0.25
0.0,0.0,0.0,0.25
0.0,0.0,0.0,0.111396163702
0.0380953028798,0.0,0.0,0.219489261508
0.0,0.0,0.0,0.25
0.0392120890319,0.0,0.0,0.25
0.0,0.0,0.0,0.25
0.0,0.0,0.0,0.25
0.0,0.0,0.0,0.204281106591
0.0,0.0,0.0,2.28307885664e-06
0.0,0.0,0.0,0.0381439067423
0.0,0.0,0.0,-0.090132586658
0.0,0.0,0.0,0.0267333909869
0.0,0.0,0.0,0.0632882863283
0.0,0.0,0.0,0.201915562153
0.0,0.0,0.0,-0.0746704190969
0.0,0.0,0.0,-0.0379586741328
0.0,0.0,0.0,-0.0259029679
0.0,0.0,0.0,0.0218442399055
0.0,0.0,0.0,0.25
0.0,0.0,0.0,0.188140764832
0.0,0.0,0.0,0.25
0.0,0.0,0.0,0.234158471227
0.0,0.0,0.0,0.165903374553
0.0,0.0,0.0,0.25
0.0,0.0,0.0,0.140370681882
0.0,0.0,0.0,-0.0675629973412
0.0,0.0,0.0,-0.031517971307
0.0,0.0,0.0,0.00459393486381
0.0,0.0,0.0,0.240797936916
0.0,0.0,0.0,0.194686859846
0.0,0.0,0.0,0.25
0.0,0.0,0.0,0.119899868965
0.0,0.0,0.0,0.25
0.0,0.0,0.0,0.0705996379256
0.0,0.0,0.0,-0.0576839894056
0.0,0.0,0.0,-0.167886346579
0.0,0.0,0.0,-0.25
0.0,0.0,0.0,0.0160055737942
0.0,0.0,0.0,-0.0608374252915
0.0,0.0,0.0,-0.000642725150101
0.0,0.0,0.0,-0.108646355569
0.0,0.0,0.0,0.144682362676
0.0,0.0,0.0,0.0778101980686
0.0,0.0,0.0,0.208309873939
0.0,0.0,0.0,0.25
0.0,0.0,0.0,0.186544671655
0.0,0.0,0.0,0.25
0.0,0.0,0.0,0.25
0.0,0.0,0.0,0.25
0.0,0.0,0.0,0.25
0.0,0.0,0.0,0.25
0.0,0.0,0.0,0.25
0.0,0.0,0.0,0.25
0.0,0.0,0.0,0.25
0.0,0.0,0.0,0.25
0.0,0.0,0.0,0.25
0.0,0.0,0.0,0.25
0.0,0.0,0.0,0.139290645719
0.0,0.0,0.0,0.194732636213
0.0,0.0,0.0,0.0450659394264
0.0,0.0,0.0,-0.0278975255787
0.0,0.0,0.0,0.0900393277407
0.0,0.0,0.0,0.25
0.0,0.0,0.0,0.25
0.0,0.0,0.0,0.217885896564
0.0,0.0,0.0,0.0376250483096
0.0,0.0,0.0,-0.0976097583771
0.0,0.0,0.0,-0.0635385736823
0.0,0.0,0.0,-0.25
0.0,0.0,0.0,-0.25
0.0,0.0,0.0,-0.0583122707903
0.0,0.0,0.0,0.010264152661
0.0,0.0,0.0,0.00813102535903
0.0,0.0,0.0,-0.0500675924122
0.0,0.0,0.0,0.0771715641022
0.0,0.0,0.0,0.25
0.0,0.0,0.0,0.25
0.0,0.0,0.0,0.224925369024
0.0,0.0,0.0,-0.159657984972
0.0,0.0,0.0,-0.110553093255
0.0,0.0,0.0,-0.00481123104692
0.0,0.0,0.0,-0.0991546064615
0.0,0.0,0.0,-0.25
0.0,0.0,0.0,-0.129263281822
0.0,0.0,0.0,-0.25
0.0,0.0,0.0,-0.25
0.0,0.0,0.0,-0.0669640377164
0.0,0.0,0.0,0.238708287477
0.0,0.0,0.0,0.25
0.0,0.0,0.0,0.25
0.0,0.0,0.0,0.150207579136
0.0,0.0,0.0,0.25
0.0,0.0,0.0,0.25
0.0,0.0,0.0,0.25
0.0965031012893,0.0,0.0,0.25
0.0248119160533,0.0,0.0,0.25
0.0422639511526,0.0,0.0,0.25
0.0,0.0,0.0,0.25
0.0,0.0,0.0,0.25
0.0,0.0,0.0,0.25
0.0,0.0,0.0,0.186489880085
0.018626363948,0.0,0.0,0.0478112846613
0.0,0.0,0.0,0.25
0.0,0.0,0.0,0.25
0.0,0.0,0.0,0.25
0.0,0.0,0.0,0.249943941832
0.0,0.0,0.0,0.25
0.0,0.0,0.0,0.25
0.0,0.0,0.0,0.233286872506
0.0,0.0,0.0,0.25
0.0,0.0,0.0,0.25
0.0,0.0,0.0,0.25
0.0,0.0,0.0,0.25
0.0,0.0,0.0,0.25
0.0,0.0,0.0,0.25
0.0,0.0,0.0,0.25
0.0541853792965,0.0,0.0,0.25
0.0,0.0,0.0,0.25
0.0,0.0,0.0,0.25
0.0,0.0,0.0,0.25
0.0,0.0,0.0,0.25
0.0,0.0,0.0,0.25
0.0,0.0,0.0,0.25
0.0,0.0,0.0,0.25
0.0,0.0,0.0,0.164595708251
0.0,0.0,0.0,0.25
0.0,0.0,0.0,0.25
0.0,0.0,0.0,0.25
0.0,0.0,0.0,0.25
0.0,0.0,0.0,0.0289940740913
0.0,0.0,0.0,0.149223312736
0.0,0.0,0.0,0.25
0.0,0.0,0.0,0.116173177958
0.0,0.0,0.0,-0.00822160858661
0.0,0.0,0.0,0.109411008656
0.0,0.0,0.0,0.25
0.0,0.0,0.0,0.148480921984
0.0,0.0,0.0,-0.107021816075
0.0,0.0,0.0,-0.25
0.0,0.0,0.0,-0.157697305083
0.0,0.0,0.0,-0.094168163836
0.0,0.0,0.0,-0.191449552774
0.0,0.0,0.0,-0.25
0.0,0.0,0.0,-0.23799970746
0.0,0.0,0.0,-0.040663830936
0.0,0.0,0.0,-0.25
0.0,0.0,0.0,-0.122338347137
0.0,0.0,0.0,-0.25
0.0,0.0,0.0,-0.221138164401
0.0,0.0,0.0,-0.0673238635063
0.0,0.0,0.0,-0.176146611571
0.0,0.0,0.0,0.0784387141466
0.0,0.0,0.0,0.25
0.0,0.0,0.0,0.25
0.0,0.0,0.0,0.128522053361
0.0,0.0,0.0,0.25
0.0,0.0,0.0,0.215931072831
0.0,0.0,0.0,0.25
0.0,0.0,0.0,0.25
0.0,0.0,0.0,0.25
0.0,0.0,0.0,0.25
0.0,0.0,0.0,0.21953228116
0.0,0.0,0.0,0.25
0.0,0.0,0.0,0.25
0.0,0.0,0.0,0.25
0.0,0.0,0.0,0.25
0.0,0.0,0.0,0.25
0.0,0.0,0.0,0.238622397184
0.0,0.0,0.0,0.25
0.0,0.0,0.0,0.25
0.0,0.0,0.0,0.137312605977
0.0,0.0,0.0,0.25
0.0,0.0,0.0,0.25
0.0,0.0,0.0,0.25
0.0,0.0,0.0,0.25
0.0,0.0,0.0,0.175549849868
0.0,0.0,0.0,0.25
0.0,0.0,0.0,0.25
0.0,0.0,0.0,0.25
0.0,0.0,0.0,0.0530412122607
0.0,0.0,0.0,0.0322674103081
0.0,0.0,0.0,0.0104345586151
0.0,0.0,0.0,-0.162076950073
0.0,0.0,0.0,0.0733470246196
0.0,0.0,0.0,0.0430852845311
0.0,0.0,0.0,0.197049021721
0.0,0.0,0.0,0.208718791604
0.0,0.0,0.0,-0.25
0.0,0.0,0.0,-0.25
0.0,0.0,0.0,-0.074708417058
0.0,0.0,0.0,-0.078140065074
0.0,0.0,0.0,0.134625315666
0.0,0.0,0.0,0.25
0.0,0.0,0.0,0.25
0.0,0.0,0.0,0.25
0.0,0.0,0.0,0.25
0.0,0.0,0.0,0.25
0.0,0.0,0.0,0.25
0.0,0.0,0.0,0.25
0.0,0.0,0.0,0.25
0.0,0.0,0.0,0.25
0.0,0.0,0.0,0.25
0.0,0.0,0.0,0.25
0.0,0.0,0.0,0.25
0.0,101.362219,0.0,0.0
0.0,0.0,0.0,0.25
0.0,0.0,0.0,0.25
0.0,0.0,0.0,0.149569541216
0.0,0.0,0.0,-0.109844818711
0.0,0.0,0.0,0.0692525580525
0.0,0.0,0.0,0.25
0.0,0.0,0.0,0.25
0.0,0.0,0.0,0.244864463806
0.0,0.0,0.0,0.190227553248
0.0,0.0,0.0,0.25
0.0,0.0,0.0,0.25
0.0,0.0,0.0,0.25
0.0,0.0,0.0,0.25
0.0,0.0,0.0,0.25
0.0,0.0,0.0,0.0984763503075
0.0,0.0,0.0,-0.25
0.0,0.0,0.0,-0.174124985933
0.0,0.0,0.0,-0.212440982461
0.0,0.0,0.0,-0.21404658258
0.0,0.0,0.0,-0.126637592912
0.0,0.0,0.0,-0.201540246606
0.0,0.0,0.0,-0.199017062783
0.0,0.0,0.0,0.0115348463878
0.0,0.0,0.0,0.0415970236063
0.0213915370405,0.0,0.0,0.0945657938719
0.0,0.0,0.0,0.0611413791776
0.0,0.0,0.0,0.25
0.0,0.0,0.0,0.25
0.0,0.0,0.0,0.25
0.0,0.0,0.0,0.25
0.0106185302138,0.0,0.0,0.25
0.0,0.0,0.0,0.25
0.0,0.0,0.0,0.25
0.0,0.0,0.0,0.25
0.0,0.0,0.0,0.25
0.0,0.0,0.0,0.25
0.0,0.0,0.0,0.25
0.0,0.0,0.0,0.25
0.0,0.0,0.0,0.25
0.0,0.0,0.0,0.208801016212
0.0,0.0,0.0,0.25
0.0,0.0,0.0,0.25
0.0,0.0,0.0,0.25
0.0,0.0,0.0,0.25
0.0,0.0,0.0,0.25
0.0,0.0,0.0,0.25
0.0,0.0,0.0,0.25
0.0,0.0,0.0,0.25
0.0,0.0,0.0,0.25
0.0,0.0,0.0,0.25
0.0,0.0,0.0,0.25
0.0,0.0,0.0,0.25
0.112683780491,0.0,0.0,0.25
0.0211540926248,0.0,0.0,0.25
0.0,0.0,0.0,0.25
0.0,0.0,0.0,0.25
0.0,0.0,0.0,0.24908220768
0.0,0.0,0.0,0.25
0.0,0.0,0.0,0.25
0.0,0.0,0.0,0.25
0.0,0.0,0.0,0.25
0.0,0.0,0.0,0.25
0.0,0.0,0.0,0.25
0.0,0.0,0.0,0.25
0.0,0.0,0.0,0.25
0.0,0.0,0.0,0.25
0.0,0.0,0.0,0.25
0.0,0.0,0.0,0.25
0.0,0.0,0.0,0.25
0.0,0.0,0.0,0.25
0.0,0.0,0.0,0.181049644947
0.0,0.0,0.0,0.00353557453491
0.0,0.0,0.0,-0.135187134147
0.0,0.0,0.0,-0.152421429753
0.0,0.0,0.0,-0.25
0.0,0.0,0.0,-0.241791903973
0.0,0.0,0.0,0.0707780495286
0.0,0.0,0.0,0.244774281979
0.0,0.0,0.0,0.25
0.0,0.0,0.0,0.25
0.0,0.0,0.0,0.25
0.0,0.0,0.0,0.25
0.0,0.0,0.0,0.25
0.0,0.0,0.0,0.25
0.0,0.0,0.0,0.25
0.0165641568601,0.0,0.0,0.25
0.0694282203913,0.0,0.0,0.25
0.0305545665324,0.0,0.0,0.25
0.0640745908022,0.0,0.0,0.25
0.0121226217598,0.0,0.0,0.25
0.0,0.0,0.0,0.25
0.0,0.0,0.0,0.25
0.0,0.0,0.0,0.25
0.0,0.0,0.0,0.25
0.0,0.0,0.0,0.25
0.0,0.0,0.0,0.25
0.0,0.0,0.0,0.15971390903
0.0,0.0,0.0,0.0950299203396
0.0,0.0,0.0,0.011567956768
0.0,0.0,0.0,0.176533311605
0.0,0.0,0.0,0.25
0.137241497636,0.0,0.0,0.25
0.0,0.0,0.0,0.25
0.0,0.0,0.0,0.25
0.0,0.0,0.0,0.25
0.0317378491163,0.0,0.0,0.25
0.0,0.0,0.0,0.25
0.0,0.0,0.0,0.25
0.0,0.0,0.0,0.25
0.0,0.0,0.0,0.128073528409
0.0,0.0,0.0,0.25
0.0,0.0,0.0,0.25
0.0,0.0,0.0,0.25
0.0627538561821,0.0,0.0,0.25
0.0429558046162,0.0,0.0,0.25
0.0,0.0,0.0,0.206035375595
0.0,0.0,0.0,0.25
0.0,0.0,0.0,0.25
0.0,0.0,0.0,0.25
0.0,0.0,0.0,0.25
0.0,0.0,0.0,0.25
0.0,0.0,0.0,0.25
0.0,0.0,0.0,0.23692701757
0.0,0.0,0.0,0.160810038447
0.0,0.0,0.0,-0.0252416078001
0.0,0.0,0.0,0.160650476813
0.0,0.0,0.0,0.126378104091
0.0,0.0,0.0,-0.187549695373
0.0,0.0,0.0,0.0363957621157
0.0,0.0,0.0,0.236357465386
0.0,0.0,0.0,0.25
0.0,0.0,0.0,0.25
0.0,0.0,0.0,0.229336768389
0.0,0.0,0.0,0.25
0.0,0.0,0.0,0.25
0.0,0.0,0.0,0.25
0.0,0.0,0.0,0.25
0.0,0.0,0.0,0.20342233777
0.0,0.0,0.0,0.0268900059164
0.0,0.0,0.0,-0.25
0.0,0.0,0.0,-0.25
0.0,0.0,0.0,-0.25
0.0,0.0,0.0,-0.138331398368
0.0,0.0,0.0,-0.25
0.0,0.0,0.0,-0.25
0.0,0.0,0.0,-0.25
0.0,0.0,0.0,-0.171123489738
0.0,0.0,0.0,0.127653062344
0.0,0.0,0.0,0.219848155975
0.0,0.0,0.0,0.25
0.0,0.0,0.0,0.25
0.0,0.0,0.0,0.25
0.0,0.0,0.0,0.25
0.0,0.0,0.0,0.25
0.0,0.0,0.0,0.25
0.0,0.0,0.0,0.25
0.0,0.0,0.0,0.25
0.0,0.0,0.0,0.25
0.0,0.0,0.0,0.25
0.0,0.0,0.0,0.25
0.0,0.0,0.0,0.25
0.0,0.0,0.0,0.25
0.0,0.0,0.0,0.25
0.0,0.0,0.0,0.25
0.0,0.0,0.0,0.25
0.0,0.0,0.0,0.25
0.0,0.0,0.0,0.25
0.0,0.0,0.0,0.25
0.0,0.0,0.0,0.25
0.0,0.0,0.0,0.25
0.0,0.0,0.0,0.25
0.0,0.0,0.0,0.25
0.0,0.0,0.0,0.25
0.0,0.0,0.0,0.25
0.0,0.0,0.0,0.25
0.0,0.0,0.0,0.25
0.0,0.0,0.0,0.25
0.0,0.0,0.0,0.25
0.0,0.0,0.0,0.25
0.0,0.0,0.0,0.25
0.0,0.0,0.0,0.25
0.0,0.0,0.0,0.25
0.0,0.0,0.0,0.25
0.0,0.0,0.0,0.25
0.0,0.0,0.0,0.113447502255
0.0,0.0,0.0,0.163098350167
0.0,0.0,0.0,0.0761644616723
0.0,0.0,0.0,0.25
0.0,0.0,0.0,0.25
0.0,0.0,0.0,0.25
0.0,0.0,0.0,0.25
0.0,0.0,0.0,0.25
0.0,0.0,0.0,0.25
0.0,0.0,0.0,0.25
0.0,0.0,0.0,0.25
0.0,0.0,0.0,0.25
0.0,0.0,0.0,0.25
0.0,0.0,0.0,0.25
0.0,0.0,0.0,0.25
0.0,0.0,0.0,0.25
0.0,0.0,0.0,0.25
0.0,0.0,0.0,0.25
0.0,0.0,0.0,0.25
0.0,0.0,0.0,0.25
0.0,0.0,0.0,0.25
0.0,0.0,0.0,0.25
0.0,0.0,0.0,0.25
0.0,0.0,0.0,0.25
0.0,0.0,0.0,0.25
0.0,0.0,0.0,0.25
0.0,0.0,0.0,0.25
0.0,0.0,0.0,-0.115385115147
0.0,0.0,0.0,-0.0987738221884
0.0,0.0,0.0,0.248749956489
0.0,0.0,0.0,0.25
0.0,0.0,0.0,0.25
0.0,0.0,0.0,0.25
0.0,0.0,0.0,0.25
0.0,0.0,0.0,0.25
0.0,0.0,0.0,0.25
0.0,0.0,0.0,0.25
0.0,0.0,0.0,0.25
0.0,0.0,0.0,0.25
0.0,0.0,0.0,0.25
0.0,0.0,0.0,0.25
0.0,0.0,0.0,0.25
0.0,0.0,0.0,0.25
0.0,0.0,0.0,0.25
0.0,0.0,0.0,0.25
0.0,0.0,0.0,0.25
0.0954476296902,0.0,0.0,0.25
0.0,0.0,0.0,0.25
0.0,0.0,0.0,0.25
0.0,0.0,0.0,0.25
0.0,0.0,0.0,-0.155982017517
0.0,0.0,0.0,0.079237498343
0.0,0.0,0.0,0.187881469727
0.0,0.0,0.0,0.25
0.0,0.0,0.0,0.25
0.0,0.0,0.0,0.25
0.0,0.0,0.0,0.25
0.0,0.0,0.0,0.25
0.0,0.0,0.0,0.106303572655
0.0,0.0,0.0,0.00652400637046
0.112750634551,0.0,0.0,0.25
0.0847275480628,0.0,0.0,0.25
0.175889864564,0.0,0.0,0.25
0.0112444320694,0.0,0.0,0.25
0.0,0.0,0.0,0.25
0.00439449120313,0.0,0.0,0.25
0.0,0.0,0.0,0.25
0.0,0.0,0.0,0.25
0.0,0.0,0.0,0.25
0.0,0.0,0.0,0.25
0.0,0.0,0.0,0.25
0.0,0.0,0.0,0.25
0.0,0.0,0.0,0.25
0.0,0.0,0.0,0.21152754128
0.0,0.0,0.0,-0.0808609724045
0.0,0.0,0.0,0.226093739271
0.0,0.0,0.0,0.25
0.0,0.0,0.0,0.25
0.0,0.0,0.0,0.25
0.0,0.0,0.0,0.25
0.0941603854299,0.0,0.0,0.132706075907
0.0,0.0,0.0,-0.118525512516
0.0,0.0,0.0,0.0762598291039
0.0,0.0,0.0,0.177808985114
0.0,0.0,0.0,0.25
0.0,0.0,0.0,0.25
0.0,0.0,0.0,0.25
0.0,0.0,0.0,0.25
0.0,0.0,0.0,0.181212961674
0.0,0.0,0.0,0.25
0.0,0.0,0.0,-0.209820196033
0.0,0.0,0.0,-0.25
0.0,0.0,0.0,-0.25
0.0,0.0,0.0,-0.215153411031
0.0,0.0,0.0,-0.178305730224
0.0,0.0,0.0,0.0946988984942
0.0,0.0,0.0,0.25
0.0,0.0,0.0,0.25
0.0,0.0,0.0,0.25
0.0,0.0,0.0,0.25
0.0,0.0,0.0,0.25
0.0,0.0,0.0,0.25
0.0,0.0,0.0,0.116909466684
0.0,0.0,0.0,0.206694379449
0.0,0.0,0.0,0.25
0.0,0.0,0.0,0.197730779648
0.0,0.0,0.0,-0.142811998725
0.0,0.0,0.0,0.118977144361
0.0,0.0,0.0,0.25
0.0,0.0,0.0,0.25
0.0,0.0,0.0,0.0449569411576
0.0,0.0,0.0,0.0599831975996
0.0,0.0,0.0,0.0542503334582
0.0,0.0,0.0,0.239850819111
0.0311280824244,0.0,0.0,0.246544584632
0.0,0.0,0.0,0.179742261767
0.0,0.0,0.0,0.25
0.135016024113,0.0,0.0,0.25
0.207052126527,0.0,0.0,0.149822562933
0.208890318871,0.0,0.0,0.0245071575046
0.140233129263,0.0,0.0,0.187558636069
0.0,0.0,0.0,0.25
0.0,0.0,0.0,0.25
0.0,0.0,0.0,0.25
0.0,0.0,0.0,0.25
0.0204142201692,0.0,0.0,0.25
0.0,0.0,0.0,0.25
0.0,0.0,0.0,0.25
0.0,0.0,0.0,0.228755354881
0.0,0.0,0.0,-0.116373285651
0.0,0.0,0.0,-0.0485706292093
0.0,0.0,0.0,0.054846636951
0.0,0.0,0.0,-0.0785647109151
0.0,0.0,0.0,-0.25
0.0,0.0,0.0,-0.0465903282166
0.0,0.0,0.0,-0.0585491806269
0.0,0.0,0.0,-0.25
0.0,0.0,0.0,-0.130599498749
0.0,0.0,0.0,0.00287970365025
0.0,0.0,0.0,-0.201971158385
0.0,0.0,0.0,0.25
0.0,0.0,0.0,0.106305368245
0.0,0.0,0.0,0.000495985732414
0.0,0.0,0.0,0.209506168962
0.0,0.0,0.0,-0.0610186234117
0.0,0.0,0.0,0.119418263435
0.0,0.0,0.0,0.238626629114
0.0,0.0,0.0,0.0319456234574
0.0,0.0,0.0,-0.0308645423502
0.0119871729985,0.0,0.0,-0.0889679118991
0.0,0.0,0.0,0.0613290853798
0.0,0.0,0.0,0.114202804863
0.0,0.0,0.0,0.162561565638
0.0,0.0,0.0,0.25
0.0,0.0,0.0,0.25
0.0,0.0,0.0,0.230901390314
0.0,0.0,0.0,0.25
0.0,0.0,0.0,0.25
0.0,0.0,0.0,-0.0433327704668
0.0,0.0,0.0,0.0300568901002
0.0,0.0,0.0,-0.0524326115847
0.0,0.0,0.0,-0.0211428645998
0.0,0.0,0.0,0.21126589179
0.0,0.0,0.0,0.0411410927773
0.0,0.0,0.0,0.0433999188244
0.0,0.0,0.0,0.043775446713
0.0,0.0,0.0,0.185988664627
0.0,0.0,0.0,0.25
0.0,0.0,0.0,0.25
0.0,0.0,0.0,0.25
0.0,0.0,0.0,0.25
0.0,0.0,0.0,0.25
0.0,0.0,0.0,0.25
0.0,0.0,0.0,0.178917467594
0.0,0.0,0.0,0.0897837728262
0.0,0.0,0.0,0.25
0.0,0.0,0.0,0.25
0.0,0.0,0.0,0.25
0.0,0.0,0.0,0.25
0.0,0.0,0.0,0.25
0.0,0.0,0.0,0.0484369024634
0.0,0.0,0.0,-0.148812711239
0.0,0.0,0.0,-0.0900802239776
0.0,0.0,0.0,0.241329312325
0.0,0.0,0.0,0.25
0.0,0.0,0.0,0.25
0.0,0.0,0.0,0.230047866702
0.0,0.0,0.0,0.249817028642
0.0,0.0,0.0,0.25
0.0,0.0,0.0,0.25
0.0,0.0,0.0,0.25
0.0,0.0,0.0,0.25
0.0,0.0,0.0,0.25
0.0,0.0,0.0,0.202380597591
0.0,0.0,0.0,0.0399475730956
0.0,0.0,0.0,-0.0280327554792
0.0,0.0,0.0,-0.166656002402
0.0,0.0,0.0,-0.0144272604957
0.0,0.0,0.0,-0.182134851813
0.0,0.0,0.0,-0.25
0.0,0.0,0.0,-0.25
0.0,0.0,0.0,0.088099822402
0.0,0.0,0.0,0.25
0.0,0.0,0.0,0.138902798295
0.0,0.0,0.0,0.195101127028
0.0,0.0,0.0,-0.141182288527
0.0,0.0,0.0,-0.25
0.0,0.0,0.0,0.0619422160089
0.0,0.0,0.0,-0.25
0.0,0.0,0.0,-0.25
0.0,0.0,0.0,-0.25
0.0,0.0,0.0,-0.25
0.0,0.0,0.0,-0.25
0.0,0.0,0.0,-0.25
0.0,0.0,0.0,-0.25
0.0,0.0,0.0,-0.25
0.0,0.0,0.0,-0.25
0.0,0.0,0.0,-0.167322784662
0.0,0.0,0.0,0.0287366267294
0.0,0.0,0.0,-0.0303404200822
0.0,0.0,0.0,-0.0244524814188
0.0,0.0,0.0,-0.0782744437456
0.0,0.0,0.0,-0.183198228478
0.0,0.0,0.0,-0.0521279089153
0.0,0.0,0.0,0.246117442846
0.0,0.0,0.0,0.152602046728
0.0,0.0,0.0,0.0948743596673
0.0,0.0,0.0,0.25
0.0,0.0,0.0,0.0861372277141
0.0,0.0,0.0,0.25
0.0,0.0,0.0,0.25
0.0,0.0,0.0,0.24602265656
0.0,0.0,0.0,0.25
0.0,0.0,0.0,0.25
0.0,0.0,0.0,0.25
0.0,0.0,0.0,0.25
0.0,0.0,0.0,0.25
0.0,0.0,0.0,0.157014846802
0.0,0.0,0.0,-0.0123623777181
0.0,0.0,0.0,0.25
0.0,0.0,0.0,0.25
0.0,0.0,0.0,0.25
0.0,0.0,0.0,0.25
0.0,0.0,0.0,0.102777421474
0.0,0.0,0.0,0.0217684004456
0.0,0.0,0.0,0.00517833745107
0.0,0.0,0.0,-0.00113167264499
0.0,0.0,0.0,0.110556088388
0.0,0.0,0.0,0.25
0.0,0.0,0.0,0.25
0.0,0.0,0.0,0.25
0.0,0.0,0.0,0.25
0.0,0.0,0.0,0.25
0.0,0.0,0.0,0.25
0.0,0.0,0.0,0.25
0.0,0.0,0.0,0.25
0.0,0.0,0.0,0.25
0.0,0.0,0.0,0.2098954916
0.0,0.0,0.0,0.200468659401
0.0,0.0,0.0,0.0847505480051
0.0,0.0,0.0,-0.0490507036448
0.0,0.0,0.0,-0.0388399735093
0.0,0.0,0.0,0.0782177522779
0.0,0.0,0.0,0.112636126578
0.0,0.0,0.0,0.25
0.0,0.0,0.0,0.25
0.0,0.0,0.0,0.237878024578
0.0,0.0,0.0,0.25
0.0,0.0,0.0,0.240995794535
0.0,0.0,0.0,0.110245041549
0.0,0.0,0.0,0.25
0.0,0.0,0.0,0.12157548219
0.0,0.0,0.0,0.212759166956
0.0,0.0,0.0,0.0866795107722
0.0,0.0,0.0,0.25
0.0,0.0,0.0,-0.00943177565932
0.0,0.0,0.0,0.195925146341
0.0781411454082,0.0,0.0,0.0658919736743
0.0,0.0,0.0,0.0938178226352
0.0,0.0,0.0,0.0399638339877
0.0,0.0,0.0,-0.0111915348098
0.0,0.0,0.0,-0.222029224038
0.0,0.0,0.0,0.0381880477071
0.0,0.0,0.0,0.25
0.0,0.0,0.0,0.25
0.0,0.0,0.0,0.25
0.0,0.0,0.0,0.25
0.0,0.0,0.0,0.25
0.0,0.0,0.0,0.25
0.0,0.0,0.0,0.25
0.0,0.0,0.0,0.25
0.0,0.0,0.0,0.25
0.0,0.0,0.0,0.25
0.0,0.0,0.0,0.25
0.0,0.0,0.0,0.25
0.0,0.0,0.0,0.25
0.0,0.0,0.0,0.25
0.0,0.0,0.0,0.25
0.0,0.0,0.0,0.25
0.0134223187342,0.0,0.0,0.221730723977
0.0,0.0,0.0,0.25
0.0,0.0,0.0,0.25
0.0,0.0,0.0,0.25
0.0,0.0,0.0,0.25
0.0,0.0,0.0,0.25
0.0,0.0,0.0,0.25
0.0,0.0,0.0,0.25
0.0,0.0,0.0,0.072821803391
0.0,0.0,0.0,0.167158663273
0.0,0.0,0.0,0.25
0.0,0.0,0.0,0.25
0.0,0.0,0.0,0.25
0.0,0.0,0.0,0.25
0.0,0.0,0.0,0.25
0.0,0.0,0.0,0.104255475104
0.0,0.0,0.0,0.126828223467
0.0,284.672524,0.0,0.0
0.0,0.0,0.0,0.25
0.0,0.0,0.0,0.25
0.0,0.0,0.0,0.25
0.0,0.0,0.0,0.25
0.0,0.0,0.0,0.25
0.0,0.0,0.0,0.25
0.0,0.0,0.0,0.25
0.0,0.0,0.0,0.25
0.0,0.0,0.0,0.25
0.0,0.0,0.0,0.131571412086
0.0,0.0,0.0,0.223423108459
0.0,0.0,0.0,0.229496687651
0.0,0.0,0.0,0.25
0.0,0.0,0.0,0.25
0.0,0.0,0.0,0.25
0.0,0.0,0.0,0.23877851665
0.0,0.0,0.0,-0.0168156232685
0.0,0.0,0.0,-0.0682722851634
0.0,0.0,0.0,-0.0663634538651
0.0,0.0,0.0,-0.103506617248
0.0,0.0,0.0,-0.158655121922
0.0,0.0,0.0,-0.100172542036
0.0,0.0,0.0,0.128209069371
0.0,0.0,0.0,0.25
0.0,0.0,0.0,0.202618524432
0.0,0.0,0.0,0.25
0.0,0.0,0.0,0.25
0.0,0.0,0.0,0.0255603715777
0.0,0.0,0.0,-0.196857869625
0.0,0.0,0.0,0.104888953269
0.0,0.0,0.0,0.25
0.0,0.0,0.0,0.25
0.0114450138062,0.0,0.0,0.25
0.0,0.0,0.0,0.25
0.0,0.0,0.0,0.25
0.028014216572,0.0,0.0,0.25
0.00484123500064,0.0,0.0,0.25
0.0,0.0,0.0,0.25
0.0,0.0,0.0,0.25
0.0,0.0,0.0,0.203807264566
0.0,0.0,0.0,0.176126807928
0.0,0.0,0.0,0.0893028825521
0.0,0.0,0.0,-0.124770656228
0.0,0.0,0.0,0.125259518623
0.0,0.0,0.0,0.152280673385
0.0,0.0,0.0,0.0364794582129
0.0,0.0,0.0,0.232237234712
0.0,0.0,0.0,0.127864196897
0.0,0.0,0.0,0.0961654409766
0.0,0.0,0.0,0.173506647348
0.0,0.0,0.0,0.25
0.0,0.0,0.0,0.0653403624892
0.0,0.0,0.0,0.187885001302
0.0,0.0,0.0,0.25
0.0,0.0,0.0,0.236887931824
0.0,0.0,0.0,0.172836363316
0.0,0.0,0.0,0.25
0.0,0.0,0.0,0.25
0.0,0.0,0.0,0.25
0.0,0.0,0.0,0.25
0.0,0.0,0.0,0.25
0.0,0.0,0.0,0.25
0.0,0.0,0.0,0.25
0.0,0.0,0.0,0.25
0.0,0.0,0.0,0.25
0.0,0.0,0.0,0.239816173911
0.0,0.0,0.0,0.25
0.0,0.0,0.0,0.25
0.0,0.0,0.0,0.030851457268
0.0,0.0,0.0,0.0911700502038
0.0,0.0,0.0,0.25
0.0,0.0,0.0,0.25
0.0,0.0,0.0,0.0814593136311
0.0,0.0,0.0,0.25
0.0,0.0,0.0,0.0163590144366
0.0,0.0,0.0,0.163754016161
0.0,0.0,0.0,-0.0546812526882
0.0,0.0,0.0,0.112388536334
0.0,0.0,0.0,0.1792383641
0.0,0.0,0.0,0.25
0.0,0.0,0.0,0.25
0.0,0.0,0.0,0.25
0.0,0.0,0.0,0.25
0.0,0.0,0.0,0.25
0.0,0.0,0.0,0.25
0.0,0.0,0.0,0.25
0.0,0.0,0.0,0.201709344983
0.0,0.0,0.0,0.25
0.0,0.0,0.0,0.172097936273
0.0,0.0,0.0,0.238871440291
0.0,0.0,0.0,0.214188322425
0.0,0.0,0.0,-0.115919679403
0.0,0.0,0.0,0.00252236425877
0.0,0.0,0.0,0.169753849506
0.0,0.0,0.0,0.25
0.0,0.0,0.0,0.25
0.0,0.0,0.0,0.25
0.0,0.0,0.0,0.25
0.0,0.0,0.0,0.25
0.0,0.0,0.0,0.25
0.0,0.0,0.0,0.190425351262
0.0,0.0,0.0,0.25
0.0,0.0,0.0,0.135490119457
0.0,0.0,0.0,0.0320714563131
0.0,0.0,0.0,0.25
0.0,0.0,0.0,0.25
0.0,0.0,0.0,0.25
0.0,0.0,0.0,0.25
0.0,0.0,0.0,0.25
0.0,0.0,0.0,0.25
0.0,0.0,0.0,0.25
0.0,0.0,0.0,0.25
0.0,0.0,0.0,0.25
0.0,0.0,0.0,0.25
0.0,0.0,0.0,0.25
0.0,0.0,0.0,0.25
0.0,0.0,0.0,0.25
0.0,0.0,0.0,0.25
0.0,0.0,0.0,0.25
0.0,0.0,0.0,0.25
0.0,0.0,0.0,0.25
0.0,0.0,0.0,0.140811413527
0.0,0.0,0.0,-0.0540664307773
0.0,0.0,0.0,-0.0349884293973
0.0,0.0,0.0,0.221504986286
0.0,0.0,0.0,0.25
0.0,0.0,0.0,0.25
0.0,0.0,0.0,0.25
0.0,0.0,0.0,0.25
0.0,0.0,0.0,0.25
0.0,0.0,0.0,0.0883030071855
0.0,0.0,0.0,0.0851171240211
0.0247090123594,0.0,0.0,0.0698969736695
0.0,0.0,0.0,-0.113315649331
0.0,0.0,0.0,-0.0967186242342
0.0,0.0,0.0,0.172463789582
0.0,0.0,0.0,0.142674580216
0.0,0.0,0.0,0.220207050443
0.0,0.0,0.0,0.25
0.0,0.0,0.0,0.240116715431
0.0,0.0,0.0,0.25
0.0,0.0,0.0,0.164284139872
0.0,0.0,0.0,-0.25
0.0,0.0,0.0,-0.25
0.0,0.0,0.0,-0.150479733944
0.0,0.0,0.0,0.0193769782782
0.0,0.0,0.0,0.151467695832
0.0,0.0,0.0,0.25
0.0,0.0,0.0,0.25
0.0,0.0,0.0,0.25
0.0,0.0,0.0,0.25
0.0,0.0,0.0,0.25
0.0,0.0,0.0,0.25
0.0,0.0,0.0,0.25
0.0,0.0,0.0,0.25
0.0,0.0,0.0,0.25
0.0,0.0,0.0,0.25
0.0,0.0,0.0,0.25
0.0,0.0,0.0,0.25
0.0,0.0,0.0,0.218869924545
0.0,0.0,0.0,0.25
0.0,0.0,0.0,0.25
0.0,0.0,0.0,0.25
0.0,0.0,0.0,0.25
0.00315367686562,0.0,0.0,0.25
0.0,0.0,0.0,0.25
0.0,0.0,0.0,0.25
0.0,0.0,0.0,0.25
0.0,0.0,0.0,0.25
0.0,0.0,0.0,0.25
0.0,0.0,0.0,0.176158890128
0.0,0.0,0.0,0.0808284729719
0.0,0.0,0.0,0.25
0.0,0.0,0.0,0.150462388992
0.0,0.0,0.0,0.25
0.0,0.0,0.0,0.25
0.0,0.0,0.0,0.25
0.0,0.0,0.0,0.25
0.0,0.0,0.0,0.25
0.0180499218404,0.0,0.0,0.25
0.0,0.0,0.0,0.25
0.0,0.0,0.0,0.25
0.0,0.0,0.0,0.25
0.0,0.0,0.0,0.25
0.0,0.0,0.0,0.25
0.0,0.0,0.0,0.25
0.0,0.0,0.0,0.25
0.0,0.0,0.0,0.25
0.0,0.0,0.0,0.25
0.0339888222516,0.0,0.0,0.25
0.0,0.0,0.0,0.0791874751449
0.0,0.0,0.0,-0.0258493609726
0.0,0.0,0.0,-0.25
0.0,0.0,0.0,-0.25
0.0,0.0,0.0,-0.103406257927
0.0,0.0,0.0,0.25
0.0,0.0,0.0,0.184234157205
0.0,0.0,0.0,0.111501678824
0.0,0.0,0.0,0.25
0.0,0.0,0.0,0.234268710017
0.0,0.0,0.0,0.0534844882786
0.0,0.0,0.0,0.159253105521
0.0,0.0,0.0,0.25
0.0,0.0,0.0,0.25
0.0,0.0,0.0,0.247783586383
0.0,0.0,0.0,0.25
0.0,0.0,0.0,0.25
0.0,0.0,0.0,0.25
0.0,0.0,0.0,0.25
0.0,0.0,0.0,0.25
0.0,0.0,0.0,0.25
0.0,0.0,0.0,0.25
0.0,0.0,0.0,0.25
0.0,0.0,0.0,0.25
0.0,0.0,0.0,0.25
0.0,0.0,0.0,0.25
0.0,0.0,0.0,0.25
0.0,0.0,0.0,0.25
0.0,0.0,0.0,0.25
0.0,0.0,0.0,0.25
0.0,0.0,0.0,0.25
0.0,0.0,0.0,0.25
0.0,0.0,0.0,0.25
0.0,0.0,0.0,0.25
0.0,0.0,0.0,0.25
0.0,0.0,0.0,0.25
0.0,0.0,0.0,0.25
0.0,0.0,0.0,0.25
0.0,0.0,0.0,0.162677273154
0.0,0.0,0.0,0.25
0.0,0.0,0.0,0.25
0.0,0.0,0.0,0.25
0.0,0.0,0.0,0.25
0.0,0.0,0.0,0.25
0.0,0.0,0.0,0.25
0.0,0.0,0.0,0.25
0.0,0.0,0.0,0.25
0.0,0.0,0.0,0.244041517377
0.0,0.0,0.0,0.25
0.0,0.0,0.0,0.25
0.0,0.0,0.0,0.240768253803
0.0,0.0,0.0,0.25
0.0,0.0,0.0,0.25
0.0,0.0,0.0,0.25
0.0,0.0,0.0,0.25
0.0,0.0,0.0,0.25
0.0,0.0,0.0,0.25
0.0,0.0,0.0,0.25
0.0,0.0,0.0,0.25
0.0,0.0,0.0,0.25
0.0,0.0,0.0,0.25
0.0,0.0,0.0,0.25
0.0,0.0,0.0,0.25
0.0,0.0,0.0,0.25
0.0,0.0,0.0,0.184519067407
0.0,0.0,0.0,0.25
0.0,0.0,0.0,0.25
0.0,0.0,0.0,0.25
0.0,0.0,0.0,0.25
0.0,0.0,0.0,0.25
0.0,0.0,0.0,0.25
0.0,0.0,0.0,0.25
0.0,0.0,0.0,0.25
0.0,0.0,0.0,0.25
0.0,0.0,0.0,0.25
0.0,0.0,0.0,0.25
0.0,0.0,0.0,0.25
0.0,0.0,0.0,0.25
0.0,0.0,0.0,0.25
0.0,0.0,0.0,0.25
0.0,0.0,0.0,0.25
0.0,0.0,0.0,0.25
0.0,0.0,0.0,0.25
0.0,0.0,0.0,0.25
0.0,0.0,0.0,0.25
0.0,0.0,0.0,0.25
0.0,0.0,0.0,0.0612842813134
0.0,0.0,0.0,-0.0540931634605
0.0,0.0,0.0,0.215567007661
0.0,0.0,0.0,0.0552795939147
0.0,0.0,0.0,-0.107357613742
0.0,0.0,0.0,0.25
0.0,0.0,0.0,0.0686225295067
0.0,0.0,0.0,0.25
0.0,0.0,0.0,0.25
0.0,0.0,0.0,0.25
0.0,0.0,0.0,0.25
0.0,0.0,0.0,0.25
0.0,0.0,0.0,0.25
0.0,0.0,0.0,0.25
0.0,0.0,0.0,0.232630610466
0.0,0.0,0.0,0.25
0.0,0.0,0.0,0.25
0.0,0.0,0.0,0.104544736445
0.0,0.0,0.0,0.0313726700842
0.0,0.0,0.0,0.0521159209311
0.0,0.0,0.0,0.191983938217
0.0,0.0,0.0,0.25
0.0,0.0,0.0,0.25
0.0,0.0,0.0,0.25
0.0,0.0,0.0,0.25
0.0,0.0,0.0,0.25
0.0,0.0,0.0,0.25
0.0,0.0,0.0,0.25
0.0,0.0,0.0,0.25
0.0,0.0,0.0,0.25
0.0,0.0,0.0,0.25
0.0,0.0,0.0,0.25
0.0,0.0,0.0,0.25
0.0,0.0,0.0,0.25
0.0,0.0,0.0,0.25
0.0,0.0,0.0,0.0829361379147
0.0,0.0,0.0,-0.167043268681
0.0,0.0,0.0,-0.166588053107
0.0,0.0,0.0,0.000385447929148
0.0,0.0,0.0,0.25
0.0,0.0,0.0,0.25
0.0,0.0,0.0,0.25
0.0,0.0,0.0,0.25
0.0,0.0,0.0,0.25
0.0,0.0,0.0,0.25
0.0,0.0,0.0,0.25
0.0,0.0,0.0,0.25
0.0,0.0,0.0,0.25
0.0,0.0,0.0,0.25
0.0,0.0,0.0,0.25
0.0,0.0,0.0,0.25
0.0,0.0,0.0,0.25
0.0,0.0,0.0,0.25
0.0,0.0,0.0,0.25
0.0,0.0,0.0,0.25
0.0,0.0,0.0,0.25
0.0,0.0,0.0,0.25
0.0,0.0,0.0,0.25
0.0,0.0,0.0,0.25
0.0,0.0,0.0,0.25
0.0,0.0,0.0,0.25
0.0,0.0,0.0,0.25
0.0,0.0,0.0,0.25
0.0,0.0,0.0,0.25
0.0,0.0,0.0,0.25
0.0,0.0,0.0,0.25
0.0,0.0,0.0,0.25
0.0,0.0,0.0,0.25
0.0,0.0,0.0,0.25
0.0,0.0,0.0,0.25
0.0,0.0,0.0,0.25
0.0,0.0,0.0,0.25
0.0,0.0,0.0,0.25
0.0,0.0,0.0,0.25
0.0,0.0,0.0,0.25
0.0,0.0,0.0,0.25
0.0,0.0,0.0,0.25
0.0,0.0,0.0,0.25
0.0,0.0,0.0,0.25
0.0,0.0,0.0,0.25
0.0,0.0,0.0,0.168998003006
0.0,0.0,0.0,-0.0874319672585
0.0,0.0,0.0,-0.25
0.0,0.0,0.0,-0.25
0.0,0.0,0.0,-0.0837446525693
0.0,0.0,0.0,0.20728507638
0.0,0.0,0.0,0.0623490326107
0.0,0.0,0.0,-0.154701903462
0.0,0.0,0.0,-0.171224370599
0.0,0.0,0.0,0.109191715717
0.0,0.0,0.0,0.25
0.0,0.0,0.0,-0.030145611614
0.0,0.0,0.0,0.25
0.0,0.0,0.0,0.156632825732
0.0,0.0,0.0,-0.0268422849476
0.0,0.0,0.0,0.189268246293
0.0,0.0,0.0,-0.083256110549
0.0,0.0,0.0,-0.25
0.0,0.0,0.0,-0.25
0.0,0.0,0.0,-0.145055830479
0.0,0.0,0.0,-0.153195634484
0.0,0.0,0.0,0.220356300473
0.0,0.0,0.0,0.25
0.0,0.0,0.0,0.25
0.0,0.0,0.0,0.25
0.0,0.0,0.0,0.25
0.0,0.0,0.0,0.25
0.0,0.0,0.0,-0.0825715512037
0.0,0.0,0.0,-0.229093775153
0.0,0.0,0.0,-0.25
0.0,0.0,0.0,-0.108919814229
0.0,0.0,0.0,0.163201972842
0.0,0.0,0.0,0.25
0.0,0.0,0.0,0.25
0.0,0.0,0.0,0.25
0.0,0.0,0.0,0.25
0.0,0.0,0.0,0.25
0.0,0.0,0.0,0.25
0.0,0.0,0.0,0.25
0.0,0.0,0.0,0.201106920838
0.0,0.0,0.0,0.25
0.0,0.0,0.0,0.25
0.0,0.0,0.0,0.148451939225
0.0,0.0,0.0,0.25
0.0,0.0,0.0,0.25
0.0,0.0,0.0,0.25
0.0,0.0,0.0,0.25
0.0,0.0,0.0,0.25
0.0,0.0,0.0,0.25
0.0,0.0,0.0,0.25
0.0,0.0,0.0,0.25
0.0,0.0,0.0,0.117359675467
0.0,0.0,0.0,0.198968186975
0.0,0.0,0.0,0.146063774824
0.0,0.0,0.0,-0.0617464743555
0.0,0.0,0.0,-0.25
0.0,0.0,0.0,-0.25
0.0,0.0,0.0,0.18250015378
0.0,0.0,0.0,-0.25
0.0,0.0,0.0,-0.157385081053
0.0,0.0,0.0,-0.25
0.0,0.0,0.0,-0.25
0.0,0.0,0.0,-0.25
0.0,0.0,0.0,-0.25
0.0,0.0,0.0,-0.25
0.0,0.0,0.0,-0.25
0.0,0.0,0.0,-0.101595729589
0.0,0.0,0.0,-0.25
0.0,0.0,0.0,-0.25
0.0,0.0,0.0,-0.0105388695374
0.0,0.0,0.0,-0.0698708742857
0.0,0.0,0.0,0.163033351302
0.0,0.0,0.0,0.25
0.0,0.0,0.0,0.170473948121
0.0,0.0,0.0,0.0396688207984
0.0,0.0,0.0,0.132930472493
0.0,0.0,0.0,0.25
0.0,0.0,0.0,0.25
0.0,0.0,0.0,0.25
0.0,0.0,0.0,0.25
0.0,0.0,0.0,0.25
0.0,0.0,0.0,0.25
0.0,0.0,0.0,0.25
0.0,0.0,0.0,0.25
0.0,0.0,0.0,0.25
0.0,0.0,0.0,0.25
0.0,0.0,0.0,0.25
0.0,0.0,0.0,0.25
0.0,0.0,0.0,0.25
0.0,0.0,0.0,0.25
0.0,0.0,0.0,0.25
0.0,0.0,0.0,0.25
0.0,0.0,0.0,0.208973988891
0.0,0.0,0.0,0.178114593029
0.0,0.0,0.0,0.222742691636
0.0,0.0,0.0,0.1072313115
0.0,0.0,0.0,0.160333320498
0.0,0.0,0.0,0.171516790986
0.0,0.0,0.0,-0.0295142196119
0.0,0.0,0.0,-0.179857566953
0.0,0.0,0.0,-0.188958510756
0.0,0.0,0.0,0.25
0.0,0.0,0.0,0.25
0.0,0.0,0.0,0.25
0.0,0.0,0.0,0.25
0.0,0.0,0.0,0.25
0.0,0.0,0.0,0.176136687398
0.0,0.0,0.0,0.25
0.0,0.0,0.0,0.25
0.0,0.0,0.0,0.180750772357
0.0,0.0,0.0,-0.0267921481282
0.0,0.0,0.0,-0.25
0.0,0.0,0.0,-0.25
0.0875722169876,0.0,0.0,-0.25
0.0271347220987,0.0,0.0,-0.135577440262
0.151934415102,0.0,0.0,0.0806436762214
0.0110953524709,0.0,0.0,-0.0197186786681
0.0,0.0,0.0,0.0932837873697
0.0,0.0,0.0,0.25
0.0,0.0,0.0,0.234603777528
0.0,0.0,0.0,0.165343940258
0.0,0.0,0.0,0.150235563517
0.0,0.0,0.0,0.097993992269
0.0,0.0,0.0,0.25
0.0,0.0,0.0,0.25
0.0,0.0,0.0,0.210695579648
0.0,0.0,0.0,0.108322702348
0.0,0.0,0.0,0.25
0.0,0.0,0.0,0.181873500347
0.0,0.0,0.0,0.214490756392
0.0,0.0,0.0,0.0257729161531
0.0,0.0,0.0,0.25
0.0,0.0,0.0,0.25
0.0,0.0,0.0,0.25
0.0,0.0,0.0,0.25
0.0,0.0,0.0,0.152526125312
0.0,0.0,0.0,0.124809004366
0.0,0.0,0.0,0.138946995139
0.0,0.0,0.0,0.25
0.0,0.0,0.0,0.25
0.0,0.0,0.0,-0.00544159393758
0.0,0.0,0.0,0.0787202864885
0.0,0.0,0.0,0.214733302593
0.0511805638671,0.0,0.0,0.25
0.0,293.231397,0.0,0.0
0.0441132374108,0.0,0.0,0.25
0.12619112432,0.0,0.0,0.25
0.0821955651045,0.0,0.0,0.25
0.0353674702346,0.0,0.0,0.25
0.0,0.0,0.0,0.25
0.0,0.0,0.0,0.25
0.0,0.0,0.0,0.25
0.0,0.0,0.0,0.25
0.0,0.0,0.0,0.25
0.0,0.0,0.0,0.25
0.0,0.0,0.0,0.25
0.0,0.0,0.0,0.25
0.0,0.0,0.0,0.25
0.0,0.0,0.0,0.25
0.0,0.0,0.0,0.25
0.0,0.0,0.0,0.25
0.0,0.0,0.0,0.25
0.0,0.0,0.0,0.25
0.0,0.0,0.0,0.25
0.0,0.0,0.0,0.25
0.0,0.0,0.0,0.25
0.0,0.0,0.0,0.25
0.0,0.0,0.0,0.25
0.0,0.0,0.0,0.25
0.0,0.0,0.0,0.25
0.0,0.0,0.0,0.25
0.0,0.0,0.0,0.25
0.0,0.0,0.0,0.25
0.0,0.0,0.0,0.25
0.0,0.0,0.0,0.25
0.0,0.0,0.0,0.25
0.0,0.0,0.0,0.25
0.0,0.0,0.0,0.25
0.0,0.0,0.0,0.25
0.0,0.0,0.0,0.25
0.0,0.0,0.0,0.25
0.0,0.0,0.0,0.25
0.0,0.0,0.0,0.25
0.0,0.0,0.0,0.25
0.0,0.0,0.0,0.25
0.0,0.0,0.0,0.25
0.0,0.0,0.0,0.25
0.0,0.0,0.0,0.25
0.0281269326806,0.0,0.0,0.25
0.0153605090454,0.0,0.0,0.25
0.0,0.0,0.0,0.25
0.0,0.0,0.0,0.25
0.0,0.0,0.0,0.25
0.0,0.0,0.0,0.25
0.0,0.0,0.0,0.25
0.0,0.0,0.0,0.25
0.0,0.0,0.0,0.25
0.0,0.0,0.0,0.152091652155
0.0,0.0,0.0,0.222616970539
0.0,0.0,0.0,0.0970888212323
0.0,0.0,0.0,0.192325100303
0.0,0.0,0.0,0.228645727038
0.0,0.0,0.0,0.14579539001
0.0,0.0,0.0,-0.0384557880461
0.0,0.0,0.0,0.0330674350262
0.0,0.0,0.0,-0.0535061173141
0.0424066483974,0.0,0.0,0.0871502533555
0.0,0.0,0.0,0.0747045353055
0.0,0.0,0.0,0.195154115558
0.0257405973971,0.0,0.0,0.25
0.0,0.0,0.0,0.25
0.0,0.0,0.0,0.25
0.0,0.0,0.0,0.171259924769
0.0,0.0,0.0,0.25
0.0,0.0,0.0,0.25
0.0,0.0,0.0,0.25
0.0,0.0,0.0,0.25
0.0,0.0,0.0,0.0639967992902
0.0,0.0,0.0,0.0660373941064
0.0,0.0,0.0,-0.108159936965
0.0,0.0,0.0,-0.25
0.0,0.0,0.0,-0.25
0.0,0.0,0.0,0.0381066501141
0.0,0.0,0.0,0.175527229905
0.0,0.0,0.0,0.155425399542
0.0,0.0,0.0,0.186813160777
0.0,0.0,0.0,0.074435852468
0.0,0.0,0.0,0.0832658410072
0.0,0.0,0.0,-0.213653504848
0.0,0.0,0.0,-0.0405125916004
0.0,0.0,0.0,-0.191556796432
0.0,0.0,0.0,0.000121691256936
0.0,0.0,0.0,0.0931208953261
0.0,0.0,0.0,0.0100733814761
0.0,0.0,0.0,0.196779489517
0.0,0.0,0.0,0.058506373316
0.0,0.0,0.0,0.109807662666
0.0,0.0,0.0,0.25
0.0,0.0,0.0,0.25
0.0,0.0,0.0,0.25
0.0,0.0,0.0,0.25
0.0,0.0,0.0,0.25
0.0,0.0,0.0,0.25
0.0,0.0,0.0,0.107154421508
0.0,0.0,0.0,-0.0989461094141
0.0288748294115,0.0,0.0,-0.159148767591
0.0370497033,0.0,0.0,0.0453880056739
0.0,0.0,0.0,0.0982835888863
0.0,0.0,0.0,0.25
0.0,0.0,0.0,0.25
0.0163005925715,0.0,0.0,0.25
0.0,0.0,0.0,0.25
0.0,0.0,0.0,0.25
0.0,0.0,0.0,0.25
0.0,0.0,0.0,0.25
0.0,0.0,0.0,0.25
0.0,0.0,0.0,0.25
0.0,0.0,0.0,0.25
0.0,0.0,0.0,0.25
0.0,0.0,0.0,0.25
0.0,0.0,0.0,0.25
0.0,0.0,0.0,0.25
0.0,0.0,0.0,0.25
0.0,0.0,0.0,0.25
0.0,0.0,0.0,0.225952267647
0.0,0.0,0.0,0.226008445024
0.0,0.0,0.0,0.25
0.0,0.0,0.0,0.25
0.0,0.0,0.0,0.25
0.0,0.0,0.0,0.25
0.0,0.0,0.0,0.25
0.0,0.0,0.0,0.25
0.0,0.0,0.0,0.00428431108594
0.0,0.0,0.0,-0.120921008289
0.0,0.0,0.0,-0.101169317961
0.0,0.0,0.0,-0.17641094327
0.0,0.0,0.0,0.0746700614691
0.0,0.0,0.0,-0.190236657858
0.0,0.0,0.0,-0.00070605048677
0.0,0.0,0.0,0.012138443999
0.0,0.0,0.0,0.0615898109972
0.0,0.0,0.0,0.0813624933362
0.0,0.0,0.0,0.0765640512109
0.0,0.0,0.0,-0.0628156736493
0.0,0.0,0.0,0.21755720675
0.0,0.0,0.0,0.25
0.0,0.0,0.0,0.25
0.0,0.0,0.0,0.25
0.0,0.0,0.0,0.25
0.0,0.0,0.0,0.25
0.0,0.0,0.0,0.0748412460089
0.0,0.0,0.0,0.25
0.0,0.0,0.0,0.134919077158
0.0,0.0,0.0,0.25
0.0,0.0,0.0,0.21518906951
0.0,0.0,0.0,0.25
0.0,0.0,0.0,0.25
0.0,0.0,0.0,0.25
0.0,0.0,0.0,0.25
0.0,0.0,0.0,0.25
0.0,0.0,0.0,0.25
0.0,0.0,0.0,0.25
0.0,0.0,0.0,0.25
0.0,0.0,0.0,0.25
0.0,0.0,0.0,0.25
0.0,0.0,0.0,0.25
0.0,0.0,0.0,0.25
0.0,0.0,0.0,0.25
0.0,0.0,0.0,0.25
0.0,0.0,0.0,0.25
0.0,0.0,0.0,0.25
0.0,0.0,0.0,0.25
0.0,0.0,0.0,0.25
0.0,0.0,0.0,0.25
0.0,0.0,0.0,0.11908480525
0.0,0.0,0.0,0.172640115023
0.0297231953591,0.0,0.0,0.196974560618
0.0,0.0,0.0,0.25
0.025120113045,0.0,0.0,0.25
0.0,0.0,0.0,0.0753464773297
0.0,0.0,0.0,-0.108402341604
0.0,0.0,0.0,0.0750763565302
0.0,0.0,0.0,-0.25
0.0,0.0,0.0,-0.25
0.0,0.0,0.0,-0.25
0.0,0.0,0.0,0.25
0.0,0.0,0.0,0.25
0.0,0.0,0.0,0.25
0.0,0.0,0.0,0.109487488866
0.0,0.0,0.0,0.157396122813
0.0,0.0,0.0,-0.00702817877755
0.0,0.0,0.0,0.14098508656
0.0376079082489,0.0,0.0,0.215836778283
0.0,0.0,0.0,-0.0665537640452
0.0,0.0,0.0,-0.0290653724223
0.0,0.0,0.0,-0.123870015144
0.0,0.0,0.0,-0.21646566689
0.0,0.0,0.0,-0.001150189084
0.0,0.0,0.0,0.186117395759
0.0,0.0,0.0,-0.25
0.0,0.0,0.0,-0.25
0.0,0.0,0.0,-0.25
0.0,0.0,0.0,-0.25
0.0,0.0,0.0,0.105288073421
0.0,0.0,0.0,0.234473958611
0.0,0.0,0.0,0.194526538253
0.0,0.0,0.0,0.0385920740664
0.0,0.0,0.0,0.106439180672
0.0,0.0,0.0,0.204966783524
0.0,0.0,0.0,-0.107947222888
0.0,0.0,0.0,-0.022098403424
0.0,0.0,0.0,0.00257664942183
0.0,0.0,0.0,-0.0654352605343
0.0,0.0,0.0,-0.0252067092806
0.0,0.0,0.0,-0.0186653286219
0.0,0.0,0.0,0.133913978934
0.0,0.0,0.0,0.25
0.0,0.0,0.0,0.25
0.0,0.0,0.0,0.25
0.0,0.0,0.0,0.25
0.0,0.0,0.0,0.0534493774176
0.0,0.0,0.0,0.0124223772436
0.0,0.0,0.0,0.247091963887
0.0,0.0,0.0,0.25
0.0,0.0,0.0,0.25
0.0,0.0,0.0,0.25
0.0,0.0,0.0,0.203426495194
0.0,0.0,0.0,0.0641366690397
0.0,0.0,0.0,0.25
0.0,0.0,0.0,0.24849703908
0.0,0.0,0.0,0.188474729657
0.0,0.0,0.0,0.25
0.0,0.0,0.0,0.0104632684961
0.0,0.0,0.0,0.162131622434
0.0,0.0,0.0,-0.00279793934897
0.0,0.0,0.0,0.25
0.0,0.0,0.0,-0.0094354711473
0.0,0.0,0.0,-0.219101697206
0.0,0.0,0.0,-0.25
0.0,0.0,0.0,-0.25
0.0,0.0,0.0,-0.25
0.0,0.0,0.0,0.00413445709273
0.0,0.0,0.0,0.217141464353
0.0,0.0,0.0,0.25
0.0,0.0,0.0,0.231791749597
0.0,0.0,0.0,0.195780530572
0.0,0.0,0.0,-0.143010258675
0.0,0.0,0.0,-0.240787401795
0.0,0.0,0.0,-0.0548408851027
0.0,0.0,0.0,-0.121712274849
0.0,0.0,0.0,-0.219558775425
0.0,0.0,0.0,-0.25
0.0,0.0,0.0,-0.25
0.0,0.0,0.0,-0.25
0.0426646061242,0.0,0.0,-0.25
0.00922729913145,0.0,0.0,-0.24483884871
0.0,0.0,0.0,-0.0443306639791
0.0,0.0,0.0,-0.25
0.0,0.0,0.0,-0.25
0.0,0.0,0.0,-0.25
0.0,0.0,0.0,-0.25
0.0,0.0,0.0,-0.147795587778
0.0,0.0,0.0,0.175179988146
0.0,0.0,0.0,0.246077865362
0.0,0.0,0.0,0.131997093558
0.0,0.0,0.0,-0.153941601515
0.0,0.0,0.0,-0.25
0.0,0.0,0.0,-0.25
0.0,0.0,0.0,-0.25
0.0,0.0,0.0,-0.25
0.0,0.0,0.0,-0.25
0.0,0.0,0.0,-0.25
0.0,0.0,0.0,-0.143768772483
0.0,0.0,0.0,-0.0209151711315
0.0,0.0,0.0,-0.0541802756488
0.0,0.0,0.0,0.0316350199282
0.0,0.0,0.0,-0.0902610048652
0.0,0.0,0.0,-0.0106483185664
0.0,0.0,0.0,-0.00445474404842
0.0,0.0,0.0,-0.148483231664
0.0,0.0,0.0,0.073957182467
0.0,0.0,0.0,0.0126395123079
0.0,0.0,0.0,0.227451637387
0.0,0.0,0.0,0.25
0.0,0.0,0.0,0.25
0.0,0.0,0.0,0.25
0.0,0.0,0.0,0.171862974763
0.0,0.0,0.0,0.25
0.0,0.0,0.0,0.25
0.0,0.0,0.0,0.25
0.0,0.0,0.0,0.25
0.0,0.0,0.0,0.25
0.0,0.0,0.0,0.25
0.0,0.0,0.0,0.25
0.0,0.0,0.0,0.25
0.0,0.0,0.0,0.25
0.0,0.0,0.0,0.0891244485974
0.0,0.0,0.0,0.160971209407
0.0,0.0,0.0,-0.0419730916619
0.0,0.0,0.0,-0.0415520556271
0.0,0.0,0.0,0.115443140268
0.0,0.0,0.0,0.10809212178
0.0,0.0,0.0,-0.0157226007432
0.0,0.0,0.0,0.237769961357
0.0,0.0,0.0,-0.0057583716698
0.0,0.0,0.0,-0.239273369312
0.0,0.0,0.0,-0.25
0.0,0.0,0.0,-0.25
0.0,0.0,0.0,-0.157595917583
0.0,0.0,0.0,-0.25
0.0,0.0,0.0,-0.25
0.0,0.0,0.0,-0.25
0.0,0.0,0.0,-0.25
0.0,0.0,0.0,-0.170244708657
0.0,0.0,0.0,0.0593820735812
0.0,0.0,0.0,0.220811232924
0.0,0.0,0.0,0.25
0.0,0.0,0.0,0.243943676353
0.0,0.0,0.0,0.223834395409
0.0,0.0,0.0,0.0473429374397
0.0,0.0,0.0,0.25
0.0,0.0,0.0,0.25
0.0,0.0,0.0,0.25
0.0,0.0,0.0,0.158645451069
0.0401339568198,0.0,0.0,0.0276593565941
0.0,0.0,0.0,-0.227541700006
0.00731363752857,0.0,0.0,-0.0366896800697
0.0,0.0,0.0,0.25
0.0,0.0,0.0,-0.12477016449
0.0,0.0,0.0,-0.0123880589381
0.0,0.0,0.0,0.124201275408
0.0,0.0,0.0,0.237511977553
0.0,0.0,0.0,0.143560245633
0.0,0.0,0.0,0.125840932131
0.0,0.0,0.0,0.128697365522
0.0,0.0,0.0,0.25
0.0,0.0,0.0,0.25
0.0,0.0,0.0,0.25
0.0,0.0,0.0,0.25
0.0,0.0,0.0,0.25
0.0,0.0,0.0,0.25
0.0,0.0,0.0,0.25
0.0,0.0,0.0,0.25
0.0,0.0,0.0,0.25
0.0,0.0,0.0,0.25
0.0,0.0,0.0,0.25
0.0,0.0,0.0,0.25
0.0,0.0,0.0,0.25
0.0,0.0,0.0,0.160941794515
0.0,0.0,0.0,0.168975055218
0.0,0.0,0.0,-0.0586845763028
0.0,0.0,0.0,0.245784208179
0.0,0.0,0.0,0.0571202337742
0.0,0.0,0.0,-0.0425486005843
0.0,0.0,0.0,0.188441187143
0.0,0.0,0.0,0.25
0.0,0.0,0.0,-0.060738299042
0.0,0.0,0.0,-0.0514670014381
0.0,0.0,0.0,-0.181794881821
0.0,0.0,0.0,-0.048095036298
0.0,0.0,0.0,-0.0200541093946
0.0,0.0,0.0,-0.25
0.0,0.0,0.0,-0.106426864862
0.0,0.0,0.0,-0.0180878788233
0.0,0.0,0.0,0.229582622647
0.0,0.0,0.0,0.25
0.0,0.0,0.0,0.25
0.0,0.0,0.0,0.25
0.0,0.0,0.0,0.182902857661
0.0,0.0,0.0,0.196771562099
0.0,0.0,0.0,0.25
0.0,0.0,0.0,0.25
0.0,0.0,0.0,0.0305263344198
0.0,0.0,0.0,0.0263319648802
0.0,0.0,0.0,0.119847692549
0.0,0.0,0.0,0.237975046039
0.0,0.0,0.0,0.25
0.0,0.0,0.0,0.25
0.0,0.0,0.0,0.25
0.0,0.0,0.0,0.25
0.0,0.0,0.0,0.25
0.0,0.0,0.0,0.25
0.0,0.0,0.0,0.25
0.0,0.0,0.0,0.25
0.0,0.0,0.0,0.25
0.0,0.0,0.0,0.25
0.0,0.0,0.0,0.25
0.0,0.0,0.0,0.25
0.0,0.0,0.0,0.25
0.0,0.0,0.0,0.25
0.0,0.0,0.0,0.0671990662813
0.0,0.0,0.0,-0.125850841403
0.0,0.0,0.0,-0.25
0.0,0.0,0.0,-0.25
0.0,0.0,0.0,-0.25
0.0,0.0,0.0,-0.25
0.0,0.0,0.0,-0.25
0.0,0.0,0.0,-0.210061013699
0.0,0.0,0.0,-0.0603506490588
0.0,0.0,0.0,0.034919500351
0.0,0.0,0.0,0.0619498863816
0.0,0.0,0.0,0.0152080534026
0.0,0.0,0.0,0.25
0.0,0.0,0.0,0.0750697106123
0.0,0.0,0.0,-0.0558905415237
0.0,0.0,0.0,-0.0947938039899
0.0,0.0,0.0,0.0605106689036
0.0,0.0,0.0,0.179279848933
0.0,0.0,0.0,0.25
0.0,0.0,0.0,0.246266871691
0.0,0.0,0.0,0.25
0.0,0.0,0.0,0.25
0.0,0.0,0.0,0.25
0.0,0.0,0.0,0.25
0.0,0.0,0.0,0.070636883378
0.0,0.0,0.0,-0.0160719323903
0.0,0.0,0.0,0.128161162138
0.0,0.0,0.0,0.101196080446
0.0,0.0,0.0,0.25
0.0,0.0,0.0,0.25
0.0,0.0,0.0,0.25
0.0,0.0,0.0,0.25
0.0,0.0,0.0,0.0878094434738
0.0,0.0,0.0,0.163893029094
0.0,0.0,0.0,0.25
0.0,0.0,0.0,0.21085883677
0.0,0.0,0.0,0.25
0.0,0.0,0.0,0.25
0.0,0.0,0.0,0.25
0.0,0.0,0.0,0.0419290177524
0.0,0.0,0.0,0.25
0.0,0.0,0.0,0.25
0.0,0.0,0.0,0.233093127608
0.0,0.0,0.0,0.176107183099
0.0,0.0,0.0,-0.050768326968
0.0,0.0,0.0,-7.498323248e-05
0.0,0.0,0.0,0.0803795158863
0.0,0.0,0.0,0.0766949504614
0.0,0.0,0.0,0.25
0.0,0.0,0.0,0.104192815721
0.0,0.0,0.0,0.0788964927197
0.0,0.0,0.0,-0.100269779563
0.0,0.0,0.0,-0.0373958051205
0.0,0.0,0.0,-0.114092566073
0.0,0.0,0.0,0.0365122295916
0.0,0.0,0.0,0.15695990622
0.0,0.0,0.0,-0.070123821497
0.0,0.0,0.0,-0.25
0.0,0.0,0.0,-0.0396032556891
0.0,0.0,0.0,-0.15835942328
0.0,0.0,0.0,-0.25
0.0,0.0,0.0,-0.100645929575
0.0,0.0,0.0,0.0511415600777
0.0,0.0,0.0,0.169299393892
0.0,0.0,0.0,0.25
0.0,0.0,0.0,0.25
0.0,0.0,0.0,0.218379586935
0.0,0.0,0.0,0.25
0.0,0.0,0.0,0.25
0.0,0.0,0.0,0.25
0.0,0.0,0.0,0.25
0.0,0.0,0.0,0.0899386927485
0.0,0.0,0.0,0.25
0.0,0.0,0.0,0.25
0.0,0.0,0.0,0.25
0.0,0.0,0.0,0.25
0.0,0.0,0.0,0.25
0.0,0.0,0.0,0.235414683819
0.0,0.0,0.0,0.25
0.0,0.0,0.0,0.25
0.0,0.0,0.0,0.25
0.0,0.0,0.0,0.25
0.0,0.0,0.0,0.25
0.0,0.0,0.0,0.25
0.0,0.0,0.0,0.25
0.0,0.0,0.0,0.25
0.0,0.0,0.0,0.25
0.0,0.0,0.0,0.25
0.0,0.0,0.0,0.25
0.0,0.0,0.0,0.25
0.0,0.0,0.0,0.25
0.0,0.0,0.0,0.25
0.0,0.0,0.0,0.25
0.0,0.0,0.0,0.00816650502384
0.0,0.0,0.0,0.0517041236162
0.0,0.0,0.0,-0.0983947068453
0.0,0.0,0.0,-0.246867820621
0.0907963812351,0.0,0.0,-0.25
0.0,0.0,0.0,-0.25
0.0,0.0,0.0,-0.25
0.0,0.0,0.0,-0.25
0.0,0.0,0.0,-0.219887912273
0.0,0.0,0.0,-0.25
0.0,0.0,0.0,-0.241804912686
0.0,0.0,0.0,-0.215804293752
0.0,0.0,0.0,-0.25
0.0,0.0,0.0,-0.25
0.0,0.0,0.0,-0.142950251698
0.0,0.0,0.0,-0.12989141047
0.0,0.0,0.0,-0.25
0.0,0.0,0.0,-0.25
0.0,0.0,0.0,-0.196952298284
0.0,0.0,0.0,-0.144403740764
0.0,0.0,0.0,-0.069677837193
0.0,0.0,0.0,0.124127522111
0.0,298.47254,0.0,0.0
0.0,0.0,0.0,-0.226826712489
0.0,0.0,0.0,0.0844160467386
0.0,0.0,0.0,-0.0682151392102
0.0,0.0,0.0,-0.0733366161585
0.0,0.0,0.0,-0.188425809145
0.0,0.0,0.0,0.0148963229731
0.0,0.0,0.0,0.248692601919
0.0,0.0,0.0,0.245467826724
0.0,0.0,0.0,0.225098326802
0.0,0.0,0.0,0.219573333859
0.0,0.0,0.0,0.185363709927
0.0,0.0,0.0,0.126793220639
0.0,0.0,0.0,0.0591105185449
0.0,0.0,0.0,-0.0577888190746
0.0,0.0,0.0,0.20062533021
0.0,0.0,0.0,0.25
0.0,0.0,0.0,0.25
0.0,0.0,0.0,0.25
0.0,0.0,0.0,0.25
0.0,0.0,0.0,0.15143789351
0.0,0.0,0.0,-0.0119899362326
0.0,0.0,0.0,-0.035929389298
0.0,0.0,0.0,-0.0361816324294
0.0,0.0,0.0,0.25
0.0,0.0,0.0,0.25
0.0,0.0,0.0,0.0590182170272
0.0,0.0,0.0,0.25
0.0,0.0,0.0,0.16054533422
0.0,0.0,0.0,0.25
0.0,0.0,0.0,0.25
0.0,0.0,0.0,0.196352794766
0.0,0.0,0.0,0.0889645218849
0.0,0.0,0.0,-0.0435620211065
0.0,0.0,0.0,0.18514765799
0.0370400026441,0.0,0.0,0.104579880834
0.213255509734,0.0,0.0,0.065592944622
0.104373216629,0.0,0.0,0.25
0.0,0.0,0.0,0.25
0.0,0.0,0.0,0.229847669601
0.0,0.0,0.0,0.107350319624
0.0,0.0,0.0,0.0576165691018
0.0,0.0,0.0,0.152148768306
0.0,0.0,0.0,0.19250741601
0.0,0.0,0.0,-0.0747672691941
0.0,0.0,0.0,-0.0491132475436
0.0,0.0,0.0,-0.152772441506
0.0,0.0,0.0,0.0352622531354
0.0,0.0,0.0,-0.0195160508156
0.0,0.0,0.0,0.25
0.0,0.0,0.0,0.0982103571296
0.0,0.0,0.0,0.25
0.0140244895592,0.0,0.0,0.25
0.0330466143787,0.0,0.0,0.25
0.0577808208764,0.0,0.0,0.25
0.151282638311,0.0,0.0,0.25
0.135742887855,0.0,0.0,0.25
0.0931731536984,0.0,0.0,0.25
0.0,0.0,0.0,0.25
0.0,0.0,0.0,0.25
0.0,0.0,0.0,0.25
0.0,0.0,0.0,0.25
0.0,0.0,0.0,0.25
0.0,0.0,0.0,0.25
0.0,0.0,0.0,0.25
0.0,0.0,0.0,0.25
0.0,0.0,0.0,0.25
0.0,0.0,0.0,0.248228758574
0.0,0.0,0.0,0.25
0.0,0.0,0.0,0.25
0.0,0.0,0.0,0.161428660154
0.152060732245,0.0,0.0,0.25
0.19804123044,0.0,0.0,0.121571756899
0.133709818125,0.0,0.0,0.25
0.0,0.0,0.0,0.25
0.0,0.0,0.0,0.25
0.0419383235276,0.0,0.0,0.154466882348
0.105330593884,0.0,0.0,0.186008125544
0.0338047780097,0.0,0.0,0.136447936296
0.0767886564136,0.0,0.0,0.170949280262
0.0,0.0,0.0,0.11371485889
0.0,0.0,0.0,0.25
0.0,0.0,0.0,0.0468719266355
0.0,0.0,0.0,0.199893429875
0.10831657052,0.0,0.0,0.125679790974
0.0355412326753,0.0,0.0,0.0502025932074
0.0875385925174,0.0,0.0,0.024855427444
0.0,0.0,0.0,0.25
0.110536687076,0.0,0.0,0.25
0.0,0.0,0.0,0.25
0.148537144065,0.0,0.0,-0.112321019173
0.15512278676,0.0,0.0,-0.105188220739
0.112445421517,0.0,0.0,0.15232129395
0.0765828192234,0.0,0.0,0.0130929732695
0.0796450674534,0.0,0.0,-0.25
0.0942774713039,0.0,0.0,-0.168751612306
0.0,0.0,0.0,0.0944778248668
0.0,0.0,0.0,-0.0904873684049
0.0,0.0,0.0,0.0277082342654
0.0,0.0,0.0,0.00185158033855
0.0,0.0,0.0,0.0558114275336
0.0,0.0,0.0,-0.189490959048
0.0,0.0,0.0,0.154208391905
0.0,0.0,0.0,0.25
0.0,0.0,0.0,0.25
0.0,0.0,0.0,0.25
0.0,0.0,0.0,0.176465749741
0.0,0.0,0.0,0.140727579594
0.0,0.0,0.0,0.25
0.0,0.0,0.0,0.25
0.0,0.0,0.0,0.0504728369415
0.0,0.0,0.0,-0.0685744434595
0.0,0.0,0.0,0.166721925139
0.0,0.0,0.0,0.106437958777
0.0,0.0,0.0,0.222662910819
0.0,0.0,0.0,0.25
0.0,0.0,0.0,0.25
0.0,0.0,0.0,0.25
0.0,0.0,0.0,0.149768799543
0.0,0.0,0.0,0.25
0.0,0.0,0.0,0.25
0.0,0.0,0.0,0.25
0.0,0.0,0.0,0.124150939286
0.00268702208996,0.0,0.0,0.25
0.0,0.0,0.0,0.25
0.0,0.0,0.0,0.25
0.0,0.0,0.0,0.25
0.0,0.0,0.0,0.25
0.0,0.0,0.0,0.25
0.0,0.0,0.0,0.25
0.0,0.0,0.0,0.25
0.0,0.0,0.0,0.199935331941
0.0,0.0,0.0,0.0531624779105
0.0,0.0,0.0,0.172825366259
0.0,0.0,0.0,0.25
0.0,0.0,0.0,0.25
0.0,0.0,0.0,0.25
0.0,0.0,0.0,0.25
0.0,0.0,0.0,0.25
0.0,0.0,0.0,0.25
0.0,0.0,0.0,0.25
0.0,0.0,0.0,0.25
0.0,0.0,0.0,0.25
0.0,0.0,0.0,0.137433812022
0.0,0.0,0.0,0.25
0.0,0.0,0.0,0.178979471326
0.0,0.0,0.0,0.170094251633
0.0,0.0,0.0,0.25
0.0,0.0,0.0,0.25
0.0,0.0,0.0,0.25
0.0,0.0,0.0,0.25
0.0,0.0,0.0,0.25
0.0,0.0,0.0,0.25
0.0,0.0,0.0,0.25
0.0,0.0,0.0,0.25
0.0,0.0,0.0,0.25
0.0,0.0,0.0,0.25
0.0,0.0,0.0,0.25
0.0,0.0,0.0,0.25
0.0,0.0,0.0,0.25
0.0,0.0,0.0,0.25
0.0,0.0,0.0,0.25
0.0,0.0,0.0,0.117603465915
0.0,0.0,0.0,0.216322019696
0.0,0.0,0.0,0.194293677807
0.0,0.0,0.0,-0.0753300189972
0.0,0.0,0.0,0.24848279357
0.0,0.0,0.0,0.215234220028
0.0,0.0,0.0,0.25
0.0,0.0,0.0,0.25
0.0,0.0,0.0,0.25
0.0,0.0,0.0,0.25
0.0,0.0,0.0,0.0821307227015
0.0,0.0,0.0,0.0729216113687
0.0,0.0,0.0,0.25
0.0,0.0,0.0,0.25
0.0,0.0,0.0,0.25
0.0,0.0,0.0,0.25
0.0,0.0,0.0,0.25
0.0,0.0,0.0,0.25
0.0,0.0,0.0,0.25
0.0,0.0,0.0,0.25
0.0,0.0,0.0,0.25
0.0,0.0,0.0,0.25
0.0,0.0,0.0,0.25
0.0,0.0,0.0,0.25
0.0,0.0,0.0,0.25
0.0,0.0,0.0,0.25
0.0,0.0,0.0,0.25
0.0,0.0,0.0,0.25
0.0,0.0,0.0,0.25
0.0,0.0,0.0,0.22817581892
0.0,0.0,0.0,0.145863980055
0.0,0.0,0.0,0.111583806574
0.0,0.0,0.0,0.184154868126
0.0,0.0,0.0,0.25
0.0,0.0,0.0,0.25
