0.0,0.754601,0.0,0.0
0.0290339738131,0.0,-0.0521354563534,-0.246886879206
0.0938269067556,0.0,-0.21665532887,-0.148944914341
0.128167254152,0.0,-0.204976022243,-0.0854370072484
0.100257433951,0.0,-0.196934357285,-0.159136742353
0.089034460485,0.0,-0.190253600478,-0.187577337027
0.0983537696302,0.0,-0.170383900404,-0.190831631422
0.108948681504,0.0,-0.142395943403,-0.205570906401
0.110518537462,0.0,-0.0994437560439,-0.201723515987
0.107949016616,0.0,-0.0625989660621,-0.1986322999
0.104890741408,0.0,-0.0310902614146,-0.195308923721
0.101113284007,0.0,-0.000842525216285,-0.173756957054
0.0867745131254,0.0,0.0502014867961,-0.174299836159
0.0981129463762,0.0,0.128529518843,-0.179420262575
0.117156160995,0.0,0.184792309999,-0.163874462247
0.13012610795,0.0,0.208401605487,-0.123723059893
0.138646421023,0.0,0.217295557261,-0.0824960768223
0.146143365651,0.0,0.224494725466,-0.0691982731223
0.142679668963,0.0,0.224458068609,-0.0964917466044
0.133579309098,0.0,0.22517670691,-0.0998182594776
0.123183681164,0.0,0.226613685489,-0.0520561672747
0.116256032139,0.0,0.227104738355,-0.0299852080643
0.113881904632,0.0,0.22853295505,-0.0394442975521
0.111946222372,0.0,0.229959532619,-0.025034379214
0.10803293623,0.0,0.230577945709,0.00397428916767
0.106178723276,0.0,0.23149561882,0.0142118707299
0.107130222023,0.0,0.23270496726,0.0109310811386
0.107668735087,0.0,0.233833581209,0.010980819352
0.109454588965,0.0,0.235069453716,0.0177695136517
0.114413296804,0.0,0.235736742616,0.018547642976
0.119128889404,0.0,0.236508637667,0.0118514299393
0.12232112675,0.0,0.237378925085,0.00443241465837
0.12525716878,0.0,0.238172531128,0.00111294549424
0.128935977351,0.0,0.238973200321,-0.000969826010987
0.133118395694,0.0,0.239818558097,-0.00509185530245
0.137561579235,0.0,0.240684896708,-0.0109281335026
0.141643419862,0.0,0.241411939263,-0.014118549414
0.145710136741,0.0,0.242036893964,-0.0155490878969
0.150140222162,0.0,0.242633849382,-0.0174035001546
0.154980119318,0.0,0.243300572038,-0.0201096683741
0.159525945783,0.0,0.243788123131,-0.0213520489633
0.161960896105,0.0,0.244256302714,-0.024940174073
0.163164183497,0.0,0.244785606861,-0.0285616014153
0.165099624544,0.0,0.245232701302,-0.0274702496827
0.167451690882,0.0,0.245694577694,-0.0242803897709
0.169717747718,0.0,0.246075108647,-0.0247547477484
0.171833202243,0.0,0.246447145939,-0.0273282174021
0.173827443272,0.0,0.246781483293,-0.0267433356494
0.175521861762,0.0,0.247127592564,-0.0256434641778
0.178334727883,0.0,0.247405201197,-0.0318006016314
0.183075074106,0.0,0.247765481472,-0.0503205023706
0.187522828579,0.0,0.247991457582,-0.0600869581103
0.191957816482,0.0,0.248169347644,-0.0625215321779
0.196512147784,0.0,0.248360216618,-0.068786740303
0.201086610556,0.0,0.248572304845,-0.0805357992649
0.205710083246,0.0,0.248726740479,-0.0863777250051
0.211092948914,0.0,0.248893663287,-0.0867248401046
0.215684369206,0.0,0.248922854662,-0.0932564586401
0.218798130751,0.0,0.248867079616,-0.103799432516
0.222411356866,0.0,0.24887098372,-0.11027225852
0.230148896575,0.0,0.248889133334,-0.107608392835
0.23606107384,0.0,0.24890743196,-0.104919604957
0.238600559533,0.0,0.248907923698,-0.114734761417
0.240781359375,0.0,0.2489361763,-0.122511692345
0.242538534105,0.0,0.248921647668,-0.120586335659
0.243704766035,0.0,0.24888689816,-0.1209480986
0.244869396091,0.0,0.248854339123,-0.118864350021
0.246129266918,0.0,0.248767256737,-0.0980255380273
0.247061394155,0.0,0.248673841357,-0.0757577270269
0.247649952769,0.0,0.248837515712,-0.086658641696
0.248060435057,0.0,0.248972445726,-0.10190781951
0.248383358121,0.0,0.249019429088,-0.0979162380099
0.248594380915,0.0,0.248917266726,-0.0891154557467
0.248773694038,0.0,0.248797401786,-0.0965955406427
0.0,0.0,0.0,0.0
0.0,16.213365,0.0,0.0
0.165958307683,0.0,-0.213686168194,-0.238336443901
0.109735958278,0.0,-0.248293757439,-0.0807625055313
0.0872102044523,0.0,-0.203748703003,-0.216797620058
0.16704236716,0.0,-0.219329312444,-0.212198391557
0.0605207383633,0.0,0.0491285920143,-0.205097079277
0.0262571498752,0.0,-0.198519259691,-0.166684031487
0.182548835874,0.0,-0.168253421783,-0.137644559145
0.070050496608,0.0,-0.132921636105,0.0252112355083
0.109566111118,0.0,-0.187711343169,-0.195313870907
0.248455651104,0.0,0.213662579656,-0.245115920901
0.223572775722,0.0,0.120017111301,-0.2319650352
0.0446445196867,0.0,-0.248236149549,-0.233873471618
0.0485877916217,0.0,0.170632898808,0.235535442829
0.0521533638239,0.0,-0.0316532514989,-0.249263763428
0.142176050693,0.0,-0.226801291108,-0.248907461762
0.181981306523,0.0,0.248460754752,-0.13086143136
0.157667305321,0.0,0.241578295827,-0.154142141342
0.164102785289,0.0,-0.02985544689,-0.0313553847373
0.0117705017328,0.0,0.243442177773,0.0603708960116
0.164868179709,0.0,0.237312853336,0.0110034439713
0.143279677257,0.0,0.2199883461,0.126653522253
0.0361303538084,0.0,0.248005241156,0.14196652174
0.0992955137044,0.0,0.230359315872,-0.143201336265
0.0314509570599,0.0,0.249145179987,0.0947402492166
0.234209351242,0.0,0.229074925184,-0.0402282327414
0.0651748366654,0.0,0.171229049563,-0.0660036429763
0.0186211764812,0.0,0.233672514558,-0.241055548191
0.0567757338285,0.0,0.24097186327,-0.142167687416
0.184726264328,0.0,-0.131246641278,0.181647405028
0.182539056987,0.0,-0.0162114091218,-0.012285056524
0.0756961032748,0.0,0.249907940626,-0.244336903095
0.0240251123905,0.0,0.135890871286,-0.171428889036
0.134325786494,0.0,0.199433758855,-0.0426967069507
0.14546777308,0.0,0.241175919771,-0.227938920259
0.203235782683,0.0,0.245247855783,0.111840449274
0.00228291004896,0.0,0.20854523778,-0.0586339347064
0.0409009903669,0.0,0.24604138732,0.193852007389
0.219245374203,0.0,0.23880366981,0.081295594573
0.00776329636574,0.0,0.249526828527,-0.233879745007
0.181158401072,0.0,0.22653400898,0.225039049983
0.199904903769,0.0,0.00977083761245,0.12789092958
0.15793774277,0.0,0.237120822072,-0.246481880546
0.15344423987,0.0,0.249872669578,-0.228886380792
0.23419509083,0.0,0.249610766768,0.201663151383
0.240895777941,0.0,0.231440633535,-0.242635920644
0.0853595733643,0.0,0.245989575982,-0.226423531771
0.15608018823,0.0,0.247237682343,0.242303997278
0.248076707125,0.0,0.243799895048,0.186488062143
0.082145228982,0.0,0.244237020612,-0.12146217376
0.137768368237,0.0,0.249536290765,-0.248367786407
0.214066043496,0.0,0.249009341002,-0.240637138486
0.22178016603,0.0,0.249334141612,0.248386010528
0.0330217257142,0.0,0.24988079071,-0.0788082927465
0.0616089701653,0.0,0.235203161836,0.0402522310615
0.209602102637,0.0,0.249894529581,0.0943050906062
0.21408174932,0.0,0.24951954186,-0.206613764167
0.236550010741,0.0,0.249884292483,-0.239537060261
0.240527942777,0.0,0.249546036124,-0.21758133173
0.181525580585,0.0,0.183291092515,0.246386006474
0.233415730298,0.0,0.249005958438,-0.0530726462603
0.24349514395,0.0,0.247577920556,-0.240231603384
0.245014697313,0.0,0.249548658729,-0.0967505648732
0.244814895093,0.0,0.24923555553,-0.137351930141
0.195801153779,0.0,0.236133530736,-0.0870302841067
0.233031272888,0.0,0.239335536957,-0.229630202055
0.171119887382,0.0,0.249638736248,-0.218221098185
0.248475141823,0.0,0.249985769391,-0.173941165209
0.247889958322,0.0,0.247559666634,-0.242099866271
0.249944262207,0.0,0.249999970198,-0.213699296117
0.217023313046,0.0,0.236162945628,-0.0901983678341
0.247029483318,0.0,0.213096112013,-0.0433551035821
0.0,0.0,0.0,0.0
0.0,15.644246,0.0,0.0
0.161730706692,0.0,-0.235145956278,0.132356926799
0.0481158196926,0.0,-0.233756750822,-0.216106548905
0.0985330510885,0.0,-0.174845904112,-0.156250834465
0.0143236592412,0.0,-0.172988787293,-0.128379061818
0.158620789647,0.0,-0.0034775279928,-0.246132060885
0.212217584252,0.0,-0.164781063795,-0.235892727971
0.1748194471,0.0,-0.212243229151,-0.175121366978
0.2062651366,0.0,-0.0342452526093,0.0502473153174
0.164635255933,0.0,-0.13546320796,-0.167028069496
0.071301214397,0.0,0.176555424929,-0.207117900252
0.0456903427839,0.0,-0.0967220067978,-0.246171757579
0.234382763505,0.0,-0.238919764757,0.0648296400905
0.236685141921,0.0,-0.0818081796169,0.214060813189
0.0678857453167,0.0,0.239022821188,-0.179210022092
0.0330917984247,0.0,0.19101074338,-0.24877230823
0.212030500174,0.0,-0.168506354094,0.245828345418
0.208953723311,0.0,0.125588536263,-0.0571373775601
0.0689013153315,0.0,0.23390032351,-0.166245192289
0.248436227441,0.0,0.219781473279,0.0855398327112
0.157415382564,0.0,0.167248159647,0.234018489718
0.0617293789983,0.0,-0.201728314161,-0.246393695474
0.232848882675,0.0,0.0801993533969,-0.113729931414
0.248593337834,0.0,0.0565769672394,-0.172379225492
0.245929427445,0.0,0.223320305347,-0.0367874316871
0.0190886855125,0.0,0.233453631401,0.0291458088905
0.0973347853869,0.0,0.134831398726,-0.16237398982
0.223980329931,0.0,0.22587902844,-0.233064472675
0.236471049488,0.0,0.249029457569,0.18248142302
0.230470277369,0.0,0.196962341666,-0.0901363193989
0.246574446559,0.0,0.186592042446,-0.227856278419
0.0423489511013,0.0,-0.0568953417242,-0.206190139055
0.0476507842541,0.0,0.249642387033,-0.0880978778005
0.24497564137,0.0,0.236114561558,0.145483642817
0.228750906885,0.0,0.246847644448,0.214467078447
0.0702094472945,0.0,0.234467044473,-0.239964485168
0.246647536755,0.0,0.179099559784,0.0091554839164
0.175579473376,0.0,0.180254727602,-0.0934063494205
0.0352772697806,0.0,0.176871702075,0.226919353008
0.0685858093202,0.0,0.248363792896,0.18363070488
0.0713125281036,0.0,0.249556422234,0.0174113847315
0.248638764024,0.0,0.249146431684,-0.200429990888
0.248129665852,0.0,0.241576507688,-0.148868918419
0.193983867764,0.0,0.246208041906,0.0766249299049
0.201757095754,0.0,0.238456845284,-0.0522387474775
0.249826125801,0.0,0.218594193459,-0.0185369644314
0.174713715911,0.0,0.249077260494,-0.0605945065618
0.0467568486929,0.0,0.246446475387,-0.222085803747
0.236981056631,0.0,0.237514048815,-0.039462774992
0.249957665801,0.0,0.246840596199,0.243894025683
0.211810559034,0.0,0.249262273312,0.0389943793416
0.242109283805,0.0,0.249391019344,0.0193772390485
0.207238078117,0.0,0.246082559228,0.21497875452
0.229201413691,0.0,0.248875409365,-0.208275005221
0.213663056493,0.0,0.249807402492,-0.204863488674
0.129680664279,0.0,0.245428025723,-0.161661714315
0.244900949299,0.0,0.137323468924,-0.215248018503
0.245053976774,0.0,0.235749125481,0.241924092174
0.234465561807,0.0,0.203907087445,0.138322174549
0.24682777375,0.0,0.241465896368,-0.053076993674
0.248370908201,0.0,0.249992892146,-0.224306464195
0.0811113081872,0.0,0.244677826762,-0.239389449358
0.246746458113,0.0,0.245101377368,-0.235302776098
0.246696032584,0.0,0.249901250005,-0.0742350295186
0.249352946877,0.0,0.249816477299,-0.191607370973
0.239964984357,0.0,-0.227289780974,0.0494526699185
0.139624211006,0.0,0.248404085636,-0.246645838022
0.233121901751,0.0,0.238491937518,-0.0555373094976
0.249205723405,0.0,0.247256711125,0.236255481839
0.249615289271,0.0,0.249983504415,0.0977180153131
0.249939054251,0.0,0.249981254339,-0.249853253365
0.249230369925,0.0,0.249898716807,-0.123819053173
0.23971208185,0.0,0.248715981841,-0.215329557657
0.249728538096,0.0,0.247026160359,0.215309619904
0.248068958521,0.0,0.0245887637138,-0.242764428258
0.246255591512,0.0,0.228542536497,-0.249981656671
0.243965439498,0.0,0.249985143542,-0.221565127373
0.249937988818,0.0,0.244457408786,0.167899996042
0.249366894364,0.0,0.242046386003,-0.187992453575
0.0,0.0,0.0,0.0
0.0,17.217204,0.0,0.0
0.0185859426856,0.0,-0.216278359294,-0.046133633703
0.12936984282,0.0,-0.173517972231,-0.226262629032
0.102855151519,0.0,-0.203736394644,-0.194457039237
0.0276698619127,0.0,-0.231011793017,-0.180166497827
0.099794536829,0.0,-0.186231583357,-0.155500084162
0.24392349273,0.0,-0.198061555624,-0.166516050696
0.0776667036116,0.0,0.0448092222214,-0.216185599566
0.0976001229137,0.0,0.14923453331,-0.23836633563
0.0716183967888,0.0,0.0215827599168,0.0350129827857
0.14233218506,0.0,-0.112517535686,0.228648588061
0.213318035007,0.0,-0.154597535729,-0.197254776955
0.0915024653077,0.0,-0.0251926425844,-0.229872792959
0.0295132398605,0.0,0.00113511423115,-0.198701605201
0.247780196369,0.0,0.096757017076,-0.196282818913
0.0627049617469,0.0,0.176662385464,-0.193508207798
0.0160156935453,0.0,-0.156777381897,0.0579993352294
0.169280152768,0.0,0.225139096379,0.2218773067
0.0136153995991,0.0,0.165344715118,-0.238743364811
0.139649412595,0.0,0.108317635953,-0.246322184801
0.221506267786,0.0,0.0340465828776,-0.208902746439
0.236776024103,0.0,0.228125885129,0.0433860495687
0.060582742095,0.0,0.183681130409,-0.191567480564
0.199781671166,0.0,0.223722442985,-0.164696440101
0.0448268353939,0.0,0.217852979898,0.241937443614
0.129091518,0.0,0.240771129727,0.0999600589275
0.239912211895,0.0,0.24334834516,-0.231825783849
0.10577477701,0.0,0.192771583796,0.236034035683
0.136561703868,0.0,0.238554522395,0.0339667201042
0.22346265614,0.0,0.181769609451,-0.0946106985211
0.00882414728403,0.0,0.192773789167,-0.157685160637
0.210752144456,0.0,0.231881022453,0.0743751376867
0.059605576098,0.0,0.247747972608,0.111435905099
0.0970631949604,0.0,0.244959160686,-0.00771063333377
0.23214147985,0.0,0.143991723657,-0.15077483654
0.202249668539,0.0,0.248655706644,-0.233633801341
0.136043571867,0.0,0.24865347147,-0.246552586555
0.18276071921,0.0,0.244894534349,0.220750719309
0.196152627468,0.0,0.24525372684,0.234043315053
0.0829215310514,0.0,0.248245716095,-0.0939825847745
0.249250523746,0.0,0.243757158518,-0.0348401516676
0.196988791227,0.0,0.228347018361,0.0357628166676
0.24426664412,0.0,0.23618285358,-0.0848625674844
0.220710746944,0.0,0.241255775094,-0.136147707701
0.0642597675323,0.0,0.247433021665,0.211144953966
0.162841465324,0.0,0.248449832201,-0.178853243589
0.20183429867,0.0,0.246676102281,-0.131782948971
0.203939065337,0.0,0.244694143534,-0.200700581074
0.22449311614,0.0,0.169625267386,-0.105347819626
0.0968128703535,0.0,0.244258776307,0.233584225178
0.233124233782,0.0,0.246337562799,0.249432384968
0.18407484889,0.0,0.249446287751,0.149212837219
0.220990747213,0.0,0.247834742069,-0.218892887235
0.196276925504,0.0,0.209080144763,-0.160465627909
0.119071241468,0.0,-0.0591578297317,0.229480445385
0.249169148505,0.0,0.249836578965,-0.153434172273
0.249863319099,0.0,0.181502357125,0.081084176898
0.24213720113,0.0,0.242400407791,0.229109749198
0.198822058737,0.0,0.243887960911,-0.248832464218
0.24988617748,0.0,0.249237582088,-0.237904161215
0.231149710715,0.0,0.249912008643,0.249744832516
0.244818165898,0.0,0.244428053498,0.107367500663
0.249978706241,0.0,0.249928161502,-0.24991120398
0.246968455613,0.0,0.249845162034,-0.2484575212
0.234770789742,0.0,0.249733522534,0.245092242956
0.248688861728,0.0,0.249995440245,-0.248436957598
0.22322384268,0.0,0.247106507421,-0.249172255397
0.221898160875,0.0,0.226693198085,-0.232999116182
0.246999226511,0.0,0.165184482932,0.242122992873
0.248993329704,0.0,0.243196085095,-0.247597590089
0.246564544737,0.0,0.248879462481,-0.249460011721
0.241388507187,0.0,0.247268989682,-0.116696037352
0.24998228997,0.0,0.249998137355,-0.246303826571
0.249995082617,0.0,0.249673545361,-0.184291005135
0.249999038875,0.0,0.228761449456,-0.13673055172
0.0,0.0,0.0,0.0
0.0,16.433598,0.0,0.0
0.16001195088,0.0,-0.214569434524,-0.198163613677
0.096159176901,0.0,-0.246145561337,-0.085291698575
0.0172456428409,0.0,0.0509268678725,-0.200042814016
0.0784157551825,0.0,-0.233645290136,-0.0770576521754
0.0720309875906,0.0,-0.242519319057,0.0248673819005
0.0589262843132,0.0,-0.234566003084,-0.143539637327
0.224293626845,0.0,0.083809889853,-0.201838374138
0.239125743508,0.0,-0.146008849144,-0.234788566828
0.0172266811132,0.0,-0.224578455091,0.174039006233
0.225825838745,0.0,0.0407412685454,-0.24705247581
0.226824700832,0.0,-0.0812409445643,-0.240943148732
0.00223714113235,0.0,-0.0463754981756,-0.216476902366
0.0418706387281,0.0,-0.234030127525,0.139555811882
0.103498755023,0.0,0.00647598132491,-0.119853101671
0.0229480266571,0.0,0.0377455055714,0.0339787490666
0.00946298241615,0.0,0.20932379365,0.0300851799548
0.154355250299,0.0,0.101768113673,-0.222137317061
0.23938395828,0.0,0.0789870992303,-0.229145973921
0.210626259446,0.0,0.205239266157,-0.194114893675
0.185514781624,0.0,0.164078503847,-0.248508647084
0.201601013541,0.0,0.167968183756,0.147365376353
0.135543854907,0.0,0.217375189066,-0.0934381186962
0.245497018099,0.0,0.1579028368,-0.0398434996605
0.166640695184,0.0,0.13693086803,0.20231038332
0.174960926175,0.0,0.111058838665,0.145599037409
0.123848768882,0.0,0.229941308498,-0.247950598598
0.0570828169584,0.0,0.138721942902,-0.237237200141
0.247797295451,0.0,0.243708893657,0.0696330145001
0.243119940162,0.0,0.233063653111,0.192857369781
0.11347755231,0.0,0.231475278735,0.221167370677
0.247881345451,0.0,0.24958358705,-0.201439470053
0.132993110456,0.0,0.249301284552,-0.149629577994
0.134343616664,0.0,0.189196929336,-0.247250378132
0.24062243849,0.0,0.249956250191,0.234330669045
0.0985912214965,0.0,0.245377287269,-0.153615280986
0.236400991678,0.0,0.249686077237,-0.233987361193
0.239504739642,0.0,0.244382128119,0.232590556145
0.162946049124,0.0,0.224168330431,-0.243130654097
0.0264614522457,0.0,0.214449614286,-0.249260216951
0.239692643285,0.0,0.0749902203679,0.248268693686
0.24266063422,0.0,0.241741776466,-0.169062525034
0.169152595103,0.0,0.230125173926,-0.210093677044
0.190515033901,0.0,0.240027785301,0.0775766000152
0.246105238795,0.0,0.242993324995,0.0764580145478
0.0549945831299,0.0,0.249938294291,-0.220986768603
0.247875459492,0.0,0.248598143458,-0.182347521186
0.245570003986,0.0,0.24938043952,0.111924484372
0.237867981195,0.0,0.245600506663,-0.234785601497
0.236991018057,0.0,0.24868413806,-0.166992202401
0.168858420104,0.0,0.170466274023,-0.0397294834256
0.245387524366,0.0,0.248412415385,0.238699138165
0.243763454258,0.0,0.249998882413,-0.117873355746
0.23735705018,0.0,0.249577835202,-0.179960638285
0.245985597372,0.0,0.23647685349,0.213699877262
0.239236734807,0.0,0.207584232092,-0.247420728207
0.218798853457,0.0,0.248322620988,-0.241020917892
0.247105278075,0.0,0.249903425574,-0.216248571873
0.246346734464,0.0,0.249710991979,0.103592924774
0.249218091369,0.0,0.225134372711,0.248352468014
0.247632622719,0.0,0.249868556857,-0.245540857315
0.244418844581,0.0,0.0631089657545,-0.249370381236
0.249837994576,0.0,0.195922806859,-0.248510941863
0.248336710036,0.0,-0.179600417614,-0.0842098593712
0.249905899167,0.0,0.245807677507,0.00947574805468
0.248783230782,0.0,0.245787367225,-0.238204702735
0.249464169145,0.0,0.249992311001,-0.142718687654
0.249954633415,0.0,0.187100723386,0.248333826661
0.24870891124,0.0,0.247847512364,-0.0728018209338
0.248035795987,0.0,0.249354675412,-0.220740124583
0.249979667366,0.0,-0.211470127106,-0.24812887609
0.249607093632,0.0,0.249939665198,-0.0776389911771
0.246064200997,0.0,0.243078872561,0.032936424017
0.248253442347,0.0,0.248635083437,0.114980652928
0.249998047948,0.0,0.248954981565,0.192266061902
0.0,0.0,0.0,0.0
0.0,16.296096,0.0,0.0
0.229929171503,0.0,-0.226799756289,-0.122987434268
0.106312220916,0.0,-0.184125348926,-0.23516432941
0.119570842013,0.0,-0.228762447834,-0.121077172458
0.086409624666,0.0,-0.232734560966,-0.235842481256
0.025464810431,0.0,-0.189553126693,-0.18754722178
0.0744209587574,0.0,0.0859552770853,0.0213008783758
0.108176857233,0.0,-0.16369998455,-0.212043046951
0.229848198593,0.0,-0.217068225145,-0.0600030012429
0.122982113389,0.0,0.0126441922039,-0.0835030004382
0.198884904385,0.0,0.237417563796,-0.246748372912
0.161976132542,0.0,-0.058578632772,-0.238065734506
0.0774119980633,0.0,-0.24062666297,0.0828833207488
0.190400078893,0.0,0.168853074312,-0.236006140709
0.227143928409,0.0,-0.239012748003,-0.169869154692
0.00595612823963,0.0,0.0888391509652,-0.19803082943
0.00162329524755,0.0,-0.128990262747,-0.238053664565
0.114061521366,0.0,0.13986286521,0.225534796715
0.229320898652,0.0,0.196575075388,-0.236381724477
0.242533065379,0.0,0.247277602553,-0.248512133956
0.00812334567308,0.0,0.22014953196,-0.0971273034811
0.0550809204578,0.0,0.24855914712,-0.156906753778
0.23633543402,0.0,0.204336360097,-0.198371782899
0.23495965451,0.0,-0.0172812864184,0.224941402674
0.17220903188,0.0,0.245685234666,0.189867392182
0.0390656590462,0.0,0.129258602858,-0.238311752677
0.119203696493,0.0,0.245698258281,-0.110051721334
0.121014296077,0.0,0.209488630295,0.214605420828
0.220135740936,0.0,0.245970547199,-0.213582530618
0.226490363479,0.0,0.245992183685,-0.245739459991
0.23569201678,0.0,0.248727113008,0.000912408926524
0.149390988052,0.0,0.249676629901,0.217175453901
0.0402983427048,0.0,0.170861676335,-0.232157245278
0.108442816883,0.0,0.247445896268,-0.245213359594
0.180799126625,0.0,0.249973043799,0.099922247231
0.196059085429,0.0,0.21352301538,-0.0370034500957
0.0737487711012,0.0,0.249957635999,-0.08840354532
0.0719199478626,0.0,0.192398935556,-0.0722055733204
0.200385600328,0.0,0.199262171984,0.0890704318881
0.22683570534,0.0,0.233749836683,0.24631229043
0.243434101343,0.0,0.249211549759,-0.232207000256
0.164109781384,0.0,0.248997867107,-0.200852975249
0.212729111314,0.0,0.245208531618,-0.194848760962
0.23984439671,0.0,-8.95559714991e-05,-0.223850876093
0.239241808653,0.0,0.240535795689,0.225441247225
0.038044847548,0.0,0.248476222157,0.14110276103
0.218457482755,0.0,0.247111096978,-0.122342810035
0.169079653919,0.0,0.200335115194,0.131870120764
0.170961469412,0.0,0.221489042044,0.248028919101
0.248047471046,0.0,0.202609211206,-0.212698429823
0.239927381277,0.0,0.246918722987,-0.116730339825
0.244489744306,0.0,0.24094325304,-0.0703616812825
0.244433239102,0.0,0.239492222667,-0.187736049294
0.0470563918352,0.0,0.231255888939,0.211402490735
0.104971306399,0.0,0.245618537068,0.165315210819
0.215452209115,0.0,0.240684911609,-0.175940901041
0.171376049519,0.0,0.24397957325,-0.0443062819541
0.249572664499,0.0,0.249739468098,0.23747843504
0.249619364738,0.0,0.202653586864,-0.219876915216
0.248202979565,0.0,0.241882994771,-0.249367326498
0.179083313793,0.0,0.248957678676,-0.0799975320697
0.230215363204,0.0,0.248831987381,0.0881533399224
0.163825549185,0.0,0.247857749462,-0.249544844031
0.103839863092,0.0,0.23909458518,-0.0573268383741
0.24274033308,0.0,0.246730476618,0.102587498724
0.244908221066,0.0,0.249608740211,0.135714933276
0.249497979879,0.0,0.171054914594,-0.249065890908
0.0990297012031,0.0,0.249751478434,0.0284920986742
0.235550656915,0.0,-0.179158225656,-0.240105718374
0.248882748187,0.0,0.249998405576,-0.224740505219
0.247932724655,0.0,0.247829377651,-0.245200544596
0.247552298009,0.0,0.238181769848,-0.248229667544
0.243683375418,0.0,0.249523624778,0.193900734186
0.249841280282,0.0,0.147239595652,0.105008728802
0.248932778835,0.0,0.151348754764,-0.249196916819
0.249821707606,0.0,0.249996319413,-0.223283529282
0.249419152737,0.0,0.224433556199,-0.229267239571
0.243633843958,0.0,-0.0710333287716,-0.131070330739
0.0,0.0,0.0,0.0
0.0,16.787554,0.0,0.0
0.114319619723,0.0,-0.23833270371,-0.0634220540524
0.101462168619,0.0,-0.204670280218,-0.177760109305
0.136694222689,0.0,-0.168184459209,0.00693673593923
0.052353233099,0.0,-0.235809087753,0.0918966457248
0.0483330562711,0.0,-0.231920674443,-0.246979385614
0.12411109329,0.0,-0.222966089845,-0.215321332216
0.120798075572,0.0,-0.248398542404,0.00976586807519
0.040971159935,0.0,-0.0290778614581,-0.229268372059
0.132195160259,0.0,-0.185270279646,-0.245618924499
0.207880109549,0.0,-0.214927092195,0.0313451103866
0.187816083431,0.0,0.0562868826091,-0.20746126771
0.103509796783,0.0,-0.22040143609,-0.23336905241
0.201770178974,0.0,-0.234745755792,0.19957369566
0.101003415883,0.0,-0.0941380113363,-0.222939789295
0.0178468897939,0.0,-0.0763045027852,-0.22217977047
0.0497821643949,0.0,0.228067606688,-0.211454182863
0.0671753250062,0.0,0.201327085495,0.0934952050447
0.0624996647239,0.0,0.0146440966055,0.237345948815
0.139076385647,0.0,-0.147382438183,-0.0947350785136
0.142452988774,0.0,0.144772231579,-0.135161697865
0.131074487697,0.0,0.234395653009,-0.193861782551
0.0656716637313,0.0,0.223673790693,0.176384419203
0.110404655337,0.0,0.0357411727309,0.182940661907
0.196918308735,0.0,0.0183230806142,-0.112945787609
0.218154162169,0.0,0.223321825266,-0.248981758952
0.0277673080564,0.0,0.244165450335,0.105603516102
0.12936415337,0.0,0.120086729527,0.0750309452415
0.0993453748524,0.0,0.24732773006,-0.0540735907853
0.173268470913,0.0,0.242476791143,-0.245394811034
0.100893553346,0.0,0.192140027881,-0.183303907514
0.0632996298373,0.0,0.18835195899,-0.204069077969
0.0968906804919,0.0,0.151901870966,-0.0118434969336
0.198138259351,0.0,0.239687383175,0.102507598698
0.12074826099,0.0,0.248365193605,-0.189176872373
0.00243169814348,0.0,0.243583962321,-0.0665074214339
0.1027572155,0.0,0.215220630169,-0.029038073495
0.159022703767,0.0,0.219870209694,0.217760741711
0.126425964409,0.0,0.244922637939,-0.0657972097397
0.19865962863,0.0,0.128435254097,-0.223804160953
0.148728765547,0.0,0.235804915428,0.206904143095
0.248202554882,0.0,0.245276734233,-0.132226109505
0.192674666643,0.0,0.215314507484,-0.217584371567
0.200407274067,0.0,0.210221230984,-0.186686605215
0.0567210391164,0.0,0.246445029974,0.158348619938
0.19248791039,0.0,-0.20806017518,0.169054269791
0.014001429081,0.0,0.249018356204,-0.199297592044
0.0853806212544,0.0,0.212201967835,-0.238581299782
0.237219780684,0.0,0.210384652019,0.248746559024
0.225152604282,0.0,0.249837875366,0.035572476685
0.19722160697,0.0,0.190136447549,-0.00365931470878
0.197450384498,0.0,0.0937017202377,-0.218076840043
0.167219635099,0.0,0.24945756793,0.0832363665104
0.00319132208824,0.0,0.223922088742,-0.243925601244
0.135802317411,0.0,0.238803982735,0.0522177889943
0.228963255882,0.0,0.248500660062,0.229360610247
0.237450152636,0.0,0.24863524735,-0.237934082747
0.153503274545,0.0,0.249988019466,0.20644299686
0.183418098837,0.0,0.140093654394,0.188438117504
0.225055679679,0.0,0.227056905627,-0.0245611015707
0.163301687688,0.0,0.215728387237,-0.244589582086
0.216831758618,0.0,0.249962732196,0.244634032249
0.184039782733,0.0,0.24999858439,0.209822252393
0.226471021771,0.0,0.227571800351,-0.24893386662
0.139855262823,0.0,0.245941147208,-0.249631226063
0.237734377384,0.0,0.24946218729,0.129826724529
0.233530074358,0.0,0.24997279048,-0.125398397446
0.246410362422,0.0,0.230069071054,-0.0389993563294
0.129553649109,0.0,0.249465927482,0.227767840028
0.184479221702,0.0,0.247194722295,0.0134614324197
0.217555910349,0.0,0.249858304858,-0.171601176262
0.0896995551884,0.0,0.247323527932,0.1572085917
0.19974899292,0.0,0.24992595613,-0.249487757683
0.234105437994,0.0,0.24988488853,-0.23560705781
0.243130356073,0.0,0.249431207776,0.237674444914
0.229928873479,0.0,0.249881923199,-0.109139658511
0.197295844555,0.0,0.228686347604,-0.249994874001
0.239715963602,0.0,0.249121874571,-0.237630724907
0.248260766268,0.0,0.249518066645,-0.166278421879
0.245235659182,0.0,0.228548720479,-0.248706400394
0.247375957668,0.0,0.249966770411,-0.247899651527
0.237640827894,0.0,0.0843813493848,-0.0111040975899
0.249030768871,0.0,0.249993383884,-0.23478654027
0.214539855719,0.0,0.249841332436,-0.247817933559
0.0,0.0,0.0,0.0
0.0,18.257635,0.0,0.0
0.0630849339068,0.0,0.0647127181292,-0.188165336847
0.157097227871,0.0,-0.198220103979,-0.243912935257
0.088967230171,0.0,-0.179652750492,0.0759601145983
0.00659948587418,0.0,-0.122897602618,-0.159994527698
0.141307411715,0.0,-0.219714745879,-0.245657160878
0.165614042431,0.0,-0.0952089801431,-0.0657332912087
0.0780942179263,0.0,0.00830231700093,-0.241266831756
0.196006044745,0.0,-0.0373773649335,-0.13071963191
0.18189304322,0.0,-0.00960048288107,0.244304716587
0.0667435601354,0.0,0.0826350897551,-0.202088803053
0.00887490808964,0.0,-0.247530296445,-0.247109040618
0.229343675077,0.0,0.0304756499827,-0.163286030293
0.11319408007,0.0,0.209357738495,-0.248537942767
0.00942745804787,0.0,0.0078939171508,-0.221192196012
0.0711923874915,0.0,0.135941952467,-0.240112632513
0.241501636803,0.0,0.0684383437037,0.104129739106
0.0107903033495,0.0,0.185423344374,0.0999534502625
0.00756949186325,0.0,0.227282956243,-0.239057034254
0.242695093155,0.0,0.249271869659,-0.158251225948
0.186325643212,0.0,0.238143593073,-0.0779174491763
0.150598946959,0.0,0.240996077657,-0.0660698637366
0.11434832029,0.0,0.240206435323,0.201665282249
0.24635951221,0.0,0.164734870195,-0.228541389108
0.177585009485,0.0,0.240304246545,-0.247204527259
0.214623466134,0.0,0.2497702986,-0.242311745882
0.0215469971299,0.0,0.230665236712,-0.249221712351
0.239107310772,0.0,0.249324038625,-0.0614752918482
0.140140447766,0.0,0.208096697927,0.221116229892
0.0576605051756,0.0,0.139228641987,0.111249417067
0.224771529436,0.0,0.0690007656813,0.0174745265394
0.0291601866484,0.0,0.249725028872,0.0674092099071
0.225373730063,0.0,0.249497234821,-0.228380069137
0.244762584567,0.0,0.19015827775,0.230216220021
0.100644428283,0.0,0.155098199844,0.239249512553
0.130994099192,0.0,0.143292278051,-0.235530078411
0.12638318853,0.0,0.235073596239,-0.174062669277
0.00400995463133,0.0,0.236612170935,0.0923805162311
0.202698454261,0.0,0.24655020237,0.221522793174
0.162288520485,0.0,0.228277727962,0.104747265577
0.0779133662581,0.0,0.235169902444,-0.229868590832
0.168026715517,0.0,0.211970031261,-0.235293611884
0.156581662595,0.0,0.248354002833,-0.204450309277
0.230229899287,0.0,0.236430078745,0.242131531239
0.191225096583,0.0,0.244066625834,-0.234701961279
0.182076442987,0.0,0.249561265111,-0.23602668941
0.200192466378,0.0,0.249996513128,-0.204630821943
0.159368228167,0.0,0.225832104683,0.173468768597
0.0268960669637,0.0,0.249875456095,0.200438857079
0.224144093692,0.0,0.249698996544,-0.244199037552
0.219006977975,0.0,0.246772557497,0.0973882079124
0.24807728827,0.0,0.242114841938,-0.179027467966
0.237849362195,0.0,0.249553665519,0.0185151062906
0.180872377008,0.0,0.24998497963,-0.0688102915883
0.0895077884197,0.0,0.241280689836,-0.232065483928
0.247768066823,0.0,0.249482214451,-0.247843176126
0.212469778955,0.0,0.234645754099,0.225618496537
0.243361398578,0.0,0.226175054908,0.0229949019849
0.206138536334,0.0,0.249907419086,-0.0672389790416
0.224796138704,0.0,0.22152389586,0.247764229774
0.245067305863,0.0,0.249905735254,0.193161457777
0.249435923994,0.0,0.249876409769,0.21396060288
0.246617391706,0.0,0.249885514379,0.0504871532321
0.243325591087,0.0,0.249782636762,-0.249933883548
0.243981204927,0.0,0.249985277653,-0.249421983957
0.235752515495,0.0,0.249471053481,-0.244395956397
0.248932898045,0.0,0.249868348241,-0.0165941752493
0.0,0.0,0.0,0.0
0.0,14.63932,0.0,0.0
0.228305339813,0.0,-0.222600460052,-0.207730308175
0.205079674721,0.0,-0.249437689781,-0.211739987135
0.0295203402638,0.0,-0.227064356208,-0.129149734974
0.0800901427865,0.0,-0.225260227919,-0.105886623263
0.104571670294,0.0,-0.181215137243,-0.202036678791
0.0207205042243,0.0,-0.01008066535,0.110159523785
0.150297597051,0.0,-0.220148384571,-0.220260158181
0.134424035437,0.0,-0.0168423112482,-0.242995664477
0.154349088669,0.0,-0.223474338651,-0.240701571107
0.194916754961,0.0,-0.0977929010987,-0.248315557837
0.029800362885,0.0,-0.0829737782478,-0.0589006543159
0.215820223093,0.0,0.183191925287,-0.130950689316
0.0122011676431,0.0,0.107863076031,-0.207422792912
0.000151447951794,0.0,0.0488347299397,-0.167938068509
0.0736464560032,0.0,0.193405836821,-0.235339611769
0.147416202351,0.0,0.246146589518,-0.0938702821732
0.00280623883009,0.0,0.24321436882,-0.23908020556
0.0655962899327,0.0,0.190946489573,-0.100474640727
0.193756982684,0.0,0.222826808691,-0.0980580598116
0.0523168221116,0.0,0.246935918927,-0.147584676743
0.195906192064,0.0,0.238620296121,-0.243906825781
0.026140421629,0.0,0.230614736676,-0.0023966350127
0.179811939597,0.0,0.190111756325,0.238573670387
0.152671629563,0.0,0.248988330364,0.196092486382
0.238229811192,0.0,0.118479087949,-0.245626524091
0.014418900013,0.0,0.24761416018,0.0305922124535
0.0244619771838,0.0,0.24986384809,0.238719180226
0.208420157433,0.0,0.155669867992,0.11678609997
0.0331918299198,0.0,0.248244151473,-0.0376454219222
0.105020638555,0.0,0.249253645539,-0.226170256734
0.219265162945,0.0,0.24434556067,0.22106257081
0.139892403036,0.0,0.249341115355,0.22886005044
0.207012102008,0.0,0.240008696914,-0.249754309654
0.0370080322027,0.0,0.249934479594,-0.183188587427
0.0447384268045,0.0,0.245112612844,-0.240100055933
0.0928848646581,0.0,0.219402402639,0.165267020464
0.012105666101,0.0,0.248460486531,0.159131318331
0.220081970096,0.0,0.24756860733,0.241377010942
0.222778856754,0.0,0.227605164051,-0.132515460253
0.0166970342398,0.0,0.248655721545,-0.112124711275
0.00981402397156,0.0,0.247343748808,-0.233880341053
0.109620924108,0.0,0.181941241026,0.165755599737
0.0313685312867,0.0,0.249456182122,0.229747489095
0.0395474433899,0.0,0.201536521316,0.22716601193
0.0773190781474,0.0,0.239782258868,-0.246915608644
0.228768691421,0.0,0.238711506128,-0.0580057650805
0.115334683098,0.0,0.24974706769,0.072502836585
0.133659217507,0.0,0.248090460896,-0.138107031584
0.0315177440643,0.0,0.239842787385,0.0667859464884
0.149772711098,0.0,0.248249143362,-0.10037060082
0.239208929241,0.0,0.245332941413,-0.0220345854759
0.00985283404589,0.0,0.249214604497,-0.178731560707
0.0390195995569,0.0,0.174882590771,0.0688031166792
0.171708077192,0.0,0.24998024106,-0.231082201004
0.00915864109993,0.0,0.249795123935,0.11430221796
0.184530064464,0.0,0.243583440781,-0.244088485837
0.163158841431,0.0,0.249191433191,-0.221145391464
0.190252542496,0.0,0.248034194112,-0.0495761372149
0.0665182843804,0.0,0.239848852158,0.246595054865
0.0739578977227,0.0,0.248398303986,-0.00980788469315
0.0445203632116,0.0,0.242798551917,-0.18619248271
0.0668684206903,0.0,0.249168768525,0.246999502182
0.217550434172,0.0,0.249660208821,-0.23020221293
0.132820704021,0.0,0.244114547968,0.0668526440859
0.0318704620004,0.0,0.249919131398,-0.192804142833
0.126827512053,0.0,0.242103099823,-0.249943003058
0.111927780323,0.0,0.248868182302,-0.186294555664
0.16503444314,0.0,0.249717652798,0.242240026593
0.13644087594,0.0,0.249998167157,-0.249985828996
0.0,0.0,0.0,0.0
0.0,15.243854,0.0,0.0
0.153921501711,0.0,-0.236731991172,-0.110888637602
0.0636751614511,0.0,-0.228031530976,-0.210325047374
0.0243116170168,0.0,-0.228386163712,-0.23790153861
0.198892258108,0.0,-0.0647403299809,-0.248477265239
0.118435950018,0.0,0.14371830225,-0.0161206256598
0.193830274045,0.0,0.110353283584,-0.214420288801
0.0680431723595,0.0,-0.0299503896385,-0.176923364401
0.00654468685389,0.0,-0.204783841968,-0.20439851284
0.175797294825,0.0,0.223714530468,-0.108436480165
0.228496313095,0.0,0.197014883161,-0.219378232956
0.00842606276274,0.0,0.106423914433,-0.244979351759
0.0122954472899,0.0,0.0994435101748,-0.156344234943
0.00290502607822,0.0,0.238969996572,-0.104116000235
0.230161547661,0.0,0.233843669295,0.185629218817
0.245027862489,0.0,0.23355025053,-0.0456166267395
0.202395811677,0.0,0.241236656904,-0.220404565334
0.0679590553045,0.0,0.248322471976,0.108610026538
0.124172800162,0.0,0.18864326179,0.0978730395436
0.249245837331,0.0,0.133974641562,-0.245857417583
0.0818123333156,0.0,0.244349777699,-0.249006256461
0.163729026914,0.0,0.231067284942,0.164627745748
0.149876657873,0.0,0.216247349977,0.184556335211
0.164437051862,0.0,0.200187385082,-0.242394313216
0.196218237281,0.0,0.241864159703,-0.236797899008
0.231925353408,0.0,-0.068808272481,-0.0546606555581
0.0349477529526,0.0,0.2368529737,0.210243374109
0.0202557146549,0.0,0.243819832802,-0.0838402882218
0.228592567146,0.0,0.234860911965,-0.021071523428
0.223253659904,0.0,0.241468921304,-0.0333250127733
0.223806798458,0.0,0.245138555765,-0.249441698194
0.171020161361,0.0,0.243447840214,-0.135569989681
0.0135905668139,0.0,0.249678149819,0.216405600309
0.171147271991,0.0,0.248313769698,-0.0687983334064
0.233601078391,0.0,0.249360159039,-0.238985151052
0.180483698845,0.0,0.241725474596,-0.19279396534
0.0916260704398,0.0,0.248537391424,0.0662754103541
0.134347835556,0.0,0.00226491456851,-0.00669868849218
0.248718544841,0.0,0.195375353098,-0.0883665457368
0.0133059769869,0.0,0.249831810594,-0.220740497112
0.233722157776,0.0,0.244573920965,-0.247469931841
0.218794450164,0.0,0.24996188283,0.0566748231649
0.221043109894,0.0,0.249234348536,-0.037518735975
0.244915731251,0.0,0.248627617955,0.189863830805
0.244138784707,0.0,0.228318065405,-0.199138134718
0.1829704009,0.0,0.213412344456,0.110169537365
0.227024696767,0.0,0.249661743641,0.235300943255
0.227953001857,0.0,0.248282909393,-0.201263129711
0.171252865344,0.0,0.249232679605,0.100040748715
0.237861208618,0.0,0.19134619832,-0.225228860974
0.245564453304,0.0,0.192734599113,-0.0636747479439
0.219995178282,0.0,0.24825617671,-0.240554109216
0.224620893598,0.0,0.247586920857,0.0378720797598
0.247223757207,0.0,0.247465416789,0.243727862835
0.24785041064,0.0,0.243960395455,0.192102834582
0.246253758669,0.0,0.247324049473,-0.0609361492097
0.247132956982,0.0,0.249624446034,-0.247211188078
0.247874438763,0.0,0.246535137296,-0.2145486027
0.249367140234,0.0,0.249975815415,-0.178646177053
0.239973075688,0.0,0.205055505037,-0.182728171349
0.249073110521,0.0,0.22591817379,-0.241974294186
0.247683621943,0.0,0.249049857259,-0.125681817532
0.221252068877,0.0,0.184280067682,0.112305983901
0.0,0.0,0.0,0.0
0.0,13.956303,0.0,0.0
0.102746006101,0.0,-0.204639539123,-0.185629412532
0.0680060684681,0.0,-0.219711586833,-0.201663374901
0.0839043669403,0.0,-0.170514464378,-0.192420974374
0.0967437718064,0.0,-0.149401336908,-0.202486678958
0.0973723232746,0.0,-0.130726546049,-0.218439295888
0.0954069662839,0.0,-0.0937887355685,-0.217774540186
0.0942850951105,0.0,-0.0516414009035,-0.214855253696
0.0906565152109,0.0,-0.0155045995489,-0.212376385927
0.0853308662772,0.0,0.00378572125919,-0.201067686081
0.0782380178571,0.0,0.0676857233047,-0.199050158262
0.0903275497258,0.0,0.151843845844,-0.206241726875
0.106525624171,0.0,0.200184628367,-0.199474588037
0.11786979856,0.0,0.215393513441,-0.161052018404
0.125801944581,0.0,0.222802385688,-0.119195759296
0.122419103282,0.0,0.224050924182,-0.13373708725
0.118502967991,0.0,0.222694009542,-0.141287252307
0.107240440324,0.0,0.22264739871,-0.0961784422398
0.092471703887,0.0,0.223944306374,-0.0378812253475
0.087290327996,0.0,0.227466002107,-0.00161733827554
0.0863278694451,0.0,0.231661170721,0.0204412546009
0.0874961093068,0.0,0.233652427793,0.0406906045973
0.0929883047938,0.0,0.233702734113,0.0552907921374
0.0968691930175,0.0,0.23416736722,0.0529516078532
0.0975921824574,0.0,0.234606519341,0.0366194583476
0.0992319565266,0.0,0.235324889421,0.0269942041487
0.10082613118,0.0,0.236217841506,0.0210318826139
0.102027725428,0.0,0.236995220184,0.00893807411194
0.103486541659,0.0,0.237785533071,-0.00747980782762
0.10501594469,0.0,0.238503947854,-0.0197595376521
0.106219096109,0.0,0.239176377654,-0.024505911395
0.108039049432,0.0,0.239799469709,-0.0304885916412
0.106629299,0.0,0.240414321423,-0.0367078408599
0.105287801474,0.0,0.240964829922,-0.038927808404
0.105191621929,0.0,0.241616845131,-0.0372014045715
0.105888610706,0.0,0.242099300027,-0.0337940566242
0.106683187187,0.0,0.242573365569,-0.0329964123666
0.107755262405,0.0,0.242860049009,-0.0316692963243
0.108881242573,0.0,0.243163332343,-0.0287963971496
0.110182340257,0.0,0.243756502867,-0.0308928992599
0.114472505637,0.0,0.244280353189,-0.0414804965258
0.119058385491,0.0,0.244991704822,-0.0536104217172
0.11969087692,0.0,0.245457693934,-0.0617279596627
0.119599640835,0.0,0.245990142226,-0.0693405345082
0.120316587389,0.0,0.246356248856,-0.0726474225521
0.12264408241,0.0,0.246772602201,-0.0756422132254
0.132439190987,0.0,0.24727678299,-0.0795089006424
0.142046432942,0.0,0.247586250305,-0.0805533304811
0.149565247819,0.0,0.247811064124,-0.084429256618
0.159501250833,0.0,0.248056054115,-0.0879960954189
0.168402925134,0.0,0.247984826565,-0.0928771868348
0.176047910005,0.0,0.247902721167,-0.0991249158978
0.182707700878,0.0,0.247770726681,-0.10370990634
0.18826495111,0.0,0.247649803758,-0.107939764857
0.193605482578,0.0,0.247451886535,-0.110241055489
0.19925134629,0.0,0.247318193316,-0.111512452364
0.204264812171,0.0,0.247087925673,-0.111564941704
0.20866406709,0.0,0.246755182743,-0.111117318273
0.210068121552,0.0,0.246845081449,-0.127897694707
0.212346613407,0.0,0.247347980738,-0.142093151808
0.217551246285,0.0,0.247776314616,-0.128586083651
0.22176181525,0.0,0.248091161251,-0.114027947187
0.224822729826,0.0,0.248360931873,-0.114220008254
0.0,0.0,0.0,0.0
0.0,13.813785,0.0,0.0
0.179182775319,0.0,-0.162946924567,-0.148211225867
0.110203382559,0.0,-0.229432061315,0.0602731816471
0.0230389982462,0.0,-0.244875788689,-0.217141270638
0.112865317613,0.0,-0.0472555160522,-0.162340849638
0.0379883050919,0.0,-0.210395142436,-0.00756274303421
0.0497536510229,0.0,-0.230489611626,-0.0539680719376
0.0751421973109,0.0,0.0670210570097,-0.225392535329
0.234741955996,0.0,-0.144658327103,-0.244056999683
0.0637421384454,0.0,-0.0088074253872,-0.161076068878
0.0112708881497,0.0,0.10530281812,-0.246462747455
0.154710667208,0.0,0.098657310009,-0.173447728157
0.0179755687714,0.0,0.0901844501495,0.155256122351
0.124489071837,0.0,0.108712531626,-0.167027205229
0.170759383589,0.0,-0.0652818381786,-0.102954223752
0.159479867667,0.0,0.146992921829,-0.228764295578
0.0219011455774,0.0,0.110518559813,-0.17936091125
0.0126613155007,0.0,-0.17672598362,-0.0829808861017
0.0407222062349,0.0,-0.0594294555485,-0.216165602207
0.236060962081,0.0,0.0205055400729,-0.135403782129
0.24665465951,0.0,0.247350111604,-0.209910944104
0.147112490609,0.0,0.16830176115,-0.219771429896
0.193685263395,0.0,0.247210741043,-0.192177847028
0.0645538456738,0.0,0.24861459434,0.0557169578969
0.0199985355139,0.0,0.0796515271068,0.244531735778
0.240096695721,0.0,0.199249342084,0.0183755457401
0.0170804336667,0.0,0.243802130222,-0.197320088744
0.0630408525467,0.0,0.244713932276,-0.173774033785
0.0919585004449,0.0,0.234878644347,-0.0677121654153
0.164977323264,0.0,0.230342000723,-0.0844367146492
0.0949958525598,0.0,0.247702583671,0.146992623806
0.119653367437,0.0,0.249730169773,-0.238409385085
0.00620809197426,0.0,0.249389648438,-0.0346508137882
0.146127507091,0.0,0.199323937297,0.23500418663
0.231845878065,0.0,0.245072573423,0.118197880685
0.0487041175365,0.0,0.245512396097,-0.0788888111711
0.24941405654,0.0,0.228906795382,-0.0722760632634
0.172743383795,0.0,0.225990399718,-0.0122872600332
0.0741090811789,0.0,0.220209553838,0.192591175437
0.0658704265952,0.0,0.245015144348,0.062921628356
0.165464293212,0.0,0.0659173801541,-0.0942303314805
0.243606582284,0.0,0.24608784914,0.177638173103
0.193225502968,0.0,0.247254014015,0.137493088841
0.147842468694,0.0,0.245435521007,-0.156838536263
0.0575866997242,0.0,-0.00778253655881,0.181727945805
0.118334434461,0.0,0.247898831964,-0.0504577085376
0.245872788131,0.0,0.212975874543,-0.212295800447
0.225662656128,0.0,0.222684681416,0.233151882887
0.126848827349,0.0,0.228365033865,-0.044022295624
0.172221556306,0.0,0.24860869348,-0.248357921839
0.246220484376,0.0,-0.0352999195457,-0.243086546659
0.24736340344,0.0,0.249942854047,0.0063616046682
0.168782964349,0.0,0.249245628715,0.0579979270697
0.231855534017,0.0,0.249952048063,-0.0509220771492
0.095508530736,0.0,0.248097136617,-0.0958774313331
0.219426326454,0.0,0.249396160245,0.214997798204
0.0279726237059,0.0,0.24996997416,-0.0732018873096
0.215709209442,0.0,0.249867334962,0.239487111568
0.248520284891,0.0,0.249718487263,0.0107782697305
0.219181150198,0.0,0.249345496297,0.217689484358
0.127097663004,0.0,0.249589890242,-0.0546925663948
0.201764523983,0.0,0.248929977417,-0.229320213199
0.23772457242,0.0,0.240295559168,-0.106882803142
0.0512914210558,0.0,0.249601885676,0.17171035707
0.176964905113,0.0,0.249934732914,-0.240932971239
0.236867673695,0.0,0.242018714547,-0.248093873262
0.240893661976,0.0,0.249757260084,0.11357665062
0.238646663725,0.0,0.247665956616,0.152612119913
0.239655867219,0.0,0.24807202816,-0.249794512987
0.249651283026,0.0,0.249807670712,-0.249997437
0.24733505398,0.0,0.249282702804,0.246139839292
0.239442139864,0.0,0.247613698244,-0.248663038015
0.248876690865,0.0,0.249994963408,-0.212012708187
0.248924829066,0.0,0.24995367229,-0.249464124441
0.213618591428,0.0,0.241392016411,-0.249268248677
0.0,0.0,0.0,0.0
0.0,16.225831,0.0,0.0
0.124250646331,0.0,-0.130897194147,0.0703461542726
0.0110052525997,0.0,-0.218755692244,-0.227272212505
0.107704199851,0.0,-0.22834263742,-0.241629078984
0.115342201665,0.0,0.0113795986399,-0.0303163304925
0.210043214262,0.0,-0.200992077589,-0.212734892964
0.0226436331868,0.0,-0.240757033229,-0.153409212828
0.00958494096994,0.0,-0.208209574223,-0.216409415007
0.135754936375,0.0,0.0988055691123,-0.247000411153
0.222628511488,0.0,0.235638514161,-0.237081170082
0.195247754455,0.0,-0.0038811576087,-0.0432329066098
0.0633268803358,0.0,0.0844875276089,-0.137816771865
0.059333793819,0.0,0.0210962034762,-0.231763452291
0.0483264923096,0.0,0.230784863234,-0.164297789335
0.106447095051,0.0,0.231953173876,-0.189249306917
0.243364550173,0.0,0.222501292825,-0.0806875601411
0.129569019657,0.0,0.231098920107,-0.191042795777
0.190792135894,0.0,0.227950498462,-0.182476460934
0.224481590092,0.0,0.235798954964,-0.181377261877
0.00512865185738,0.0,0.158788636327,0.243400111794
0.233043938875,0.0,0.0581515841186,0.198310419917
0.0143046379089,0.0,0.177272647619,-0.110693469644
0.00758419930935,0.0,0.248815432191,-0.248578056693
0.212244436145,0.0,0.241932958364,0.0755443796515
0.1187387174,0.0,0.23805578053,0.11713976413
0.0574126839638,0.0,0.247270688415,-0.083976753056
0.199030861259,0.0,-0.20640771091,-0.024585435167
0.213596940041,0.0,0.0261405482888,0.0960965082049
0.139690862037,0.0,0.248400598764,-0.154328688979
0.167832955718,0.0,0.243832200766,0.0760589390993
0.153939040378,0.0,0.237603262067,0.147758811712
0.108545500785,0.0,0.24543428421,0.204645231366
0.0883270613849,0.0,0.248152583838,-0.172699168324
0.101510437205,0.0,0.200812458992,-0.086123906076
0.116698577069,0.0,0.23046156764,0.140602856874
0.143714424223,0.0,0.207621797919,-0.204758912325
0.163800064474,0.0,0.105968303978,0.177930474281
0.246769838035,0.0,0.239480316639,-0.193694323301
0.135676140897,0.0,0.247351169586,-0.112049281597
0.0083436742425,0.0,0.247677534819,-0.0374117828906
0.241605892777,0.0,0.2491184026,-0.0794076919556
0.247928597033,0.0,0.236826390028,0.23253968358
0.164364065975,0.0,0.249255985022,0.112614363432
0.167158354074,0.0,0.236972182989,0.126031726599
0.180114295334,0.0,0.24991671741,-0.247711136937
0.142180636525,0.0,0.248495727777,-0.0207261759788
0.249010816216,0.0,0.249862864614,-0.222212508321
0.15497074835,0.0,0.249759867787,0.0203203558922
0.0693764947355,0.0,0.249866470695,0.0666184276342
0.106795530766,0.0,0.247812449932,-0.163959801197
0.158244859427,0.0,0.235890522599,0.183392211795
0.235086925328,0.0,0.249967321754,-0.151559710503
0.192184135318,0.0,0.249120056629,-0.0356454998255
0.247742384672,0.0,0.231099143624,0.176189154387
0.0382844507694,0.0,0.244750469923,-0.13572601974
0.165668442845,0.0,0.248209372163,0.201506838202
0.249741315842,0.0,0.248180568218,0.216214954853
0.234080925584,0.0,0.200451999903,-0.0743739157915
0.24376001209,0.0,0.239053919911,-0.0586401298642
0.212933644652,0.0,0.157099857926,-0.245139673352
0.246852077544,0.0,0.234312176704,-0.245195239782
0.241250447929,0.0,0.249829187989,-0.22933369875
0.221547409892,0.0,0.235287681222,-0.192159250379
0.247468486428,0.0,0.24999974668,-0.241990447044
0.225724242628,0.0,0.24007935822,0.240704610944
0.235188029706,0.0,0.249924913049,0.162186741829
0.221130862832,0.0,0.249991580844,-0.169048249722
0.0,0.0,0.0,0.0
0.0,14.400762,0.0,0.0
0.144245598465,0.0,-0.131666064262,-0.206164598465
0.0119309574366,0.0,-0.248161017895,0.0151640512049
0.0911378227174,0.0,-0.202666461468,-0.224744483829
0.208243519068,0.0,-0.203566581011,-0.236959844828
0.0474015176296,0.0,-0.248526111245,-0.211348161101
0.012027874589,0.0,-0.128807887435,-0.229413509369
0.236856944859,0.0,-0.167863249779,-0.216578394175
0.206503361464,0.0,-0.149608209729,-0.207298949361
0.00652219355106,0.0,-0.151220008731,-0.223361328244
0.209453344345,0.0,-0.234240159392,-0.186947077513
0.171460226178,0.0,0.137802422047,-0.246420368552
0.079039670527,0.0,-0.103812046349,-0.21880403161
0.237518765032,0.0,0.222005754709,0.160992413759
0.222817614675,0.0,0.166841104627,-0.242021948099
0.187692992389,0.0,0.205257475376,-0.173891454935
0.0676031112671,0.0,0.0520992353559,0.23676481843
0.223538123071,0.0,0.225514635444,-0.201114356518
0.0567107796669,0.0,0.249857723713,-0.0748379677534
0.232124879956,0.0,0.0640260726213,-0.206357181072
0.0687401853502,0.0,0.107678703964,0.136984407902
0.239089988172,0.0,-0.0977245494723,-0.214446142316
0.00292368233204,0.0,0.248650208116,-0.215176314116
0.0353220701218,0.0,0.246068418026,-0.082661241293
0.247782297432,0.0,0.227838367224,0.219946905971
0.126243349165,0.0,-0.0685728639364,0.018526205793
0.131008946337,0.0,0.209260746837,-0.0320203229785
0.150621270761,0.0,0.222313508391,0.175437480211
0.0527824088931,0.0,0.203592479229,-0.160160183907
0.107730379328,0.0,0.234278708696,-0.231351092458
0.112736302428,0.0,0.249231353402,-0.210386887193
0.181437186897,0.0,0.241632372141,0.229327917099
0.0731299929321,0.0,0.246423393488,0.218011707067
0.165716588497,0.0,0.248374000192,-0.238528028131
0.248564094305,0.0,0.225161239505,-0.196880787611
0.248415321112,0.0,0.229860320687,-0.164583086967
0.143568916246,0.0,0.161536887288,-0.0532053075731
0.0764409899712,0.0,0.239050373435,-0.156916022301
0.218649893999,0.0,0.245855659246,0.123251311481
0.209818258882,0.0,0.0212117917836,0.207964196801
0.230007633567,0.0,0.248792424798,0.0259079374373
0.0127907991409,0.0,0.202523425221,-0.178369700909
0.243050828576,0.0,0.248222857714,0.0803010463715
0.222063004971,0.0,0.000520645815413,0.236707493663
0.209949612617,0.0,0.248804196715,0.0769050270319
0.196255639195,0.0,0.248489290476,-0.227073341608
0.0995611473918,0.0,0.208135589957,-0.171920716763
0.247942462564,0.0,0.249310538173,0.186621114612
0.170643690974,0.0,0.245425581932,9.72896741587e-05
0.249743901193,0.0,-0.137001559138,-0.151734024286
0.208010077477,0.0,0.217810764909,-0.245200246572
0.0849830955267,0.0,0.140262320638,-0.246051803231
0.0455896556377,0.0,0.00503591122106,0.139334350824
0.247373081744,0.0,0.24990658462,0.246656671166
0.174044270068,0.0,0.180345982313,-0.00375911570154
0.247024387121,0.0,0.249804288149,-0.248489096761
0.248080208898,0.0,0.248077169061,0.132924765348
0.0911430455744,0.0,0.248178631067,0.0613422766328
0.247253291309,0.0,0.23809890449,0.0862862914801
0.244348309934,0.0,0.249532207847,-0.229257851839
0.136952177621,0.0,0.235602378845,0.165974348783
0.168426875025,0.0,0.249365761876,-0.136523216963
0.236343339086,0.0,0.162337899208,-0.249090999365
0.169522486627,0.0,0.24972678721,0.201804637909
0.19996060431,0.0,0.248632460833,-0.173841774464
0.239827349782,0.0,0.249996617436,0.0231695063412
0.127579501597,0.0,0.116084694862,0.151928156614
0.249873362482,0.0,0.248897999525,-0.24882234633
0.220877192914,0.0,0.24992595613,-0.229487746954
0.249953173101,0.0,0.249824136496,-0.18371412158
0.248074524105,0.0,0.249268099666,-0.213577836752
0.24979326129,0.0,0.24459426105,-0.233661413193
0.249111428857,0.0,-0.097425468266,0.0233881603926
0.248835109174,0.0,0.248885154724,0.207280576229
0.249973230064,0.0,0.249997183681,0.0117360455915
0.249499730766,0.0,0.247190952301,-0.246840238571
0.249565295875,0.0,0.219166055322,-0.226899236441
0.249921232462,0.0,0.242239713669,0.0496893078089
0.0,0.0,0.0,0.0
0.0,17.135335,0.0,0.0
0.165865600109,0.0,-0.159048050642,-0.218415409327
0.108545672148,0.0,-0.240777000785,-0.248055279255
0.0101716443896,0.0,-0.220128417015,-0.177557319403
0.00807940214872,0.0,-0.0534113794565,-0.209608763456
0.199660331011,0.0,-0.158846974373,-0.176942408085
0.162825115025,0.0,-0.17258451879,-0.0185217540711
0.0457383990288,0.0,-0.0782792568207,0.0715519040823
0.207847580314,0.0,0.0754576101899,-0.225620031357
0.0286302268505,0.0,-0.0840913206339,-0.109936714172
0.0468777865171,0.0,-0.0340499430895,-0.220520079136
0.0856152884662,0.0,0.105271115899,-0.248322293162
0.0525374263525,0.0,0.0698168575764,0.0838351249695
0.237019449472,0.0,0.234391883016,0.155368983746
0.0778095982969,0.0,0.236559391022,-0.248514205217
0.00455191731453,0.0,0.241914078593,-0.242812871933
0.131731046829,0.0,0.174903079867,0.00189144280739
0.144846845418,0.0,0.00633825128898,0.22848713398
0.0491412580013,0.0,0.231187462807,-0.22336126864
0.248224325478,0.0,0.201742351055,-0.245589524508
0.210838139057,0.0,0.247053593397,0.232456192374
0.247648231685,0.0,0.182835966349,0.231705874205
0.189491555095,0.0,0.24433003366,-0.211821764708
0.155513292179,0.0,0.184357434511,-0.208090767264
0.248453393579,0.0,0.213908150792,-0.0794572904706
0.0398503243923,0.0,0.140754938126,0.146798342466
0.037805698812,0.0,-0.14792868495,-0.100382201374
0.227502509952,0.0,0.128344893456,0.185491427779
0.185114044696,0.0,0.20771420002,-0.0895306169987
0.0990976020694,0.0,0.189880266786,-0.100449450314
0.116700980812,0.0,-0.030899355188,0.111833564937
0.16624962911,0.0,0.131534695625,-0.113572515547
0.230727799237,0.0,0.242266729474,-0.102353461087
0.117115562782,0.0,0.204582571983,0.0226266589016
0.021163970232,0.0,0.21719866991,0.207986444235
0.218864575028,0.0,0.221324488521,0.157206952572
0.10691267252,0.0,0.00953792314976,-0.245076149702
0.176898658276,0.0,0.183067336679,-0.188675388694
0.236191667616,0.0,0.231181815267,0.119381077588
0.14476284571,0.0,0.0178624074906,0.1024954319
0.116069592535,0.0,0.104118481278,-0.0840731039643
0.00947847962379,0.0,0.237323865294,-0.182353392243
0.0462781786919,0.0,0.232859671116,0.213703870773
0.0233721733093,0.0,0.0691637471318,0.2011436373
0.0190909579396,0.0,-0.00639656977728,-0.225964337587
0.085261117667,0.0,0.106701605022,0.14599737525
0.210079282522,0.0,-0.115596540272,-0.157323598862
0.192700766027,0.0,-0.0670024752617,-0.198027297854
0.223817959428,0.0,-0.201845616102,-0.131673395634
0.198897510767,0.0,0.165330439806,-0.0314608998597
0.0848345980048,0.0,0.0185664407909,-0.156710654497
0.205143883824,0.0,0.223092257977,-0.242466330528
0.155129093677,0.0,0.195790439844,-0.209343269467
0.0197213441133,0.0,0.207017406821,0.12587338686
0.229186348617,0.0,-0.0860895738006,0.205395817757
0.163389213383,0.0,0.11975388974,-0.124835841358
0.0220307409763,0.0,0.196583479643,-0.217667222023
0.234210439026,0.0,-0.199634313583,-0.187889263034
0.188190698624,0.0,-0.220734357834,0.224357023835
0.137166384608,0.0,0.126521572471,-0.186768203974
0.236841231585,0.0,0.146442711353,-0.232782885432
0.175710592419,0.0,-0.0948817878962,-0.228995859623
0.100596830249,0.0,-0.140808999538,0.176095932722
0.19583209604,0.0,-0.216646969318,-0.0572240203619
0.0681404732168,0.0,-0.0178496651351,-0.0636110976338
0.139131003059,0.0,-0.231306821108,-0.204221069813
0.171248558909,0.0,0.077670045197,0.135665595531
0.159557502717,0.0,0.0756359100342,-0.195659518242
0.23667435348,0.0,0.161275714636,0.0272427871823
0.0432635173202,0.0,-0.19916883111,-0.0206380691379
0.143605716527,0.0,-0.224431470037,0.0947161838412
0.0499046966434,0.0,0.238867431879,-0.0140641434118
0.139310061,0.0,0.188808679581,-0.00965125020593
0.240983679891,0.0,0.227115750313,-0.200335457921
0.234431914985,0.0,-0.246970266104,0.139232456684
0.239598169923,0.0,-0.197744756937,0.201324477792
0.242638409138,0.0,-0.177580118179,-0.00872494466603
0.200102508068,0.0,-0.112773664296,-0.158353611827
0.19965840131,0.0,0.12152710557,-0.162708640099
0.224739506841,0.0,-0.243951559067,-0.0273171924055
0.234500594437,0.0,-0.215795680881,0.196471244097
0.196655496955,0.0,0.0753030776978,0.0369428806007
0.0418211817741,0.0,-0.0287364087999,-0.229162365198
0.187809035182,0.0,0.0472791679204,0.167991757393
0.101664835587,0.0,-0.248720049858,-0.224152684212
0.201379597187,0.0,-0.200522303581,-0.151518031955
0.247926443815,0.0,0.0386665947735,-0.181607097387
0.1551828105,0.0,-0.175555706024,-0.0230476539582
0.244572237134,0.0,-0.0662135258317,0.244189202785
0.248445942998,0.0,0.218367829919,0.18210093677
0.0694241821766,0.0,-0.115988582373,-0.143632888794
0.230652719736,0.0,0.028969578445,0.23987030983
0.205950595438,0.0,-0.234170988202,-0.0590591914952
0.0400489717722,0.0,-0.0560108050704,0.0611429922283
0.215072453022,0.0,-0.238849326968,0.0760044008493
0.122377839871,0.0,-0.247058495879,0.138210549951
0.242952555418,0.0,-0.160242408514,-0.168763294816
0.159960009158,0.0,-0.248078554869,-0.178204953671
0.240663900971,0.0,-0.0605516545475,0.084831982851
0.0704017095268,0.0,-0.217058688402,0.219578146935
0.0217144265771,0.0,-0.151039600372,0.0689338594675
0.247397176921,0.0,-0.185140371323,-0.236488267779
0.0925887525082,0.0,0.103592604399,-0.0659112632275
0.0710559673607,0.0,-0.240891456604,0.0438771359622
0.226440243423,0.0,-0.248582661152,-0.174740940332
0.238172054291,0.0,-0.231890976429,0.052410274744
0.0544229596853,0.0,-0.0411543101072,-0.229351222515
0.212942637503,0.0,-0.187877565622,-0.185211807489
0.227834761143,0.0,-0.0862671136856,-0.134870573878
0.120123456232,0.0,-0.248948633671,-0.147686347365
0.0889302156866,0.0,-0.0386835895479,-0.10117906332
0.157188024372,0.0,0.115775883198,-0.0527246780694
0.218014881015,0.0,-0.244103848934,0.235914006829
0.244677148759,0.0,-0.249566987157,0.155086517334
0.20718742907,0.0,0.0612695999444,-0.0753596276045
0.162790488452,0.0,-0.210277304053,-0.19399254024
0.158109974116,0.0,-0.0246524233371,0.198691278696
0.249079860747,0.0,-0.207589372993,0.201390221715
0.0305771902204,0.0,-0.232582375407,0.0828398689628
0.0864932313561,0.0,-0.077069863677,-0.0409581325948
0.219983935356,0.0,0.0293764267117,-0.124602615833
0.166912823915,0.0,-0.0672339200974,0.225772321224
0.165514148772,0.0,-0.197238564491,-0.220344901085
0.211018443108,0.0,0.236237764359,0.217343896627
0.166153658181,0.0,0.157262280583,-0.210813835263
0.248023204505,0.0,-0.225843921304,0.162326216698
0.0656711049378,0.0,-0.209857299924,0.133012682199
0.0326806530356,0.0,0.179471820593,-0.0379237756133
0.220723994076,0.0,-0.119397483766,0.0669211372733
0.193014346063,0.0,-0.206379413605,0.132369250059
0.217496812344,0.0,-0.195615038276,-0.195325165987
0.176034249365,0.0,-0.215481832623,-0.0181017573923
0.0320695191622,0.0,0.19062449038,-0.107441283762
0.0461561977863,0.0,-0.0497595630586,-0.0405911952257
0.0895675905049,0.0,-0.237891405821,0.154948964715
0.0104194879532,0.0,-0.229686081409,-0.224788248539
0.025650523603,0.0,-0.205791756511,0.0730687081814
0.178718730807,0.0,-0.216560482979,-0.145625725389
0.126855400973,0.0,-0.216703265905,-0.0117973396555
0.03561527282,0.0,-0.079043880105,0.00820522196591
0.239544332027,0.0,0.0194804556668,0.030749861151
0.0275787487626,0.0,0.0507405996323,-0.017935834825
0.116582524963,0.0,0.231004700065,-0.231243506074
0.140892341733,0.0,-0.15630415082,0.0122774792835
0.0570990145206,0.0,-0.168723016977,0.126057475805
0.156935617328,0.0,-0.150180891156,0.175407022238
0.055814050138,0.0,0.151863545179,0.143912136555
0.0524972230196,0.0,-0.0824702009559,-0.117734305561
0.0510549992323,0.0,0.114263802767,0.129079788923
0.0142273306847,0.0,-0.0059228092432,-0.0160921923816
0.142579797655,0.0,-0.185122907162,0.143487721682
0.22521674633,0.0,-0.169522166252,0.219314008951
0.0269428342581,0.0,0.149861037731,-0.0739745497704
0.175328157842,0.0,0.0810128971934,-0.207209721208
0.0695018954575,0.0,-0.117633759975,0.0851209685206
0.0629394091666,0.0,-0.173092722893,-0.070135936141
0.141066441312,0.0,-0.0548626594245,-0.0626454651356
0.167538523674,0.0,-0.245736673474,0.204847037792
0.0182321667671,0.0,-0.242299228907,0.00300168152899
0.146912196651,0.0,0.225230410695,-0.080518014729
0.0172851756215,0.0,0.229172796011,0.0609104521573
0.00998980551958,0.0,-0.0684127211571,0.105567477643
0.202734693885,0.0,0.02947646752,0.191585689783
0.176399175078,0.0,0.205447033048,-0.057389754802
0.0280628427863,0.0,0.230451852083,-0.0595311075449
0.0404771417379,0.0,-0.190293848515,0.0889744535089
0.0480435043573,0.0,-0.195694059134,-0.0942383036017
0.0846001766622,0.0,-0.223041400313,-0.150663912296
0.0563863739371,0.0,0.228332728148,-0.0429002046585
0.103157861158,0.0,0.206133455038,-0.042393669486
0.145923318341,0.0,-0.00707213161513,0.162097752094
0.195375412703,0.0,0.157665893435,-0.213623806834
0.193516410887,0.0,0.0478016510606,-0.215700909495
0.197397783399,0.0,0.0850644111633,-0.234938815236
0.189753741026,0.0,0.138967752457,-0.135074406862
0.164278086275,0.0,0.173288494349,0.00348785240203
0.0546916797757,0.0,0.189594551921,-0.0456280261278
0.216474026442,0.0,0.220129936934,0.152936115861
0.209615841508,0.0,0.248190417886,0.21821859479
0.150492733344,0.0,0.233130186796,0.0175048150122
0.242735803127,0.0,0.207324624062,0.240099832416
0.241747945547,0.0,0.245672553778,0.147654980421
0.17861071974,0.0,0.22211048007,-0.245817318559
0.212079420686,0.0,0.240747153759,-0.224976345897
0.0320048183203,0.0,0.225413098931,-0.197844550014
0.00328233093023,0.0,-0.0188380349427,-0.106031253934
0.160760145634,0.0,0.239701360464,-0.224234804511
0.0810995995998,0.0,0.24878628552,0.0179700199515
0.112038090825,0.0,0.232511416078,-0.209794223309
0.0345865339041,0.0,0.170599400997,-0.16754925251
0.00183133780956,0.0,0.2474052459,0.14478251338
0.0767326839268,0.0,0.249962985516,-0.111712627113
0.0671985596418,0.0,0.249970093369,-0.121582783759
0.174060616642,0.0,0.249999538064,-0.156143903732
0.137837128714,0.0,0.249988019466,-0.223977386951
0.039472848177,0.0,0.249968782067,-0.236452311277
0.0252170562744,0.0,0.249975666404,-0.223874121904
0.0778486952186,0.0,0.249957218766,-0.113899841905
0.249999254942,0.0,0.249972239137,0.0489125028253
0.24879194051,0.0,0.247672408819,-0.209362834692
0.234249427915,0.0,0.25,-0.243281975389
5.73098659515e-05,0.0,0.144582539797,-0.190616473556
0.24985999614,0.0,0.25,-0.249831736088
0.249603353441,0.0,0.249109715223,-0.249619692564
0.249884866178,0.0,0.158531218767,-0.249999597669
0.24997600168,0.0,0.249912515283,-0.249419108033
0.25,0.0,0.25,-0.0804159492254
0.121539940359,0.0,0.25,-0.0121153686196
0.00796534121037,0.0,0.25,0.249999970198
0.0363053530455,0.0,-0.245713874698,0.240600079298
0.248331137002,0.0,0.249996185303,-0.249999791384
3.04728746414e-06,0.0,0.249996364117,0.25
