0.0,1.235316,0.0,0.0
0.249290473759,0.0,0.0,-0.196280390024
0.16890547052,0.0,0.0,0.245782360435
0.109131168574,0.0,0.0,0.238876223564
0.170165959746,0.0,0.0,0.247546181083
0.247081160545,0.0,0.0,0.244713872671
0.248757787049,0.0,0.0,0.246666043997
0.244877189398,0.0,0.0,0.244363322854
0.247793748975,0.0,0.0,0.237993612885
0.249899864197,0.0,0.0,0.210830107331
0.249999672174,0.0,0.0,0.0114991273731
0.249998882413,0.0,0.0,-0.157687813044
0.249936543405,0.0,0.0,-0.0289485231042
0.249465875328,0.0,0.0,0.0657089352608
0.249433770776,0.0,0.0,-0.122376330197
0.249362140894,0.0,0.0,-0.19941906631
0.245880961418,0.0,0.0,-0.0798787027597
0.239571347833,0.0,0.0,0.00546961510554
0.247516192496,0.0,0.0,-0.183323353529
0.237279899418,0.0,0.0,-0.229030504823
0.225460350513,0.0,0.0,0.0728858038783
0.147845167667,0.0,0.0,0.0521409735084
0.00802230089903,0.0,0.0,0.227135121822
0.0201185941696,0.0,0.0,-0.00615769112483
0.0,0.0,0.0,0.0
0.0,12.542694,0.0,0.0
0.100624527782,0.0,0.0,0.225233688951
0.0456422865391,0.0,0.0,0.247194081545
0.0332450866699,0.0,0.0,0.249990299344
0.237696617842,0.0,0.0,0.242811962962
0.231721878052,0.0,0.0,0.237801909447
0.19660359621,0.0,0.0,0.247580558062
0.244845874608,0.0,0.0,0.240740120411
0.249955892563,0.0,0.0,0.17985740304
0.249999642372,0.0,0.0,-0.18295660615
0.25,0.0,0.0,0.184235751629
0.249975517392,0.0,0.0,0.241894900799
0.249999977648,0.0,0.0,-0.201786845922
0.24984434247,0.0,0.0,0.0898048654199
0.249848775566,0.0,0.0,-0.199895039201
0.248763099313,0.0,0.0,-0.235528960824
0.247531414032,0.0,0.0,0.190838545561
0.238587334752,0.0,0.0,-0.143969655037
0.248706169426,0.0,0.0,-0.247931480408
0.249927192926,0.0,0.0,-0.14551487565
0.236196644604,0.0,0.0,0.242456242442
0.189560219646,0.0,0.0,0.098655462265
0.0153795108199,0.0,0.0,0.0922943800688
0.0323111861944,0.0,0.0,0.240060389042
0.0,0.0,0.0,0.0
0.0,11.979864,0.0,0.0
0.146772421896,0.0,0.0,0.205170571804
0.00514847785234,0.0,0.0,0.249995648861
0.0515078753233,0.0,0.0,-0.122197836637
0.0880452245474,0.0,0.0,0.248508304358
0.242627829313,0.0,0.0,0.1504997015
0.178134448826,0.0,0.0,0.192245721817
0.249653540552,0.0,0.0,0.229714781046
0.201912909746,0.0,0.0,0.246429547668
0.249246664345,0.0,0.0,0.246087357402
0.244480259717,0.0,0.0,0.244714617729
0.249967783689,0.0,0.0,0.241118639708
0.25,0.0,0.0,0.227981433272
0.249998524785,0.0,0.0,-0.0739974528551
0.043796390295,0.0,0.0,-0.0602623336017
0.249798066914,0.0,0.0,-0.110764347017
0.0258425846696,0.0,0.0,0.107818588614
0.113852186128,0.0,0.0,0.0311553981155
0.226280018687,0.0,0.0,-0.206512078643
0.245092570782,0.0,0.0,-0.241388753057
0.249999515712,0.0,0.0,-0.237168133259
0.232951164246,0.0,0.0,0.188701659441
0.244233466685,0.0,0.0,0.195501878858
0.204045966268,0.0,0.0,-0.236497297883
0.157101485878,0.0,0.0,-0.232669115067
0.0395125895739,0.0,0.0,0.203407347202
0.0898358672857,0.0,0.0,0.235473304987
0.047550663352,0.0,0.0,0.185002103448
0.147409502417,0.0,0.0,0.221320033073
0.241999648511,0.0,0.0,0.246184617281
0.249970152974,0.0,0.0,0.215306043625
0.218502409756,0.0,0.0,-0.249999880791
0.249998860061,0.0,0.0,-0.249582067132
0.235746532679,0.0,0.0,-0.246558979154
0.249629497528,0.0,0.0,-0.231089681387
0.0939723085612,0.0,0.0,-0.249602854252
0.238987319171,0.0,0.0,-0.195883631706
0.249999977648,0.0,0.0,-0.237026810646
0.247513577342,0.0,0.0,-0.0655352249742
0.0,0.0,0.0,0.0
0.0,18.744494,0.0,0.0
0.249983675778,0.0,0.0,0.249958232045
0.0249980315566,0.0,0.0,0.22468046844
0.00257968902588,0.0,0.0,0.248851433396
0.0846439339221,0.0,0.0,0.249461561441
0.17727079615,0.0,0.0,0.249862864614
0.249215237796,0.0,0.0,0.0875221341848
0.119812965393,0.0,0.0,0.248876363039
0.249940380454,0.0,0.0,0.249097883701
0.245266504586,0.0,0.0,0.243347689509
0.249999992549,0.0,0.0,0.248606592417
0.249999992549,0.0,0.0,0.110299415886
0.249958217144,0.0,0.0,-0.228954911232
0.249998986721,0.0,0.0,-0.245727360249
0.247259669006,0.0,0.0,-0.014159521088
0.226462446153,0.0,0.0,0.0744383633137
0.237168990076,0.0,0.0,-0.210597887635
0.240158654749,0.0,0.0,-0.200009137392
0.198847331107,0.0,0.0,-0.0675407648087
0.230503842235,0.0,0.0,0.216231435537
0.247866392136,0.0,0.0,0.249501764774
0.221401929855,0.0,0.0,0.242864608765
0.0,0.0,0.0,0.0
0.0,11.17968,0.0,0.0
0.00289273262024,0.0,0.0,0.189691781998
0.113143456168,0.0,0.0,0.239254042506
0.210248246789,0.0,0.0,0.235249310732
0.24713665247,0.0,0.0,0.242932677269
0.249939262867,0.0,0.0,0.249855935574
0.249473042786,0.0,0.0,0.248374119401
0.105521854013,0.0,0.0,0.148121714592
0.220794945955,0.0,0.0,0.235059574246
0.249654076993,0.0,0.0,0.249965444207
0.249955967069,0.0,0.0,-0.243449121714
0.25,0.0,0.0,0.143044859171
0.247393265367,0.0,0.0,0.18067958951
0.249999515712,0.0,0.0,0.117810949683
0.249999932945,0.0,0.0,-0.0745962709188
0.249727845192,0.0,0.0,-0.0526951700449
0.249909460545,0.0,0.0,-0.244313463569
0.245375365019,0.0,0.0,-0.195743411779
0.202866084874,0.0,0.0,0.147840946913
0.0353824943304,0.0,0.0,-0.0388059429824
0.215181931853,0.0,0.0,-0.218779355288
0.237072080374,0.0,0.0,0.244716733694
0.243846185505,0.0,0.0,0.224601849914
0.166363958269,0.0,0.0,0.0707021951675
0.186302162707,0.0,0.0,-0.20968413353
0.0,0.0,0.0,0.0
0.0,14.416325,0.0,0.0
0.00568987429142,0.0,0.0,0.24774068594
0.0623392015696,0.0,0.0,0.123395860195
0.106597790495,0.0,0.0,0.220827847719
0.204618647695,0.0,0.0,0.24996060133
0.132153093815,0.0,0.0,0.249339923263
0.243749648333,0.0,0.0,0.230188071728
0.249738715589,0.0,0.0,0.240605637431
0.219486013055,0.0,0.0,0.241392657161
0.243791013956,0.0,0.0,0.244213506579
0.249363519251,0.0,0.0,-0.111037142575
0.24998999387,0.0,0.0,-0.0553008168936
0.249729834497,0.0,0.0,0.246235907078
0.248882733285,0.0,0.0,0.225823909044
0.244736768305,0.0,0.0,-0.224326446652
0.249922223389,0.0,0.0,-0.212649181485
0.249995671213,0.0,0.0,-0.204279407859
0.249706849456,0.0,0.0,0.206300377846
0.248964563012,0.0,0.0,0.0618362464011
0.248461544514,0.0,0.0,-0.207468047738
0.245359495282,0.0,0.0,-0.0235462710261
0.00791511684656,0.0,0.0,-0.202249422669
0.00548334419727,0.0,0.0,-0.130776762962
0.0,0.0,0.0,0.0
0.0,11.305901,0.0,0.0
0.00051748752594,0.0,0.0,0.249864697456
0.193293996155,0.0,0.0,0.203013703227
0.0153762847185,0.0,0.0,0.248036473989
0.0188442021608,0.0,0.0,0.229271188378
0.243247173727,0.0,0.0,0.240791723132
0.0236382931471,0.0,0.0,0.182175323367
0.228859089315,0.0,0.0,0.248797386885
0.244731761515,0.0,0.0,-0.130341172218
0.243142344058,0.0,0.0,0.240554779768
0.249981559813,0.0,0.0,0.238482311368
0.249933093786,0.0,0.0,-0.0575657747686
0.249677099288,0.0,0.0,-0.216978162527
0.249284803867,0.0,0.0,0.0220004096627
0.249978616834,0.0,0.0,0.222150951624
0.249413870275,0.0,0.0,0.131024509668
0.247865535319,0.0,0.0,-0.2415702492
0.225505396724,0.0,0.0,-0.230029970407
0.215795077384,0.0,0.0,-0.0436860732734
0.207818433642,0.0,0.0,0.192990034819
0.00228392332792,0.0,0.0,0.054690759629
9.6507370472e-05,0.0,0.0,0.00668839551508
0.0,0.0,0.0,0.0
0.0,13.168305,0.0,0.0
0.0265766605735,0.0,0.0,0.246416479349
0.0111941099167,0.0,0.0,0.210622489452
0.00416773557663,0.0,0.0,0.249912142754
0.248956039548,0.0,0.0,0.229696914554
0.249878890812,0.0,0.0,0.235078006983
0.146869961172,0.0,0.0,0.10224866122
0.249322451651,0.0,0.0,0.249213263392
0.24744424969,0.0,0.0,0.249895781279
0.249999247491,0.0,0.0,0.0210151094943
0.249946273863,0.0,0.0,0.0136185791343
0.25,0.0,0.0,-0.172502800822
0.25,0.0,0.0,0.0579966790974
0.249508321285,0.0,0.0,0.187993571162
0.25,0.0,0.0,0.173810213804
0.249216228724,0.0,0.0,-0.186270415783
0.238760352135,0.0,0.0,-0.225708693266
0.0323482304811,0.0,0.0,-0.0897188931704
0.134897447191,0.0,0.0,0.0578761585057
0.208869427443,0.0,0.0,0.0847879201174
0.247419774532,0.0,0.0,0.199283018708
0.248178832233,0.0,0.0,0.115305520594
0.249394141138,0.0,0.0,0.220109030604
0.244600877166,0.0,0.0,0.136019170284
0.0,0.0,0.0,0.0
0.0,11.98476,0.0,0.0
0.0225262418389,0.0,0.0,0.246394023299
0.0176358968019,0.0,0.0,-0.0311087314039
0.0699370019138,0.0,0.0,0.249078288674
0.249583803117,0.0,0.0,0.208443120122
0.00160172581673,0.0,0.0,0.249970734119
0.155215250328,0.0,0.0,0.2499781847
0.0878427922726,0.0,0.0,-0.0610790625215
0.199513293803,0.0,0.0,0.247752919793
0.247912093997,0.0,0.0,0.247408568859
0.246734544635,0.0,0.0,0.238940045238
0.249689638615,0.0,0.0,0.236283764243
0.249996103346,0.0,0.0,-0.0453923866153
0.25,0.0,0.0,-0.191749170423
0.249994307756,0.0,0.0,-0.00126323523
0.249971270561,0.0,0.0,0.229568064213
0.249998569489,0.0,0.0,0.135403633118
0.249999791384,0.0,0.0,-0.126729339361
0.249965935946,0.0,0.0,-0.210098534822
0.230780512094,0.0,0.0,-0.0810702964664
0.227589637041,0.0,0.0,0.0744951739907
0.244593203068,0.0,0.0,-0.197320669889
0.247746445239,0.0,0.0,-0.0870476365089
0.248021185398,0.0,0.0,0.219355911016
0.0043114349246,0.0,0.0,0.237062528729
0.0,0.0,0.0,0.0
0.0,12.386054,0.0,0.0
0.0432092398405,0.0,0.0,0.247058153152
0.177969194949,0.0,0.0,-0.00681160157546
0.215520776808,0.0,0.0,0.249780610204
0.122237044619,0.0,0.0,0.225108608603
0.247071839869,0.0,0.0,0.232553571463
0.130996151827,0.0,0.0,0.23974467814
0.248258031905,0.0,0.0,0.19558802247
0.207523450255,0.0,0.0,0.249084413052
0.249970391393,0.0,0.0,0.246952846646
0.241785310209,0.0,0.0,0.24549177289
0.249515399337,0.0,0.0,-0.211399286985
0.24999974668,0.0,0.0,-0.208015054464
0.249402754009,0.0,0.0,0.0758597105742
0.249998375773,0.0,0.0,0.228113979101
0.237713232636,0.0,0.0,-0.219830483198
0.249767050147,0.0,0.0,-0.170472830534
0.207866445184,0.0,0.0,0.00170482287649
0.248420000076,0.0,0.0,-0.0324606411159
0.248201981187,0.0,0.0,-0.0178837403655
0.222286395729,0.0,0.0,0.159478098154
0.0389167070389,0.0,0.0,0.21781565249
0.0,0.0,0.0,0.0
0.0,11.159946,0.0,0.0
0.00128111243248,0.0,0.0,0.248633980751
0.18160399422,0.0,0.0,0.247928068042
0.196340069175,0.0,0.0,0.248343363404
0.170707207173,0.0,0.0,0.248456954956
0.245653219521,0.0,0.0,0.246079295874
0.246184237301,0.0,0.0,0.244005560875
0.241647563875,0.0,0.0,0.24332369864
0.249314881861,0.0,0.0,0.229051917791
0.249997787178,0.0,0.0,0.14716809988
0.249999776483,0.0,0.0,-0.00644475081936
0.24999409169,0.0,0.0,-0.0439606904984
0.249936446548,0.0,0.0,0.0156170101836
0.249926201999,0.0,0.0,-0.0162541102618
0.249914035201,0.0,0.0,-0.152185708284
0.249763660133,0.0,0.0,-0.170226767659
0.249384894967,0.0,0.0,-0.165229231119
0.240438975394,0.0,0.0,0.0706777051091
0.213111549616,0.0,0.0,-0.0374439507723
0.241085186601,0.0,0.0,-0.223062843084
0.239103347063,0.0,0.0,-0.126470267773
0.247950382531,0.0,0.0,0.237265408039
0.244553990662,0.0,0.0,0.223978385329
0.0272891297936,0.0,0.0,0.14426523447
0.0,0.0,0.0,0.0
0.0,11.96504,0.0,0.0
6.70552253723e-06,0.0,0.0,0.244338035583
0.0426663383842,0.0,0.0,0.236258327961
0.155993733555,0.0,0.0,0.234313264489
0.234786055982,0.0,0.0,0.249998033047
0.0403095558286,0.0,0.0,0.249773174524
0.242575220764,0.0,0.0,0.24996958673
0.235683381557,0.0,0.0,0.176349103451
0.247272230685,0.0,0.0,0.182342484593
0.191790252924,0.0,0.0,0.221300944686
0.25,0.0,0.0,0.197889819741
0.25,0.0,0.0,0.109127320349
0.249999850988,0.0,0.0,0.19270683825
0.249999202788,0.0,0.0,-0.243845790625
0.249963469803,0.0,0.0,-0.249267965555
0.0025097578764,0.0,0.0,0.0293477270752
0.231282889843,0.0,0.0,0.146888166666
0.239757575095,0.0,0.0,0.060563147068
0.125394462229,0.0,0.0,-0.232112899423
0.240960143507,0.0,0.0,-0.199622005224
0.0155720114708,0.0,0.0,-0.0372588597238
0.19637619704,0.0,0.0,-0.104223385453
0.159008722752,0.0,0.0,0.213211581111
0.0217410773039,0.0,0.0,0.209592506289
0.0182711556554,0.0,0.0,-0.173727601767
0.194627329707,0.0,0.0,0.220932245255
0.195326462388,0.0,0.0,0.249045774341
0.208366796374,0.0,0.0,0.0106871370226
0.0887082330883,0.0,0.0,0.186493426561
0.248408868909,0.0,0.0,0.243645489216
0.249953001738,0.0,0.0,0.181946486235
0.210633188486,0.0,0.0,-0.246533736587
0.0154045671225,0.0,0.0,-0.247218877077
0.19919873029,0.0,0.0,-0.249593392015
0.23433354497,0.0,0.0,-0.248463690281
0.161951810122,0.0,0.0,-0.249794960022
0.0220347940922,0.0,0.0,-0.249775215983
0.0650030300021,0.0,0.0,-0.245238497853
0.249999918044,0.0,0.0,-0.249466434121
0.249972775578,0.0,0.0,-0.242039307952
0.249999925494,0.0,0.0,-0.236245661974
0.209798544645,0.0,0.0,-0.230096146464
0.24999589473,0.0,0.0,-0.231998801231
0.249979652464,0.0,0.0,-0.217373251915
0.25,0.0,0.0,-0.225488632917
0.249936841428,0.0,0.0,-0.0156911537051
0.249994903803,0.0,0.0,-0.110719934106
0.249999769032,0.0,0.0,0.189664527774
0.249998956919,0.0,0.0,0.177437961102
0.249948270619,0.0,0.0,-0.150206953287
0.249955810606,0.0,0.0,-0.0831035077572
0.249997116625,0.0,0.0,-0.0262367706746
0.24997022748,0.0,0.0,-0.0851768627763
0.248691350222,0.0,0.0,0.0446811951697
0.2393790856,0.0,0.0,0.0104971127585
0.194471806288,0.0,0.0,-0.0752090662718
0.15436992608,0.0,0.0,-0.167352855206
0.136165802367,0.0,0.0,-0.119138501585
0.118869423401,0.0,0.0,-0.0671553611755
0.0986559204757,0.0,0.0,-0.122818365693
0.0597120374441,0.0,0.0,0.00281316647306
0.0697146318853,0.0,0.0,-0.158746004105
0.0757652558386,0.0,0.0,-0.188860833645
0.0590691864491,0.0,0.0,-0.173210799694
0.0433573275805,0.0,0.0,-0.21143835783
0.0389053002,0.0,0.0,-0.22304469347
0.0365822911263,0.0,0.0,-0.228517249227
0.0283602029085,0.0,0.0,-0.239196375012
0.0219052806497,0.0,0.0,-0.245291233063
0.0175391808152,0.0,0.0,-0.247497260571
0.0136044621468,0.0,0.0,-0.248729929328
0.0102217644453,0.0,0.0,-0.24929793179
0.00803814828396,0.0,0.0,-0.248965159059
0.00789701193571,0.0,0.0,-0.246146664023
0.00456143915653,0.0,0.0,-0.248458281159
0.00833816081285,0.0,0.0,0.221817016602
0.0161998346448,0.0,0.0,0.226426720619
0.00472486019135,0.0,0.0,-0.0965909287333
0.00646435469389,0.0,0.0,-0.131752476096
0.0110199972987,0.0,0.0,-0.109055623412
0.00869578123093,0.0,0.0,-0.115587346256
0.017803825438,0.0,0.0,0.0778450295329
0.0104247480631,0.0,0.0,0.199938833714
0.0038618221879,0.0,0.0,0.163605868816
0.00311557203531,0.0,0.0,0.132274717093
0.00532257556915,0.0,0.0,-0.117311276495
0.00532741099596,0.0,0.0,-0.172681227326
0.0130381584167,0.0,0.0,-0.0518856085837
0.0109271034598,0.0,0.0,-0.083314999938
0.00683273375034,0.0,0.0,-0.120723351836
0.0114963203669,0.0,0.0,0.0635871067643
0.0164716541767,0.0,0.0,0.20529717207
0.0042681992054,0.0,0.0,0.179800271988
0.00261192023754,0.0,0.0,0.169381380081
0.00714490562677,0.0,0.0,0.131275206804
0.0103209987283,0.0,0.0,-0.0535126551986
0.00813137739897,0.0,0.0,-0.0829503387213
0.0120906680822,0.0,0.0,0.210683390498
0.0136001184583,0.0,0.0,0.244052916765
0.00914613902569,0.0,0.0,0.227002590895
0.00533244758844,0.0,0.0,0.177455335855
0.0557269155979,0.0,0.0,-0.0928277298808
0.00780199468136,0.0,0.0,-0.249225392938
0.00793588161469,0.0,0.0,-0.247067674994
0.0110678821802,0.0,0.0,-0.213386371732
0.00517252832651,0.0,0.0,-0.226322874427
0.00071057677269,0.0,0.0,0.218958646059
0.0221127569675,0.0,0.0,0.238677769899
0.0270153433084,0.0,0.0,0.210335195065
0.00885657966137,0.0,0.0,-0.00357227679342
0.00557139515877,0.0,0.0,0.241159781814
0.00078596919775,0.0,0.0,0.18513122201
0.0203088521957,0.0,0.0,-0.248693302274
0.0112446174026,0.0,0.0,-0.230182960629
0.0178602039814,0.0,0.0,0.0179918892682
0.0152054950595,0.0,0.0,0.0793335661292
0.00509889423847,0.0,0.0,-0.216842234135
0.0154231414199,0.0,0.0,-0.24001994729
0.0184366255999,0.0,0.0,-0.110108308494
2.70530581474e-05,0.0,0.0,0.222958564758
0.0483632534742,0.0,0.0,0.236750587821
0.0264034867287,0.0,0.0,0.170383393764
0.0210580676794,0.0,0.0,0.155067801476
0.000477269291878,0.0,0.0,0.174254104495
0.0169216990471,0.0,0.0,-0.234014213085
0.00953175127506,0.0,0.0,-0.184452265501
0.012214243412,0.0,0.0,0.157976165414
0.00416907668114,0.0,0.0,0.119679197669
0.00226231664419,0.0,0.0,-0.178546577692
0.00369783490896,0.0,0.0,-0.0281537659466
0.00256882607937,0.0,0.0,0.11947991699
0.000711880624294,0.0,0.0,0.0086264796555
0.000954046845436,0.0,0.0,-0.0470032952726
0.00133018195629,0.0,0.0,0.0328574702144
0.000311762094498,0.0,0.0,0.156828701496
0.00151900947094,0.0,0.0,0.0775855630636
0.00330773741007,0.0,0.0,0.00498585682362
0.0043733716011,0.0,0.0,0.0805205106735
0.00678458809853,0.0,0.0,0.0485634617507
0.00667475908995,0.0,0.0,-0.0497116781771
0.0068517178297,0.0,0.0,-0.0941707491875
0.00724922865629,0.0,0.0,-0.0920517742634
0.00540859252214,0.0,0.0,-0.0183780174702
0.00186313688755,0.0,0.0,0.101373158395
0.00136993825436,0.0,0.0,0.0921715572476
0.00211495906115,0.0,0.0,0.0674950256944
0.00240809470415,0.0,0.0,-0.0575581640005
0.00337667763233,0.0,0.0,-0.221056953073
0.00216513872147,0.0,0.0,-0.00981406122446
0.00109905749559,0.0,0.0,0.101982049644
0.00109070539474,0.0,0.0,0.0969231650233
0.000947095453739,0.0,0.0,0.100487612188
0.00123716890812,0.0,0.0,0.0553000532091
0.0018460303545,0.0,0.0,-0.107351921499
0.00119644403458,0.0,0.0,-0.212445244193
0.000554956495762,0.0,0.0,0.00726978341118
0.000428766012192,0.0,0.0,0.0617566592991
0.000202849507332,0.0,0.0,0.214863836765
0.000210285186768,0.0,0.0,0.141087085009
0.000722035765648,0.0,0.0,0.110542230308
0.00118237733841,0.0,0.0,-0.216367855668
0.00154006481171,0.0,0.0,-0.112420156598
0.000753954052925,0.0,0.0,0.0871207863092
0.000388488173485,0.0,0.0,0.101514942944
0.000347331166267,0.0,0.0,-0.0979593470693
0.000331290066242,0.0,0.0,-0.159712940454
0.000222936272621,0.0,0.0,0.0587134696543
0.000110894441605,0.0,0.0,-0.0575517565012
8.03470611572e-05,0.0,0.0,-0.0817350447178
4.89056110382e-05,0.0,0.0,-0.0735607594252
0.0,0.0,0.0,0.0
0.0,86.007688,0.0,0.0
1.90064311028e-05,0.0,0.0,-0.101868368685
0.140966225415,0.0,0.0,0.249899163842
0.177634786814,0.0,0.0,0.238267332315
0.241422191262,0.0,0.0,0.249933496118
0.249322228134,0.0,0.0,0.249941200018
0.240028567612,0.0,0.0,-0.0290028918535
0.23819475621,0.0,0.0,0.239924579859
0.248027123511,0.0,0.0,0.237999886274
0.249996073544,0.0,0.0,0.237241029739
0.249999821186,0.0,0.0,-0.181038185954
0.25,0.0,0.0,-0.245967388153
0.249997794628,0.0,0.0,0.0444982014596
0.24875471741,0.0,0.0,0.0579639039934
0.169526491314,0.0,0.0,0.181443035603
0.0913797356188,0.0,0.0,-0.214020699263
0.00192184746265,0.0,0.0,0.22193852067
0.0,0.0,0.0,0.0
0.0,15.19373,0.0,0.0
0.00433311611414,0.0,0.0,0.245456278324
0.0278814658523,0.0,0.0,0.237747877836
0.248275712132,0.0,0.0,0.249970600009
0.249454468489,0.0,0.0,0.249932080507
0.247984282672,0.0,0.0,0.24717541039
0.236268930137,0.0,0.0,-0.0164887793362
0.249997250736,0.0,0.0,0.129044547677
0.25,0.0,0.0,0.248787075281
0.249999962747,0.0,0.0,-0.129754334688
0.249998763204,0.0,0.0,0.174756646156
0.249990202487,0.0,0.0,0.0911666974425
0.249153368175,0.0,0.0,-0.226898416877
0.239740759134,0.0,0.0,-0.222752198577
0.0897036977112,0.0,0.0,0.076280079782
0.0127496123314,0.0,0.0,0.186491534114
0.0819137990475,0.0,0.0,0.176168143749
0.218220844865,0.0,0.0,0.21789316833
0.229645974934,0.0,0.0,0.170673280954
0.241760887206,0.0,0.0,-0.00307382433675
0.23955078423,0.0,0.0,0.244214102626
0.245957233012,0.0,0.0,0.0185592789203
0.237712293863,0.0,0.0,-0.25
0.0417002886534,0.0,0.0,-0.247606158257
8.98167490959e-05,0.0,0.0,-0.249670669436
0.238216750324,0.0,0.0,-0.247187763453
0.249999679625,0.0,0.0,-0.104342281818
0.0,0.0,0.0,0.0
0.0,16.468663,0.0,0.0
0.0023820400238,0.0,0.0,0.242407932878
0.0626248717308,0.0,0.0,0.248665422201
0.106012810022,0.0,0.0,0.165062814951
0.249815136194,0.0,0.0,0.24735686183
0.153320590034,0.0,0.0,0.24432310462
0.0475807934999,0.0,0.0,0.21709561348
0.249981559813,0.0,0.0,0.120064407587
0.249995976686,0.0,0.0,0.247307762504
0.25,0.0,0.0,-0.00359491817653
0.127844081027,0.0,0.0,-0.0128549709916
0.249993212521,0.0,0.0,-0.0763937085867
0.190104611218,0.0,0.0,-0.125395104289
0.229352690279,0.0,0.0,0.0824632197618
0.149191645905,0.0,0.0,-0.129601180553
0.249254859984,0.0,0.0,-0.236533626914
0.131100070663,0.0,0.0,0.058543715626
0.199802748859,0.0,0.0,0.21493512392
0.0394011437893,0.0,0.0,-0.235663190484
0.203057602048,0.0,0.0,-0.144224092364
0.124848667605,0.0,0.0,0.249577611685
0.202119275928,0.0,0.0,0.230176672339
0.237389758229,0.0,0.0,0.248486056924
0.166479308158,0.0,0.0,0.07014721632
0.0,0.0,0.0,0.0
0.0,16.66872,0.0,0.0
1.65104866028e-05,0.0,0.0,0.230952009559
0.00852821022272,0.0,0.0,0.24912878871
0.00203531235456,0.0,0.0,0.249869242311
0.213551238179,0.0,0.0,0.159163743258
0.249866403639,0.0,0.0,0.249994218349
0.246775642037,0.0,0.0,0.203858286142
0.249880336225,0.0,0.0,0.245088294148
0.243679560721,0.0,0.0,0.209594368935
0.249910973012,0.0,0.0,0.210005655885
0.249971926212,0.0,0.0,-0.0125320032239
0.24999922514,0.0,0.0,-0.202387660742
0.249964222312,0.0,0.0,0.113332338631
0.249999813735,0.0,0.0,-0.0439170114696
0.249168127775,0.0,0.0,-0.216088861227
0.239318609238,0.0,0.0,0.0462226681411
0.00781479477882,0.0,0.0,-0.126813203096
0.20706756413,0.0,0.0,-0.182148844004
0.236753545702,0.0,0.0,0.241441562772
0.0334166288376,0.0,0.0,0.235890075564
0.0985875837505,0.0,0.0,-0.20566084981
0.249362021685,0.0,0.0,0.243667215109
0.249895654619,0.0,0.0,0.246248498559
0.249208159745,0.0,0.0,-0.0199782308191
0.0,0.0,0.0,0.0
0.0,14.442977,0.0,0.0
0.248204000294,0.0,0.0,0.184274256229
0.0193110927939,0.0,0.0,-0.0916180163622
0.240141890943,0.0,0.0,-0.00807439535856
0.242969200015,0.0,0.0,0.249914705753
0.204275786877,0.0,0.0,0.235172048211
0.243954159319,0.0,0.0,0.248248562217
0.248561248183,0.0,0.0,0.23403044045
0.195041596889,0.0,0.0,0.249752223492
0.24543556571,0.0,0.0,0.244379281998
0.245075367391,0.0,0.0,-0.0965260788798
0.249999590218,0.0,0.0,0.193476364017
0.249999776483,0.0,0.0,0.240013763309
0.249999970198,0.0,0.0,-0.233330011368
0.249999858439,0.0,0.0,-0.243311047554
0.249989129603,0.0,0.0,0.0269301589578
0.247813791037,0.0,0.0,-0.0554744414985
0.248951241374,0.0,0.0,-0.197015538812
0.229902692139,0.0,0.0,0.123537696898
0.149452457204,0.0,0.0,-0.0453929752111
0.0407375618815,0.0,0.0,-0.187915816903
0.0,0.0,0.0,0.0
0.0,12.578212,0.0,0.0
0.0419196486473,0.0,0.0,0.248619154096
0.209949716926,0.0,0.0,0.249512031674
0.201090246439,0.0,0.0,0.242722779512
0.249689109623,0.0,0.0,0.249425336719
0.240551479161,0.0,0.0,0.218423813581
0.249972842634,0.0,0.0,0.247876346111
0.25,0.0,0.0,0.247562155128
0.249891154468,0.0,0.0,-0.187542229891
0.117200684734,0.0,0.0,-0.0587631575763
0.226467356086,0.0,0.0,0.125206068158
0.249982342124,0.0,0.0,-0.135724797845
0.248316757381,0.0,0.0,-0.244809240103
0.155044650659,0.0,0.0,-0.00177767116111
0.0399983301759,0.0,0.0,0.22047804296
0.19966340065,0.0,0.0,0.0166822355241
0.165642254055,0.0,0.0,0.133776813745
0.161524105817,0.0,0.0,0.245089486241
0.182023402303,0.0,0.0,0.239603281021
0.0,0.0,0.0,0.0
0.0,11.986458,0.0,0.0
0.249189049006,0.0,0.0,-0.0747047066689
0.0933706350625,0.0,0.0,0.249155387282
0.0292170271277,0.0,0.0,0.246880248189
0.101596834138,0.0,0.0,0.212786242366
0.248901598155,0.0,0.0,0.248781055212
0.224518559873,0.0,0.0,0.245401725173
0.247672364116,0.0,0.0,0.249893918633
0.247927054763,0.0,0.0,0.224221527576
0.249990195036,0.0,0.0,-0.155421584845
0.249915495515,0.0,0.0,-0.239829316735
0.249948091805,0.0,0.0,0.0200499109924
0.249996967614,0.0,0.0,0.113013952971
0.249999605119,0.0,0.0,0.0100892269984
0.249999828637,0.0,0.0,-0.119498424232
0.249560698867,0.0,0.0,-0.232039988041
0.249083817005,0.0,0.0,-0.0933961421251
0.0213250666857,0.0,0.0,0.202086955309
0.0,0.0,0.0,0.0
0.0,11.559188,0.0,0.0
0.0229279249907,0.0,0.0,0.249105647206
0.0523879677057,0.0,0.0,0.249803051353
0.167194757611,0.0,0.0,0.247379660606
0.213519468904,0.0,0.0,0.249998688698
0.249199964106,0.0,0.0,0.20975394547
0.249036587775,0.0,0.0,0.22417704761
0.24360281229,0.0,0.0,0.245565921068
0.249989338219,0.0,0.0,0.233121439815
0.249999806285,0.0,0.0,-0.246895104647
0.249999634922,0.0,0.0,-0.200405448675
0.238871708512,0.0,0.0,0.150428339839
0.249961808324,0.0,0.0,0.0932227894664
0.248340345919,0.0,0.0,-0.234687641263
0.231669522822,0.0,0.0,-0.235563322902
0.247110620141,0.0,0.0,0.219988211989
0.000491805374622,0.0,0.0,0.243609160185
0.0,0.0,0.0,0.0
0.0,10.287744,0.0,0.0
0.00151167064905,0.0,0.0,0.2488887012
0.0250618457794,0.0,0.0,0.246491208673
0.0220827311277,0.0,0.0,0.249595880508
0.116635806859,0.0,0.0,0.244523525238
0.225297905505,0.0,0.0,-0.146995291114
0.21164740622,0.0,0.0,0.242014110088
0.130817543715,0.0,0.0,0.247845485806
0.228672504425,0.0,0.0,0.248846918344
0.243340075016,0.0,0.0,0.141696751118
0.249999910593,0.0,0.0,-0.156627550721
0.249999970198,0.0,0.0,0.181398391724
0.249999947846,0.0,0.0,0.146364733577
0.249965392053,0.0,0.0,-0.17654311657
0.249986633658,0.0,0.0,0.0315064825118
0.239396877587,0.0,0.0,-0.124604798853
0.213915482163,0.0,0.0,-0.216665387154
0.104508155957,0.0,0.0,-0.0998686701059
0.187500841916,0.0,0.0,0.143348008394
0.248350568116,0.0,0.0,0.241022929549
0.188248082995,0.0,0.0,0.172071397305
0.0629153102636,0.0,0.0,0.149309620261
0.0,0.0,0.0,0.0
0.0,13.189333,0.0,0.0
0.00104000419378,0.0,0.0,0.249698862433
0.0746739804745,0.0,0.0,0.247147798538
0.0933464504778,0.0,0.0,0.247473448515
0.215587154031,0.0,0.0,0.24660615623
0.249467521906,0.0,0.0,0.247111290693
0.246701158583,0.0,0.0,0.240943089128
0.248488001525,0.0,0.0,0.226589128375
0.249886661768,0.0,0.0,0.218791171908
0.249999843538,0.0,0.0,0.0117522850633
0.249999172986,0.0,0.0,-0.131119370461
0.24994096905,0.0,0.0,-0.0225808694959
0.249831072986,0.0,0.0,0.0881774127483
0.249270692468,0.0,0.0,-0.154958248138
0.249171838164,0.0,0.0,-0.234718218446
0.0617040991783,0.0,0.0,0.0111608216539
0.14181724377,0.0,0.0,0.211643874645
0.201112955809,0.0,0.0,-0.149868577719
0.101431334391,0.0,0.0,0.0922000482678
0.0919553376734,0.0,0.0,0.243262141943
0.134533105418,0.0,0.0,0.247518181801
0.247580312192,0.0,0.0,0.237183749676
0.249900467694,0.0,0.0,0.230619311333
0.0,0.0,0.0,0.0
0.0,13.991574,0.0,0.0
0.248001694679,0.0,0.0,0.11732955277
0.24257338047,0.0,0.0,0.249814197421
0.0459950566292,0.0,0.0,0.242018043995
0.249875955284,0.0,0.0,0.249970585108
0.248049803078,0.0,0.0,0.204682528973
0.248460747302,0.0,0.0,0.24743847549
0.249981403351,0.0,0.0,0.138275235891
0.24929677695,0.0,0.0,0.239569485188
0.249999992549,0.0,0.0,-0.188750118017
0.249999992549,0.0,0.0,-0.186932057142
0.249765507877,0.0,0.0,0.213388264179
0.249950319529,0.0,0.0,-0.190558165312
0.249993160367,0.0,0.0,-0.0156349372119
0.236066140234,0.0,0.0,-0.0125565063208
0.249395616353,0.0,0.0,0.0526875294745
0.249726422131,0.0,0.0,0.170211911201
0.248482078314,0.0,0.0,-0.228904724121
0.243031151593,0.0,0.0,-0.193306714296
0.249856248498,0.0,0.0,0.245045810938
0.00246501713991,0.0,0.0,0.149976044893
0.0,0.0,0.0,0.0
0.0,15.028027,0.0,0.0
0.00143305212259,0.0,0.0,0.247796446085
0.0489192605019,0.0,0.0,0.249924868345
0.236825607717,0.0,0.0,0.204901516438
0.0153265893459,0.0,0.0,0.249997586012
0.0029009282589,0.0,0.0,0.219139277935
0.248823188245,0.0,0.0,0.24976529181
0.249793849885,0.0,0.0,0.121710151434
0.249999649823,0.0,0.0,0.2466442734
0.249999903142,0.0,0.0,-0.0895841047168
0.249998606741,0.0,0.0,-0.122662082314
0.181505862623,0.0,0.0,0.236338973045
0.247635632753,0.0,0.0,0.185043931007
0.249987155199,0.0,0.0,-0.248601764441
0.239116296172,0.0,0.0,-0.227044194937
0.0910380482674,0.0,0.0,-0.0280328020453
0.190948560834,0.0,0.0,0.0580473467708
0.0499828904867,0.0,0.0,-0.216738685966
0.143115216866,0.0,0.0,-0.225239127874
0.127384928288,0.0,0.0,0.248135909438
0.0176486223936,0.0,0.0,0.245432689786
0.0575252100825,0.0,0.0,0.0939130112529
0.222925767303,0.0,0.0,0.237350508571
0.230410352349,0.0,0.0,0.221022874117
0.245962277055,0.0,0.0,0.239721983671
0.249874964356,0.0,0.0,0.0991848781705
0.000632703304291,0.0,0.0,-0.249907597899
0.000794395804405,0.0,0.0,-0.249918699265
0.247827753425,0.0,0.0,-0.246627107263
0.249999985099,0.0,0.0,-0.249329820275
0.249999836087,0.0,0.0,-0.243767008185
0.249955065548,0.0,0.0,-0.247693225741
0.248759075999,0.0,0.0,-0.243134960532
3.51145863533e-05,0.0,0.0,0.0286305490881
0.249999940395,0.0,0.0,0.075532913208
0.238376244903,0.0,0.0,-0.0109792239964
0.0,0.0,0.0,0.0
0.0,21.493851,0.0,0.0
0.127930871211,0.0,0.0,0.248850703239
0.0132102221251,0.0,0.0,0.236489415169
0.122127293842,0.0,0.0,0.233326971531
0.228781528771,0.0,0.0,0.151502281427
0.248221859336,0.0,0.0,0.237670361996
0.242091014981,0.0,0.0,0.197493091226
0.24362642318,0.0,0.0,0.242951214314
0.249682120979,0.0,0.0,0.218755066395
0.24999909848,0.0,0.0,0.219668731093
0.249722883105,0.0,0.0,0.227304562926
0.249946884811,0.0,0.0,-0.231005519629
0.224468052387,0.0,0.0,-0.249521553516
0.248257480562,0.0,0.0,0.107979230583
0.229044243693,0.0,0.0,-0.0237043946981
0.195388615131,0.0,0.0,-0.247249275446
0.126692999504,0.0,0.0,-0.137429535389
0.152129059657,0.0,0.0,0.241325601935
0.0368213132024,0.0,0.0,0.246262133121
0.0318281054497,0.0,0.0,-0.0795580670238
0.222718320787,0.0,0.0,0.239897966385
0.249485991895,0.0,0.0,0.248655617237
0.245705395937,0.0,0.0,0.105080805719
0.220949433744,0.0,0.0,0.235531374812
0.0742522291839,0.0,0.0,-0.210349082947
0.24993250519,0.0,0.0,-0.242201820016
0.249998763204,0.0,0.0,-0.248372823
0.0554043203592,0.0,0.0,-0.249966710806
0.248518168926,0.0,0.0,-0.224143713713
0.25,0.0,0.0,-0.249795436859
0.225187428296,0.0,0.0,-0.141645044088
0.248488679528,0.0,0.0,0.171458572149
0.249999985099,0.0,0.0,0.160702317953
0.25,0.0,0.0,-0.108073860407
0.0320946648717,0.0,0.0,-0.105001144111
0.249999992549,0.0,0.0,-0.11934478581
0.249636650085,0.0,0.0,-0.248096495867
0.249981656671,0.0,0.0,-0.23131839931
0.25,0.0,0.0,-0.182297497988
0.249998539686,0.0,0.0,0.0239415857941
0.25,0.0,0.0,0.0109882447869
0.249999389052,0.0,0.0,0.086421392858
0.249997571111,0.0,0.0,0.0544772967696
0.249972611666,0.0,0.0,-0.145298451185
0.249745301902,0.0,0.0,-0.0690518021584
0.249304607511,0.0,0.0,-0.0360823050141
0.236179567873,0.0,0.0,-0.0223447512835
0.215785071254,0.0,0.0,-0.0771670043468
0.182409267873,0.0,0.0,-0.144465520978
0.125992677757,0.0,0.0,-0.147420585155
0.130933538545,0.0,0.0,0.0447344630957
0.0616847425699,0.0,0.0,-0.151000022888
0.0324698835611,0.0,0.0,-0.228764221072
0.0533006042242,0.0,0.0,-0.195383325219
0.0471042245626,0.0,0.0,-0.194809839129
0.0317687243223,0.0,0.0,-0.230485066772
0.0234248563647,0.0,0.0,-0.241948887706
0.0238172188401,0.0,0.0,-0.24591833353
0.0149627998471,0.0,0.0,-0.248792424798
0.00996112078428,0.0,0.0,-0.248831495643
0.00677639991045,0.0,0.0,-0.243294432759
0.00339785963297,0.0,0.0,-0.225965410471
0.000425793230534,0.0,0.0,0.226265788078
0.00848949700594,0.0,0.0,0.231562331319
0.00704662501812,0.0,0.0,0.206302016973
0.00158217549324,0.0,0.0,-0.00911099649966
0.00430577993393,0.0,0.0,0.199030458927
0.000340431928635,0.0,0.0,0.227880418301
0.023343347013,0.0,0.0,0.20065189898
0.00121926516294,0.0,0.0,-0.243701860309
0.00218339264393,0.0,0.0,-0.234573110938
0.00138556957245,0.0,0.0,0.0727968961
0.000300571322441,0.0,0.0,0.143223673105
0.000226564705372,0.0,0.0,-0.0176880788058
0.000388562679291,0.0,0.0,-0.0405746400356
0.000148132443428,0.0,0.0,0.0571529380977
0.000127084553242,0.0,0.0,0.0705310180783
0.000128507614136,0.0,0.0,0.0472460798919
0.000236995518208,0.0,0.0,0.117037571967
0.000234425067902,0.0,0.0,0.10868344456
0.000770449638367,0.0,0.0,0.0581481717527
0.000969178974628,0.0,0.0,0.00182935316116
0.0012789145112,0.0,0.0,-0.0633546561003
0.00139256566763,0.0,0.0,-0.0724800303578
0.000650525093079,0.0,0.0,0.011825254187
0.000396341085434,0.0,0.0,0.00612244335935
0.000289656221867,0.0,0.0,-0.109355084598
0.000244617462158,0.0,0.0,-0.0219749808311
0.000186502933502,0.0,0.0,0.191414058208
0.000225901603699,0.0,0.0,0.190228015184
0.000643618404865,0.0,0.0,0.106521762908
0.00100276619196,0.0,0.0,-0.139850974083
0.00267768651247,0.0,0.0,-0.0207889098674
0.0029011964798,0.0,0.0,0.172842234373
0.00371979922056,0.0,0.0,0.046498529613
0.00713121145964,0.0,0.0,-0.187503233552
0.0135631933808,0.0,0.0,-0.159720540047
0.0145864412189,0.0,0.0,0.0667119845748
0.00913558900356,0.0,0.0,0.063566736877
0.00728150457144,0.0,0.0,-0.140050113201
0.00855793058872,0.0,0.0,-0.15819388628
0.00669042766094,0.0,0.0,0.0715807974339
0.00472690165043,0.0,0.0,0.102510951459
0.00439039617777,0.0,0.0,-0.108855456114
0.00381387025118,0.0,0.0,-0.14553514123
0.00525910407305,0.0,0.0,0.0288600698113
0.00466457754374,0.0,0.0,0.0237202588469
0.00452903658152,0.0,0.0,-0.127095282078
0.0055830180645,0.0,0.0,-0.118426345289
0.00619545578957,0.0,0.0,0.023189490661
0.00565493106842,0.0,0.0,0.0406383834779
0.0044791251421,0.0,0.0,-0.211870774627
0.00429072231054,0.0,0.0,-0.223344549537
0.00331421941519,0.0,0.0,-0.0412233099341
0.00167073309422,0.0,0.0,-0.0514790602028
0.000354915857315,0.0,0.0,0.0964616015553
0.000549808144569,0.0,0.0,-0.0670693963766
0.000491440296173,0.0,0.0,-0.148000568151
0.000408247113228,0.0,0.0,-0.0401909425855
0.000269122421741,0.0,0.0,-0.00206210627221
0.000158160924911,0.0,0.0,-0.12109798938
0.000202596187592,0.0,0.0,-0.183563813567
0.000103794038296,0.0,0.0,-0.0328671783209
1.97365880013e-05,0.0,0.0,0.230740189552
0.00856865942478,0.0,0.0,0.249359056354
0.00842982530594,0.0,0.0,0.243799865246
0.000591717660427,0.0,0.0,0.17388728261
0.0239556506276,0.0,0.0,-0.243807226419
0.0158910155296,0.0,0.0,-0.111925251782
0.0193567126989,0.0,0.0,0.0998401418328
0.017688781023,0.0,0.0,0.0804546996951
0.00889503955841,0.0,0.0,-0.201088488102
0.00910148769617,0.0,0.0,-0.203810080886
0.0116806030273,0.0,0.0,0.0184895247221
0.00528044998646,0.0,0.0,-0.00806640367955
0.0143330022693,0.0,0.0,-0.230303809047
0.0150250196457,0.0,0.0,-0.244484394789
0.00010684877634,0.0,0.0,0.211561560631
0.00555301457644,0.0,0.0,0.249537304044
0.0156036168337,0.0,0.0,0.0956448912621
0.0194140449166,0.0,0.0,0.154195606709
0.00279399007559,0.0,0.0,0.2339848876
0.0422333031893,0.0,0.0,0.163688629866
0.00814803689718,0.0,0.0,-0.240467250347
0.0108600407839,0.0,0.0,-0.214531749487
0.0275318622589,0.0,0.0,0.0769958719611
0.0290607661009,0.0,0.0,0.140050068498
0.0132695361972,0.0,0.0,-0.0977945923805
0.0144842788577,0.0,0.0,-0.0655321627855
0.0255975201726,0.0,0.0,0.136591926217
0.0165432095528,0.0,0.0,0.135577216744
0.0123842805624,0.0,0.0,-0.0260295383632
0.0157703459263,0.0,0.0,-0.0192028731108
0.0191757008433,0.0,0.0,0.0980013757944
0.017183214426,0.0,0.0,0.130013138056
0.014828234911,0.0,0.0,0.0898401066661
0.0165741965175,0.0,0.0,-0.0625124722719
0.0136446133256,0.0,0.0,-0.191438809037
0.0165310576558,0.0,0.0,0.0274047628045
0.0152081772685,0.0,0.0,0.150705784559
0.0104408860207,0.0,0.0,0.0383919775486
0.0103911533952,0.0,0.0,-0.206460833549
0.0188476145267,0.0,0.0,-0.076987683773
0.0263700932264,0.0,0.0,0.132766216993
0.0207437053323,0.0,0.0,0.0820393487811
0.0151606425643,0.0,0.0,-0.112105816603
0.0214259847999,0.0,0.0,-0.103293277323
0.0365308374166,0.0,0.0,0.118507020175
0.0344864800572,0.0,0.0,0.104131393135
0.0175203680992,0.0,0.0,-0.103622227907
0.0223135128617,0.0,0.0,-0.0635733529925
0.0477925240993,0.0,0.0,0.182740271091
0.052061483264,0.0,0.0,0.173286706209
0.0314137935638,0.0,0.0,-0.0102796927094
0.0335407108068,0.0,0.0,-0.104990579188
0.0602849051356,0.0,0.0,0.161119177938
0.0648530460894,0.0,0.0,0.194852262735
0.0485311150551,0.0,0.0,-0.08078443259
0.0489370524883,0.0,0.0,-0.163688793778
0.0602279603481,0.0,0.0,0.13193719089
0.0730164833367,0.0,0.0,0.165976658463
0.0400644764304,0.0,0.0,-0.143593817949
0.0318478047848,0.0,0.0,-0.205967724323
0.0644558407366,0.0,0.0,0.165443450212
0.0593106001616,0.0,0.0,0.181960389018
0.0279624983668,0.0,0.0,-0.211511671543
0.0218835026026,0.0,0.0,-0.229441091418
0.0456897765398,0.0,0.0,0.124895334244
0.0376691669226,0.0,0.0,0.122520498931
0.0108733102679,0.0,0.0,-0.215162470937
0.0104691833258,0.0,0.0,-0.223053216934
0.0272645279765,0.0,0.0,0.100275576115
0.0179967135191,0.0,0.0,0.136884242296
0.00513325631618,0.0,0.0,-0.235272288322
0.00710961222649,0.0,0.0,-0.192666068673
0.00659436732531,0.0,0.0,0.161517068744
0.00359582901001,0.0,0.0,0.147773563862
0.00364509224892,0.0,0.0,0.124362371862
0.00711477547884,0.0,0.0,0.0694479048252
0.0104317814112,0.0,0.0,-0.0589438416064
0.0160294696689,0.0,0.0,-0.09728448838
0.0231380984187,0.0,0.0,0.156735569239
0.0284013450146,0.0,0.0,0.169028669596
0.0124342441559,0.0,0.0,-0.192568987608
0.0146041065454,0.0,0.0,-0.193297713995
0.0244651064277,0.0,0.0,0.108822725713
0.0189882963896,0.0,0.0,0.10250338167
0.0100943744183,0.0,0.0,-0.205038756132
0.0109022632241,0.0,0.0,-0.111365318298
0.0066149905324,0.0,0.0,-0.145708143711
0.0028644874692,0.0,0.0,-0.0287649165839
0.00109885632992,0.0,0.0,0.073648750782
0.000299535691738,0.0,0.0,0.153290733695
0.000237636268139,0.0,0.0,0.131575256586
0.000707194209099,0.0,0.0,0.139299184084
0.000944100320339,0.0,0.0,-0.136296510696
0.000944972038269,0.0,0.0,-0.203067064285
0.000477991998196,0.0,0.0,-0.0106164552271
0.000178977847099,0.0,0.0,0.011143987067
0.000160925090313,0.0,0.0,0.0238003861159
7.45803117752e-05,0.0,0.0,0.0484479852021
6.36801123619e-05,0.0,0.0,0.135074406862
4.66629862785e-05,0.0,0.0,-0.0348371863365
0.000101916491985,0.0,0.0,-0.0069182543084
5.00157475471e-05,0.0,0.0,-0.127285689116
3.50028276443e-05,0.0,0.0,-0.0630974844098
2.30297446251e-05,0.0,0.0,0.0260512419045
1.2069940567e-05,0.0,0.0,0.0745069012046
9.87201929092e-06,0.0,0.0,0.0476465150714
1.56760215759e-05,0.0,0.0,0.130572855473
1.19283795357e-05,0.0,0.0,0.11112998426
1.81496143341e-05,0.0,0.0,-0.173935383558
2.06381082535e-05,0.0,0.0,0.0376419834793
1.24499201775e-05,0.0,0.0,0.106362313032
6.303191185e-06,0.0,0.0,0.203813195229
1.4953315258e-05,0.0,0.0,0.153544664383
4.96879220009e-05,0.0,0.0,-0.0162019431591
0.000119395554066,0.0,0.0,-0.0230441242456
7.33584165573e-05,0.0,0.0,0.212084203959
0.000300385057926,0.0,0.0,0.0479717813432
0.000283896923065,0.0,0.0,0.0564765483141
0.000930704176426,0.0,0.0,0.23531883955
0.000987596809864,0.0,0.0,0.198831096292
0.0186725258827,0.0,0.0,0.179243147373
0.0179762542248,0.0,0.0,0.150028496981
0.0397050902247,0.0,0.0,0.146794393659
0.0437119007111,0.0,0.0,0.134010091424
0.0387471169233,0.0,0.0,0.13853622973
0.0342557281256,0.0,0.0,0.0563587099314
0.0393651500344,0.0,0.0,0.0723051503301
0.0432648956776,0.0,0.0,0.0447235628963
0.0485026687384,0.0,0.0,0.00326969171874
0.0574624240398,0.0,0.0,0.0512971058488
0.0600720569491,0.0,0.0,0.0375387482345
0.0524224340916,0.0,0.0,0.0356313884258
0.0532045960426,0.0,0.0,0.0354963578284
0.0564052462578,0.0,0.0,0.0456660278141
0.040156006813,0.0,0.0,-0.07954852283
0.0589620545506,0.0,0.0,0.0449427254498
0.0783662609756,0.0,0.0,0.0860756263137
0.0517911836505,0.0,0.0,0.0587080195546
0.0335910022259,0.0,0.0,0.0408447310328
0.0596678853035,0.0,0.0,0.0484811998904
0.0668893978,0.0,0.0,0.0388635545969
0.0498870536685,0.0,0.0,0.00646743923426
0.0453452020884,0.0,0.0,-0.0127691980451
0.0547569468617,0.0,0.0,-0.0253202170134
0.0614033415914,0.0,0.0,-0.00341434543952
0.0557462647557,0.0,0.0,-0.0231779608876
0.046768322587,0.0,0.0,-0.052918381989
0.0463615953922,0.0,0.0,-0.0761594623327
0.0500816553831,0.0,0.0,-0.0273526851088
0.0547746568918,0.0,0.0,-0.0229877140373
0.0410916954279,0.0,0.0,-0.0509289950132
0.0366138741374,0.0,0.0,-0.0696932077408
0.0451257824898,0.0,0.0,-0.0485390424728
0.0452472418547,0.0,0.0,-0.0238970462233
0.0323510766029,0.0,0.0,-0.0285842455924
0.0283141061664,0.0,0.0,-0.0264673475176
0.0330190658569,0.0,0.0,0.0237607955933
0.033567301929,0.0,0.0,0.0474216081202
0.0276638567448,0.0,0.0,0.0340350531042
0.0261147171259,0.0,0.0,0.00496655935422
0.0280254110694,0.0,0.0,0.0185936111957
0.03460714221,0.0,0.0,0.027330506593
0.0337034761906,0.0,0.0,0.0345946587622
0.0358998924494,0.0,0.0,0.0564157143235
0.0361380279064,0.0,0.0,0.0339348129928
0.0358035862446,0.0,0.0,-0.00727300671861
0.0362889692187,0.0,0.0,7.07572326064e-06
0.0414033979177,0.0,0.0,0.00858315546066
0.0394969061017,0.0,0.0,0.0101577816531
0.0367910861969,0.0,0.0,-0.00894549302757
0.0342767685652,0.0,0.0,-0.00977444741875
0.0320803597569,0.0,0.0,0.00126909499522
0.0300453901291,0.0,0.0,0.0193268693984
0.0237362980843,0.0,0.0,-0.0191011372954
0.0162604600191,0.0,0.0,-0.0288843531162
0.0161145925522,0.0,0.0,-0.0624912977219
0.0123158171773,0.0,0.0,-0.0025583319366
0.00797981023788,0.0,0.0,0.00850552786142
0.00422798842192,0.0,0.0,-0.00397493829951
0.0,0.0,0.0,0.0
0.0,178.740139,0.0,0.0
0.0030595138669,0.0,0.0,-0.0069579789415
0.215499594808,0.0,0.0,0.249720036983
0.204349979758,0.0,0.0,-0.217487245798
0.0252829641104,0.0,0.0,0.209614932537
0.245933502913,0.0,0.0,0.240966677666
0.216259643435,0.0,0.0,0.0324091315269
0.235300853848,0.0,0.0,0.248406767845
0.248455367982,0.0,0.0,0.202298551798
0.158691510558,0.0,0.0,0.21769939363
0.245844684541,0.0,0.0,0.176027789712
0.249958619475,0.0,0.0,0.177925169468
0.121776461136,0.0,0.0,-0.225236594677
0.248799622059,0.0,0.0,-0.220366209745
0.249814845622,0.0,0.0,0.191943496466
0.243967987597,0.0,0.0,-0.0137159796432
0.246449202299,0.0,0.0,-0.0642998293042
0.219132937491,0.0,0.0,-0.096284493804
0.000392980873585,0.0,0.0,0.230640009046
0.0,0.0,0.0,0.0
0.0,15.400591,0.0,0.0
0.000204659998417,0.0,0.0,0.248866692185
0.175845172256,0.0,0.0,0.181441992521
0.227782815695,0.0,0.0,0.227033361793
0.227062053978,0.0,0.0,0.249983653426
0.160958763212,0.0,0.0,0.227674975991
0.248392730951,0.0,0.0,0.221027314663
0.24997522682,0.0,0.0,0.0951255857944
0.25,0.0,0.0,0.176255851984
0.249057330191,0.0,0.0,0.131337836385
0.249999985099,0.0,0.0,-0.247587814927
0.148938344792,0.0,0.0,-0.0755519047379
0.152697039768,0.0,0.0,-0.173307776451
0.185628220439,0.0,0.0,-0.0579643249512
0.233961082995,0.0,0.0,0.162790507078
0.233312994242,0.0,0.0,-0.155906021595
0.152661049739,0.0,0.0,-0.186282739043
0.129975772928,0.0,0.0,0.235650539398
0.2459429726,0.0,0.0,0.249982237816
0.248535059392,0.0,0.0,0.240712344646
0.0,0.0,0.0,0.0
0.0,14.909903,0.0,0.0
3.31401824951e-05,0.0,0.0,0.224226206541
0.0938971340656,0.0,0.0,-0.217598900199
0.00641876459122,0.0,0.0,0.0156795084476
0.191896855831,0.0,0.0,-0.248282462358
0.0128419101238,0.0,0.0,0.112122453749
0.0300001502037,0.0,0.0,0.171696797013
0.00569955259562,0.0,0.0,0.127800509334
0.00699563324451,0.0,0.0,0.227152198553
0.0066370293498,0.0,0.0,0.172292262316
0.142403611913,0.0,0.0,0.0271423924714
0.247270911932,0.0,0.0,0.214678645134
0.184670459479,0.0,0.0,0.172021627426
0.248389810324,0.0,0.0,-0.136870592833
0.13823896274,0.0,0.0,0.229096636176
0.11308109574,0.0,0.0,0.0941416397691
0.233556210995,0.0,0.0,0.0437529459596
0.246919512749,0.0,0.0,-0.0813439339399
0.249722182751,0.0,0.0,0.124492965639
0.246142357588,0.0,0.0,0.122125566006
0.244470313191,0.0,0.0,0.21043497324
0.240066505969,0.0,0.0,0.180081948638
0.247030712664,0.0,0.0,-0.116383343935
0.22626298666,0.0,0.0,-0.240725651383
0.236136510968,0.0,0.0,0.230586379766
0.243886500597,0.0,0.0,0.246735453606
0.223779410124,0.0,0.0,-0.241380348802
0.0,0.0,0.0,0.0
0.0,18.119168,0.0,0.0
0.0200453922153,0.0,0.0,-0.22961679101
0.115900384262,0.0,0.0,0.248941347003
0.171398669481,0.0,0.0,0.000637254212052
0.0223838984966,0.0,0.0,-0.0185256432742
0.0729226246476,0.0,0.0,-0.145410403609
0.180570211262,0.0,0.0,-0.00132322567515
0.19879309833,0.0,0.0,0.125019833446
0.0129808112979,0.0,0.0,0.242945805192
0.0173029229045,0.0,0.0,0.24759683013
0.173637699336,0.0,0.0,0.0732413604856
0.201239436865,0.0,0.0,-0.128050893545
0.0253708511591,0.0,0.0,0.232438549399
0.227448873222,0.0,0.0,0.221534192562
0.0592530295253,0.0,0.0,0.218248784542
0.169733833522,0.0,0.0,-0.0177591703832
0.243638031185,0.0,0.0,0.244395285845
0.200348712504,0.0,0.0,0.244162857533
0.131598888896,0.0,0.0,-0.0802041515708
0.249299615622,0.0,0.0,-0.249419033527
0.190719626844,0.0,0.0,-0.181683808565
0.156384713948,0.0,0.0,0.181407064199
0.248217262328,0.0,0.0,0.159674063325
0.245846964419,0.0,0.0,0.135839223862
0.249248407781,0.0,0.0,-0.225345373154
0.0,0.0,0.0,0.0
0.0,19.12892,0.0,0.0
0.00106520205736,0.0,0.0,-0.241168677807
0.187811776996,0.0,0.0,-0.0910737589002
0.0176655948162,0.0,0.0,-0.0925770401955
0.0362109541893,0.0,0.0,0.0600295700133
0.224315963686,0.0,0.0,0.242760077119
0.243379674852,0.0,0.0,0.242930993438
0.0788943655789,0.0,0.0,0.240065515041
0.0140330046415,0.0,0.0,0.24801287055
0.0965086333454,0.0,0.0,0.246970847249
0.0360360443592,0.0,0.0,0.244368612766
0.106333978474,0.0,0.0,0.223210558295
0.170980557799,0.0,0.0,-0.113523095846
0.195424333215,0.0,0.0,-0.0487317629158
0.247070685029,0.0,0.0,-0.245842337608
0.240601465106,0.0,0.0,0.211933895946
0.243970230222,0.0,0.0,0.161074727774
0.118487653323,0.0,0.0,0.00334601989016
0.184913411736,0.0,0.0,-0.0937433838844
0.230852842331,0.0,0.0,0.0138286165893
0.0388420969248,0.0,0.0,-0.179500758648
0.22095169872,0.0,0.0,-0.194405555725
0.208915695548,0.0,0.0,-0.240678593516
0.197186648846,0.0,0.0,0.152849018574
0.0262127220631,0.0,0.0,0.241831839085
0.00110251456499,0.0,0.0,0.0874012932181
0.0178183987737,0.0,0.0,-0.0603423044086
0.00201576203108,0.0,0.0,-0.14287853241
0.000358559191227,0.0,0.0,-0.132059335709
0.00117759406567,0.0,0.0,-0.0898889303207
0.00196880102158,0.0,0.0,-0.0164124127477
0.00417330861092,0.0,0.0,0.137859597802
0.00133277475834,0.0,0.0,-0.206127211452
0.0338018834591,0.0,0.0,0.027787303552
0.160282835364,0.0,0.0,0.219428673387
0.00686582177877,0.0,0.0,0.10081705451
0.00882123410702,0.0,0.0,0.100447595119
0.0147492140532,0.0,0.0,-0.159096255898
0.00420542806387,0.0,0.0,-0.199619665742
0.0102854892612,0.0,0.0,-0.125481411815
0.00489679723978,0.0,0.0,-0.0225921496749
0.022361934185,0.0,0.0,0.233519867063
0.225407607853,0.0,0.0,0.242574796081
0.178524870425,0.0,0.0,0.103890046477
0.0113141238689,0.0,0.0,-0.0605111382902
0.004778906703,0.0,0.0,-0.030713327229
0.0386808812618,0.0,0.0,-0.155787855387
0.00830884277821,0.0,0.0,-0.191827088594
0.0160244554281,0.0,0.0,-0.180166989565
0.154949432239,0.0,0.0,0.230774074793
0.141084671021,0.0,0.0,0.231536671519
0.010869756341,0.0,0.0,0.201366186142
0.0880836173892,0.0,0.0,0.248946860433
0.0532338544726,0.0,0.0,0.24306870997
0.200464054942,0.0,0.0,-0.246104106307
0.145274890587,0.0,0.0,-0.247916445136
0.0221152603626,0.0,0.0,-0.24844776094
0.0153833553195,0.0,0.0,-0.249455183744
0.0,0.0,0.0,0.0
0.0,37.70262,0.0,0.0
0.0646167583764,0.0,0.0,0.143123954535
0.142332280055,0.0,0.0,-0.237230151892
0.0264457911253,0.0,0.0,-0.00835825316608
0.0565244480968,0.0,0.0,0.217337891459
0.0438077449799,0.0,0.0,-0.208402276039
0.189388528466,0.0,0.0,0.203232601285
0.193157866597,0.0,0.0,-0.207312688231
0.156764324754,0.0,0.0,0.22362343967
0.225716657937,0.0,0.0,0.248565375805
0.197500221431,0.0,0.0,0.143022313714
0.00871976464987,0.0,0.0,0.20618763566
0.104970449582,0.0,0.0,0.0648233443499
0.154552917928,0.0,0.0,0.215866029263
0.202520862222,0.0,0.0,-0.2076818645
0.230355799198,0.0,0.0,0.205422133207
0.00199907273054,0.0,0.0,0.17023947835
0.0176380202174,0.0,0.0,-0.0177936777472
0.0807359404862,0.0,0.0,-0.164033070207
0.120116024278,0.0,0.0,0.14907130599
0.0113985240459,0.0,0.0,0.0850725024939
0.0296204984188,0.0,0.0,-0.110329821706
0.0492254644632,0.0,0.0,-0.0858304649591
0.0689403526485,0.0,0.0,-0.0281314831227
0.0332451686263,0.0,0.0,0.0210568327457
0.000536762177944,0.0,0.0,0.168516933918
0.0370796695352,0.0,0.0,-0.01177051384
0.134050893597,0.0,0.0,-0.0780717805028
0.0772450119257,0.0,0.0,0.0236285105348
0.00754252821207,0.0,0.0,-0.0596603937447
0.10417718254,0.0,0.0,0.143695682287
0.0134392902255,0.0,0.0,0.112965479493
0.0365357249975,0.0,0.0,-0.065899066627
0.0604798272252,0.0,0.0,-0.223805993795
0.0247524902225,0.0,0.0,-0.182007133961
0.00505469739437,0.0,0.0,-0.0161935724318
0.0197948366404,0.0,0.0,-0.0624970048666
0.247038759291,0.0,0.0,-0.130684554577
0.146339057013,0.0,0.0,0.0472539588809
0.24478148669,0.0,0.0,-0.172702163458
0.0079048499465,0.0,0.0,-0.14861266315
0.0227507799864,0.0,0.0,0.245725184679
0.184366572648,0.0,0.0,0.0660708472133
0.23860912025,0.0,0.0,0.232405349612
0.0729494653642,0.0,0.0,0.0911027565598
0.0196383446455,0.0,0.0,0.248088642955
0.203165985644,0.0,0.0,0.247616931796
0.220052301884,0.0,0.0,0.0347769670188
0.233889997005,0.0,0.0,-0.248449042439
0.19770668447,0.0,0.0,-0.24979417026
0.0,0.0,0.0,0.0
0.0,32.34787,0.0,0.0
0.241739653051,0.0,0.0,-0.249562069774
0.0233025252819,0.0,0.0,-0.22069491446
0.0432834923267,0.0,0.0,0.171664699912
0.163021951914,0.0,0.0,-0.228147789836
0.131084028631,0.0,0.0,-0.112034134567
0.151410127059,0.0,0.0,-0.173215806484
0.0226903855801,0.0,0.0,0.14252948761
0.160985153168,0.0,0.0,0.244810700417
0.168322868645,0.0,0.0,-0.243383273482
0.247830159962,0.0,0.0,0.198384031653
0.246585711837,0.0,0.0,-0.104117080569
0.132594474126,0.0,0.0,0.163896292448
0.063115157187,0.0,0.0,-0.163830906153
0.246878452599,0.0,0.0,0.247272908688
0.00657421350479,0.0,0.0,-0.230351418257
0.00801204144955,0.0,0.0,-0.0990210175514
0.00993709266186,0.0,0.0,-0.240182369947
0.020523712039,0.0,0.0,0.122694008052
0.107361869887,0.0,0.0,0.193346276879
0.166568920016,0.0,0.0,-0.149649307132
0.000358037650585,0.0,0.0,0.246350094676
0.00923094153404,0.0,0.0,0.0985194891691
0.146020404994,0.0,0.0,0.0722289830446
0.0346915125847,0.0,0.0,-0.166650369763
0.0437961816788,0.0,0.0,0.238557755947
0.127114937641,0.0,0.0,0.116258651018
0.03234359622,0.0,0.0,-0.157002568245
0.0550107210875,0.0,0.0,0.122375905514
0.0998241044581,0.0,0.0,0.046793654561
0.0136544629931,0.0,0.0,0.160586223006
0.115866620094,0.0,0.0,0.0959733203053
0.0175681263208,0.0,0.0,0.219042733312
0.00269768387079,0.0,0.0,0.225520819426
0.055044747889,0.0,0.0,0.184509426355
0.0318644940853,0.0,0.0,0.147957473993
0.101144485176,0.0,0.0,0.216974064708
0.0438335090876,0.0,0.0,0.173222929239
0.0770734027028,0.0,0.0,-0.151697307825
0.243562273681,0.0,0.0,-0.128004342318
0.208287991583,0.0,0.0,-0.130638897419
0.124874360903,0.0,0.0,-0.221113413572
0.0367195010185,0.0,0.0,-0.209207713604
0.0144982039928,0.0,0.0,0.214493006468
0.0342867225409,0.0,0.0,0.23853726685
0.14862364158,0.0,0.0,0.0545735023916
0.178563002497,0.0,0.0,0.214470848441
0.160056628287,0.0,0.0,0.231957033277
0.125856101164,0.0,0.0,-0.241152882576
0.0102872028947,0.0,0.0,0.0210631974041
0.246497549117,0.0,0.0,0.0298819728196
0.0575421303511,0.0,0.0,-0.171638026834
0.0011266246438,0.0,0.0,0.233052805066
0.122166448506,0.0,0.0,-0.167496442795
0.217760205269,0.0,0.0,-0.0429944060743
0.0741220079362,0.0,0.0,-0.24414293468
0.0990190021694,0.0,0.0,0.236746639013
0.134255230427,0.0,0.0,0.242890149355
0.119577073492,0.0,0.0,0.199069112539
0.235569164157,0.0,0.0,0.0763001069427
0.245414763689,0.0,0.0,-0.101513549685
0.165689911693,0.0,0.0,-0.219060003757
0.154127184302,0.0,0.0,-0.00574323814362
0.242777198553,0.0,0.0,0.169523179531
0.249530278146,0.0,0.0,0.223412767053
0.248995162547,0.0,0.0,0.131697714329
0.203005969524,0.0,0.0,0.199546054006
0.231550350785,0.0,0.0,0.172861918807
0.248578250408,0.0,0.0,0.0665884539485
0.249545320868,0.0,0.0,-0.246116921306
0.118503291626,0.0,0.0,-0.24959692359
0.113389202394,0.0,0.0,-0.175410419703
0.194817408919,0.0,0.0,0.248858377337
0.187970519066,0.0,0.0,0.245478495955
0.0724392607808,0.0,0.0,-0.0123819420114
0.0184664577246,0.0,0.0,-0.178408414125
0.0209034532309,0.0,0.0,-0.00850298907608
0.0272280722857,0.0,0.0,0.0650905445218
0.0165695399046,0.0,0.0,-0.0841692462564
0.0224012136459,0.0,0.0,-0.167308092117
0.0137239694595,0.0,0.0,-0.127347707748
0.0139448344707,0.0,0.0,-0.102316714823
0.00975782424212,0.0,0.0,-0.161188423634
0.00939935445786,0.0,0.0,-0.18514329195
0.010566458106,0.0,0.0,-0.166826218367
0.0120670795441,0.0,0.0,-0.133451461792
0.00858630239964,0.0,0.0,-0.0520967021585
0.00747123360634,0.0,0.0,0.00389894051477
0.00873744487762,0.0,0.0,0.0281031150371
0.0132173895836,0.0,0.0,0.0478963069618
0.0147439464927,0.0,0.0,-0.0148495482281
0.00753512233496,0.0,0.0,-0.0409974642098
0.00971113145351,0.0,0.0,0.0258849915117
0.0137244090438,0.0,0.0,0.0231226440519
0.00979625433683,0.0,0.0,-0.0589470341802
0.010509967804,0.0,0.0,-0.0980525761843
0.010103777051,0.0,0.0,-0.0779148340225
0.00801880657673,0.0,0.0,-0.0116273527965
0.0,0.0,0.0,0.0
0.0,59.254122,0.0,0.0
0.00693403184414,0.0,0.0,-0.0787578821182
0.0640441291034,0.0,0.0,-0.203659921885
0.0818119980395,0.0,0.0,-0.102658078074
0.0202417820692,0.0,0.0,-0.246575132012
0.0939858555794,0.0,0.0,0.163253396749
0.0407858937979,0.0,0.0,-0.249687358737
0.0180414095521,0.0,0.0,0.0768830403686
0.0574992448092,0.0,0.0,-0.170924544334
0.139828505926,0.0,0.0,-0.144656926394
0.0886739827693,0.0,0.0,-0.208965957165
0.0112535580993,0.0,0.0,-0.169643074274
0.0140410512686,0.0,0.0,-0.201653927565
0.00676051527262,0.0,0.0,-0.217514649034
0.00797607004642,0.0,0.0,-0.249021843076
0.20224660635,0.0,0.0,-0.243418008089
0.0274545401335,0.0,0.0,-0.249490976334
0.215235203505,0.0,0.0,-0.249424949288
0.00781065225601,0.0,0.0,-0.156309664249
0.242678724229,0.0,0.0,-0.0717402994633
0.0359829813242,0.0,0.0,-0.243166059256
0.0619991496205,0.0,0.0,0.0179643128067
4.90248203278e-06,0.0,0.0,-0.243102073669
1.77100300789e-05,0.0,0.0,-0.209454596043
0.00031641125679,0.0,0.0,0.219244897366
0.0275725126266,0.0,0.0,-0.0717263519764
0.00877597928047,0.0,0.0,-0.0173363350332
0.001141525805,0.0,0.0,-0.00181501894258
0.206104196608,0.0,0.0,0.247899547219
0.0117614418268,0.0,0.0,0.208157807589
0.0,0.0,0.0,-0.249813973904
0.000767081975937,0.0,0.0,-0.249834612012
0.0227590724826,0.0,0.0,-0.244640037417
0.0423889756203,0.0,0.0,-0.245432734489
0.00247677415609,0.0,0.0,0.0147799253464
0.00152151286602,0.0,0.0,-0.23332747817
0.0805993117392,0.0,0.0,-0.046095173806
0.00306697934866,0.0,0.0,0.241785109043
0.0274918451905,0.0,0.0,-0.246977686882
0.0577740967274,0.0,0.0,-0.248695388436
0.000605404376984,0.0,0.0,-0.246873423457
0.00108817964792,0.0,0.0,-0.241707652807
0.0428515598178,0.0,0.0,-0.238067686558
0.00375315546989,0.0,0.0,-0.17948102951
0.00964944064617,0.0,0.0,-0.240285694599
0.001100435853,0.0,0.0,-0.171373158693
0.0064185410738,0.0,0.0,-0.217516094446
0.0579301267862,0.0,0.0,-0.244099766016
0.00292082130909,0.0,0.0,-0.233951494098
0.00390177220106,0.0,0.0,-0.239580184221
0.00849748402834,0.0,0.0,-0.235202461481
0.0436220988631,0.0,0.0,-0.249722331762
0.245309814811,0.0,0.0,-0.192247882485
0.215261019766,0.0,0.0,-0.10508531332
0.038531050086,0.0,0.0,-0.0193778760731
0.146112898365,0.0,0.0,-0.0194987338036
0.143639935181,0.0,0.0,0.146027296782
0.106182886288,0.0,0.0,-0.0705819427967
0.135663134977,0.0,0.0,-0.177633553743
0.0926291272044,0.0,0.0,-0.0502319931984
0.224310949445,0.0,0.0,0.231371045113
0.201488286257,0.0,0.0,0.189624249935
0.23183504492,0.0,0.0,-0.206105232239
0.152959905565,0.0,0.0,-0.18212467432
0.0323580950499,0.0,0.0,0.075316041708
0.0225423201919,0.0,0.0,0.0473434813321
0.00965249538422,0.0,0.0,0.193789884448
0.00105364620686,0.0,0.0,0.245341747999
0.0043927654624,0.0,0.0,0.0776735246181
0.102516137064,0.0,0.0,-0.0139923049137
0.107234040275,0.0,0.0,-0.21871355176
0.181361086667,0.0,0.0,-0.0573415122926
0.215857774019,0.0,0.0,0.11163238436
0.204014822841,0.0,0.0,-0.169450893998
0.0,0.0,0.0,0.0
0.0,47.663777,0.0,0.0
0.0040870308876,0.0,0.0,0.0344719029963
0.0465998649597,0.0,0.0,-0.115618184209
0.0543908849359,0.0,0.0,-0.0541180893779
0.0567268952727,0.0,0.0,-0.147578239441
0.0415533035994,0.0,0.0,-0.147318199277
0.0349832251668,0.0,0.0,-0.203904494643
0.0752168819308,0.0,0.0,-0.216038748622
0.0383288785815,0.0,0.0,-0.15095359087
0.0565661489964,0.0,0.0,-0.0721118822694
0.0588082745671,0.0,0.0,-0.0108912596479
0.0718645080924,0.0,0.0,0.0472751297057
0.0810119174421,0.0,0.0,0.0175768677145
0.0597783848643,0.0,0.0,0.0278405491263
0.0882018432021,0.0,0.0,0.0380344688892
0.075013358146,0.0,0.0,0.0406187176704
0.0888710580766,0.0,0.0,0.0588226057589
0.0825139321387,0.0,0.0,0.0657370239496
0.0784531794488,0.0,0.0,0.0327751077712
0.0595474392176,0.0,0.0,0.0649184435606
0.08667479828,0.0,0.0,0.0192228797823
0.0495855733752,0.0,0.0,0.104238502681
0.105395305902,0.0,0.0,0.0116106281057
0.115092948079,0.0,0.0,0.0172381754965
0.0940858926624,0.0,0.0,-0.108829200268
0.115400068462,0.0,0.0,-0.111274540424
0.0905505903065,0.0,0.0,-0.0990524366498
0.158988703042,0.0,0.0,0.0437360964715
0.17215911299,0.0,0.0,0.0638012439013
0.198644280434,0.0,0.0,0.129765629768
0.198628537357,0.0,0.0,0.0828689038754
0.242405995727,0.0,0.0,0.0664583817124
0.235977627337,0.0,0.0,0.075942158699
0.247954182327,0.0,0.0,-0.19397328794
0.249230712652,0.0,0.0,-0.213491380215
0.248362146318,0.0,0.0,-0.0244559887797
0.2474443838,0.0,0.0,0.177416682243
0.0,0.0,0.0,0.0
0.0,24.83451,0.0,0.0
0.00756993889809,0.0,0.0,-0.224300801754
0.0231955349445,0.0,0.0,-0.0156373046339
0.0209434628487,0.0,0.0,-0.241268530488
0.0126573815942,0.0,0.0,-0.193413838744
0.0610115379095,0.0,0.0,-0.248115226626
0.030648894608,0.0,0.0,-0.00234005460516
0.111073574051,0.0,0.0,0.170380190015
0.0146781355143,0.0,0.0,0.0853738486767
0.00639941543341,0.0,0.0,0.24804776907
0.0230467244983,0.0,0.0,-0.235649645329
0.02403254807,0.0,0.0,0.249301329255
0.00305950641632,0.0,0.0,0.239353850484
0.0929983481765,0.0,0.0,-0.0646635442972
0.157144021243,0.0,0.0,-0.119473420084
0.0355535745621,0.0,0.0,-0.216844022274
0.0126292482018,0.0,0.0,-0.245760723948
0.157610099763,0.0,0.0,0.0338250175118
0.0395643264055,0.0,0.0,-0.0731463655829
0.0548891574144,0.0,0.0,0.236640378833
0.175534971058,0.0,0.0,0.0575806088746
0.0589970201254,0.0,0.0,0.123369678855
0.215649276972,0.0,0.0,-0.219129532576
0.00494562834501,0.0,0.0,-0.186049535871
0.200339660048,0.0,0.0,0.0282037854195
0.0334709733725,0.0,0.0,0.228452950716
0.191728129983,0.0,0.0,0.233486995101
0.214019753039,0.0,0.0,0.174594759941
0.215314164758,0.0,0.0,-0.189588725567
0.0247342437506,0.0,0.0,-0.246699035168
0.0930290445685,0.0,0.0,-0.155921518803
0.0771994814277,0.0,0.0,-0.240532368422
0.243696823716,0.0,0.0,0.0208186656237
0.248955391347,0.0,0.0,0.227097019553
0.170972254127,0.0,0.0,0.174329012632
0.248855389655,0.0,0.0,0.021197238937
0.22972112149,0.0,0.0,-0.229863286018
0.241457074881,0.0,0.0,-0.218918696046
0.0,0.0,0.0,0.0
0.0,27.611027,0.0,0.0
0.0326338708401,0.0,0.0,-0.0830237045884
0.0755287520587,0.0,0.0,-0.102646052837
0.151031915098,0.0,0.0,0.194225251675
0.0185639858246,0.0,0.0,-0.14204415679
0.0688486434519,0.0,0.0,-0.139133960009
0.0111375078559,0.0,0.0,-0.0839448943734
0.0254281684756,0.0,0.0,-0.161817550659
0.0010671466589,0.0,0.0,-0.0859106108546
0.00304395705462,0.0,0.0,0.227341637015
0.0607176870108,0.0,0.0,-0.193808585405
0.157878596336,0.0,0.0,0.164282202721
0.0110474079847,0.0,0.0,0.0109455073252
0.0118171572685,0.0,0.0,0.0447173565626
0.197492584586,0.0,0.0,0.169737458229
0.034269452095,0.0,0.0,-0.0742195621133
0.0104506909847,0.0,0.0,0.208807706833
0.012476824224,0.0,0.0,-0.049051143229
0.017392732203,0.0,0.0,-0.0729779601097
0.0148270279169,0.0,0.0,-0.229727059603
0.00192686915398,0.0,0.0,-0.166296809912
0.0156070590019,0.0,0.0,-0.00726895732805
0.00200825929642,0.0,0.0,0.227529495955
0.0309421047568,0.0,0.0,0.208309933543
0.184896904975,0.0,0.0,0.181514635682
0.00535090267658,0.0,0.0,-0.207743376493
0.0352195203304,0.0,0.0,0.104616329074
0.00848308205605,0.0,0.0,-0.0147754708305
0.00550527125597,0.0,0.0,-0.19830095768
0.0114062130451,0.0,0.0,0.0957368537784
0.00547476112843,0.0,0.0,-0.172713786364
0.00217509269714,0.0,0.0,-0.185958221555
0.0175893083215,0.0,0.0,-0.242202237248
0.187808915973,0.0,0.0,0.242462933064
0.030442610383,0.0,0.0,0.234109789133
0.152286274359,0.0,0.0,0.235556900501
0.182732529938,0.0,0.0,-0.133056014776
0.151585329324,0.0,0.0,0.000435649912106
0.125593225646,0.0,0.0,-0.0593116991222
0.0343851596117,0.0,0.0,0.0537048429251
0.0113105624914,0.0,0.0,-0.0607079528272
0.0064959153533,0.0,0.0,0.127254664898
0.0100682750344,0.0,0.0,-0.203530430794
0.0198766812682,0.0,0.0,-0.0560159832239
0.00969064235687,0.0,0.0,0.0844721421599
0.00454761087894,0.0,0.0,-0.107557192445
0.0875883735716,0.0,0.0,0.172391265631
0.074521265924,0.0,0.0,-0.130632609129
0.025297999382,0.0,0.0,0.128217622638
0.0104479566216,0.0,0.0,-0.101950444281
0.0149968490005,0.0,0.0,-0.142965584993
0.0476432144642,0.0,0.0,-0.192646071315
0.122289676452,0.0,0.0,0.102114968002
0.011676646769,0.0,0.0,0.198316916823
0.186400987208,0.0,0.0,0.00279828393832
0.0990701522678,0.0,0.0,0.0188877247274
0.23833488673,0.0,0.0,-0.0543286837637
0.0129685103893,0.0,0.0,-0.181864112616
0.0843183286488,0.0,0.0,-0.230867147446
0.249836213887,0.0,0.0,0.220062375069
0.239813946187,0.0,0.0,0.239357799292
0.249305449426,0.0,0.0,0.248000368476
0.238590158522,0.0,0.0,-0.0282427761704
0.249882124364,0.0,0.0,0.0120946299285
0.0,0.0,0.0,0.0
0.0,42.795561,0.0,0.0
0.197958886623,0.0,0.0,0.248889103532
0.00427673012018,0.0,0.0,0.137524574995
0.137826658785,0.0,0.0,-0.00605758139864
0.011800698936,0.0,0.0,0.197280988097
0.0374587476254,0.0,0.0,0.221700116992
0.191555023193,0.0,0.0,0.0212996210903
0.239378288388,0.0,0.0,0.0190792493522
0.0159340724349,0.0,0.0,-0.195706143975
0.0916368737817,0.0,0.0,0.123152166605
0.203452989459,0.0,0.0,0.206983670592
0.00306981056929,0.0,0.0,-0.220507919788
0.211274705827,0.0,0.0,-0.0752431228757
0.229455664754,0.0,0.0,0.0847693607211
0.00217785686255,0.0,0.0,0.172402337193
0.200571343303,0.0,0.0,0.0564614348114
0.240468047559,0.0,0.0,-0.00183659465984
0.210771165788,0.0,0.0,0.0669576898217
0.0134890303016,0.0,0.0,-0.197470188141
0.078307364136,0.0,0.0,-0.109899327159
0.208747193217,0.0,0.0,-0.220275044441
0.136689485051,0.0,0.0,0.0658429190516
0.138100272976,0.0,0.0,-0.157253682613
0.138825288974,0.0,0.0,-0.203500285745
0.230176731944,0.0,0.0,-0.206253707409
0.0603146702051,0.0,0.0,0.0329529866576
0.183336492628,0.0,0.0,0.172179475427
0.0350349992514,0.0,0.0,0.249930068851
0.11334624514,0.0,0.0,0.224090278149
0.214728191495,0.0,0.0,0.240448251367
0.216674655676,0.0,0.0,0.235591769218
0.232115618885,0.0,0.0,-0.249451071024
0.0,0.0,0.0,0.0
0.0,22.368322,0.0,0.0
0.0462345778942,0.0,0.0,0.22233684361
0.00784286856651,0.0,0.0,0.231700494885
0.0406208485365,0.0,0.0,0.23681782186
0.170881442726,0.0,0.0,0.160522520542
0.225631117821,0.0,0.0,-0.0151446759701
0.220165580511,0.0,0.0,0.0424296185374
0.235946677625,0.0,0.0,-0.148225098848
0.207085624337,0.0,0.0,-0.135459676385
0.00878969579935,0.0,0.0,0.150258868933
0.14291944541,0.0,0.0,0.0837359279394
0.160517867655,0.0,0.0,-0.0713278129697
0.173269938678,0.0,0.0,-0.0733257383108
0.191097468138,0.0,0.0,-0.0719442591071
0.177852027118,0.0,0.0,-0.122286848724
0.0167664662004,0.0,0.0,0.0351558327675
0.13491176255,0.0,0.0,-0.0806154832244
0.162570860237,0.0,0.0,0.0515817254782
0.222849860787,0.0,0.0,-0.147184759378
0.0458287745714,0.0,0.0,-0.197046026587
0.00889916718006,0.0,0.0,-0.20655824244
0.202971458435,0.0,0.0,-0.141159623861
0.0329531729221,0.0,0.0,0.24914996326
0.00972922891378,0.0,0.0,0.20712415874
0.0234723836184,0.0,0.0,0.238322257996
0.174063045532,0.0,0.0,0.249364331365
0.0908452272415,0.0,0.0,0.23521707952
0.218718454242,0.0,0.0,0.241641059518
0.0762535519898,0.0,0.0,0.164226084948
0.248975843191,0.0,0.0,-0.159603267908
0.1134856157,0.0,0.0,-0.232084020972
0.152919916436,0.0,0.0,-0.209869414568
0.0453117638826,0.0,0.0,0.0350613817573
0.247024036944,0.0,0.0,0.158544063568
0.127417830983,0.0,0.0,0.126147508621
0.0417203307152,0.0,0.0,-0.227636665106
0.194528102875,0.0,0.0,0.175648719072
0.218309596181,0.0,0.0,-0.209416419268
0.193630456924,0.0,0.0,-0.178195491433
0.186182256788,0.0,0.0,-0.180736511946
0.121318086982,0.0,0.0,0.249621346593
0.0162161663175,0.0,0.0,0.237736359239
0.213165357709,0.0,0.0,0.229076504707
0.249393321574,0.0,0.0,0.233356297016
0.202786445618,0.0,0.0,0.0754508152604
0.249804541469,0.0,0.0,-0.0754656046629
0.244708061218,0.0,0.0,0.0131362723187
0.249257497489,0.0,0.0,-0.163807064295
0.247895136476,0.0,0.0,0.0469972528517
0.245146900415,0.0,0.0,0.225884526968
0.248924963176,0.0,0.0,0.135760247707
0.232813686132,0.0,0.0,-0.0204483587295
0.194506138563,0.0,0.0,-0.219259798527
0.154267113656,0.0,0.0,-0.189587205648
0.036522269249,0.0,0.0,-0.0573413148522
0.0220955461264,0.0,0.0,-0.0967179015279
0.0483808070421,0.0,0.0,0.103098772466
0.0432761088014,0.0,0.0,0.147169098258
0.0324832722545,0.0,0.0,-0.151352107525
0.0993429496884,0.0,0.0,-0.0304431803524
0.0770903341472,0.0,0.0,0.111171625555
0.0876545384526,0.0,0.0,-0.0868634432554
