0.0,0.894531,0.0,0.0
0.25,0.0,0.25,-0.25
0.25,0.0,0.25,-0.25
0.25,0.0,0.25,-0.25
0.25,0.0,0.25,-0.25
0.25,0.0,0.25,-0.25
0.25,0.0,0.25,-0.25
0.25,0.0,0.25,-0.25
0.25,0.0,0.25,-0.25
0.25,0.0,0.25,-0.25
0.25,0.0,0.25,-0.25
0.25,0.0,0.25,-0.25
0.25,0.0,0.25,-0.25
0.25,0.0,0.25,-0.25
0.25,0.0,0.25,-0.25
0.25,0.0,0.25,-0.25
0.25,0.0,0.25,-0.25
0.25,0.0,0.25,-0.25
0.25,0.0,0.25,-0.25
0.25,0.0,0.25,-0.25
0.25,0.0,0.25,-0.25
0.25,0.0,0.25,-0.25
0.25,0.0,0.25,-0.25
0.25,0.0,0.25,-0.25
0.25,0.0,0.25,-0.25
0.25,0.0,0.25,-0.25
0.25,0.0,0.25,-0.25
0.25,0.0,0.25,-0.25
0.25,0.0,0.25,-0.25
0.25,0.0,0.25,-0.25
0.25,0.0,0.25,-0.25
0.25,0.0,0.25,-0.25
0.25,0.0,0.25,-0.25
0.25,0.0,0.25,-0.25
0.25,0.0,0.25,-0.25
0.25,0.0,0.25,-0.25
0.25,0.0,0.25,-0.25
0.25,0.0,0.25,-0.25
0.25,0.0,0.25,-0.25
0.25,0.0,0.25,-0.25
0.25,0.0,0.25,-0.25
0.25,0.0,0.25,-0.25
0.25,0.0,0.25,-0.25
0.25,0.0,0.25,-0.25
0.25,0.0,0.25,-0.25
0.25,0.0,0.25,-0.25
0.25,0.0,0.25,-0.25
0.25,0.0,0.25,-0.25
0.25,0.0,0.25,-0.25
0.25,0.0,0.25,-0.25
0.25,0.0,0.25,-0.25
0.25,0.0,0.25,-0.25
0.0,0.0,0.0,0.0
0.0,11.329246,0.0,0.0
0.219823881984,0.0,0.25,-0.25
0.179685145617,0.0,0.25,-0.25
0.219067856669,0.0,0.17229180038,-0.25
0.25,0.0,0.25,-0.25
0.25,0.0,0.0176014658064,-0.25
0.25,0.0,0.151998504996,-0.25
0.25,0.0,0.25,-0.25
0.25,0.0,0.25,-0.25
0.25,0.0,0.25,-0.25
0.25,0.0,0.25,-0.25
0.25,0.0,0.25,-0.25
0.25,0.0,0.208418637514,-0.25
0.25,0.0,0.25,-0.25
0.25,0.0,0.25,-0.25
0.25,0.0,0.25,-0.25
0.25,0.0,0.25,-0.25
0.25,0.0,0.207505062222,-0.25
0.25,0.0,0.172680780292,-0.25
0.186641335487,0.0,0.25,-0.25
0.24166508019,0.0,0.217479348183,-0.243157252669
0.25,0.0,0.13002024591,-0.25
0.172233000398,0.0,0.248468130827,-0.211115345359
0.222611412406,0.0,0.25,-0.25
0.225461095572,0.0,-0.0297389514744,0.0536442920566
0.25,0.0,0.25,0.0155044691637
0.0810721293092,0.0,0.139723345637,0.0662044510245
0.212473228574,0.0,-0.135441064835,0.0269676949829
0.11736356467,0.0,-0.119267337024,0.00525411358103
0.213955402374,0.0,-0.25,-0.113215044141
0.25,0.0,-0.23023685813,-0.106120198965
0.25,0.0,0.108923949301,-0.0308491867036
0.25,0.0,0.184859037399,0.0381079912186
0.25,0.0,0.21456065774,-0.0424828082323
0.25,0.0,0.25,-0.234262987971
0.25,0.0,0.25,-0.25
0.25,0.0,0.25,-0.25
0.25,0.0,0.202690854669,-0.25
0.25,0.0,0.25,-0.25
0.25,0.0,0.25,-0.25
0.25,0.0,0.25,-0.25
0.25,0.0,0.25,-0.25
0.25,0.0,0.25,-0.25
0.25,0.0,0.25,-0.25
0.25,0.0,0.25,-0.25
0.25,0.0,0.25,-0.25
0.234752655029,0.0,0.25,-0.25
0.25,0.0,0.25,-0.25
0.25,0.0,0.25,-0.25
0.25,0.0,0.25,-0.0916108116508
0.178374558687,0.0,0.25,-0.25
0.0690243169665,0.0,0.25,0.019445316866
0.197440177202,0.0,0.25,0.0227638594806
0.223507896066,0.0,0.220282509923,0.216057196259
0.150352686644,0.0,0.25,0.25
0.0,0.0,0.25,-0.19553668797
0.0256038848311,0.0,0.0800223499537,-0.235960230231
0.180286943913,0.0,-0.0175819527358,-0.25
0.114015564322,0.0,-0.0526235997677,-0.25
0.177866175771,0.0,0.1121840626,-0.25
0.150609910488,0.0,0.25,-0.25
0.0,0.0,0.0558524318039,-0.25
0.0,0.0,-0.184467643499,-0.046605810523
0.0,0.0,0.0988282039762,-0.25
0.0,0.0,0.095440082252,-0.25
0.0,0.0,0.0494027584791,-0.130019903183
0.0,0.0,0.0836739763618,0.0699385404587
0.0541078187525,0.0,0.25,-0.0116359591484
0.0218134205788,0.0,0.25,-0.224822983146
0.0866719633341,0.0,0.25,-0.111883819103
0.0,0.0,0.0,0.0
0.0,15.018268,0.0,0.0
0.0,0.0,0.25,0.206014320254
0.0,0.0,0.25,-0.107807084918
0.0568718016148,0.0,0.220571547747,-0.25
0.0606465861201,0.0,0.25,-0.25
0.0204750522971,0.0,0.25,-0.25
0.176734358072,0.0,0.25,-0.25
0.25,0.0,0.25,-0.25
0.25,0.0,0.25,-0.25
0.25,0.0,0.25,-0.0552472397685
0.25,0.0,0.25,-0.135942131281
0.25,0.0,0.25,-0.25
0.20049546659,0.0,0.25,-0.187715545297
0.25,0.0,0.25,-0.129736036062
0.25,0.0,0.25,0.100368827581
0.25,0.0,0.0617998093367,0.0610976405442
0.25,0.0,0.163784816861,-0.0901161134243
0.23634852469,0.0,0.0634310394526,-0.228893205523
0.206968069077,0.0,-0.130466148257,-0.0381376817822
0.187364056706,0.0,0.0551151260734,0.0890950039029
0.175134405494,0.0,0.10934355855,-0.0661292299628
0.25,0.0,-0.173093423247,0.115515336394
0.234583780169,0.0,-0.239352449775,0.25
0.151618257165,0.0,-0.25,0.135280579329
0.205024749041,0.0,-0.25,0.238534152508
0.25,0.0,-0.229586437345,0.25
0.25,0.0,-0.25,0.111266568303
0.25,0.0,-0.25,0.0282204113901
0.25,0.0,-0.25,-0.217221677303
0.213698998094,0.0,-0.25,-0.25
0.188550591469,0.0,-0.25,-0.218867793679
0.158813267946,0.0,-0.25,-0.25
0.146401852369,0.0,-0.25,-0.25
0.173635467887,0.0,-0.25,-0.25
0.0101383794099,0.0,-0.25,-0.25
0.25,0.0,-0.230319917202,-0.25
0.25,0.0,-0.25,-0.25
0.25,0.0,-0.25,-0.25
0.25,0.0,-0.0290090106428,-0.25
0.25,0.0,-0.25,-0.203660100698
0.25,0.0,-0.184880077839,-0.141148135066
0.25,0.0,0.0273384097964,-0.114947482944
0.25,0.0,0.0442738942802,-0.0548297315836
0.25,0.0,0.25,-0.0963409841061
0.25,0.0,0.106994926929,-0.181541666389
0.25,0.0,0.25,-0.221340432763
0.25,0.0,0.25,-0.25
0.25,0.0,0.25,-0.0224962830544
0.25,0.0,0.25,-0.225538954139
0.25,0.0,0.25,-0.179145842791
0.25,0.0,0.25,-0.25
0.25,0.0,0.25,-0.25
0.25,0.0,-0.0133605804294,-0.132835909724
0.25,0.0,-0.059403732419,-0.039033036679
0.25,0.0,0.127155810595,-0.00826395489275
0.25,0.0,-0.136382445693,-0.25
0.25,0.0,-0.0494950339198,-0.167581275105
0.25,0.0,0.145624652505,-0.146635964513
0.25,0.0,0.25,0.0409331433475
0.25,0.0,0.25,0.0797334909439
0.25,0.0,0.25,-0.052348293364
0.25,0.0,0.25,0.0112387109548
0.25,0.0,0.25,-0.25
0.233766153455,0.0,0.25,-0.140530005097
0.230411499739,0.0,0.137914285064,-0.227068737149
0.137388959527,0.0,0.25,-0.25
0.14579962194,0.0,0.25,-0.25
0.171997189522,0.0,0.235019803047,-0.242426469922
0.200949236751,0.0,0.25,0.00294987880625
0.25,0.0,0.25,0.0581539906561
0.201518401504,0.0,0.25,-0.0644178986549
0.25,0.0,0.25,-0.25
0.179864749312,0.0,0.25,-0.25
0.186794489622,0.0,0.25,-0.25
0.14131167531,0.0,-0.160155057907,-0.139970287681
0.161273136735,0.0,-0.25,0.00168847932946
0.141576752067,0.0,-0.25,-0.110549099743
0.156156554818,0.0,-0.25,-0.153289332986
0.112073622644,0.0,-0.233880236745,-0.0515606738627
0.25,0.0,-0.220702052116,-0.101407259703
0.21432775259,0.0,-0.0397003404796,-0.0211112424731
0.174259051681,0.0,0.25,-0.25
0.196214020252,0.0,0.25,-0.217508867383
0.225695520639,0.0,0.25,-0.00600417563692
0.211082577705,0.0,0.25,0.00695907091722
0.228802323341,0.0,0.175406396389,-0.25
0.20999135077,0.0,0.0315843448043,-0.193409740925
0.25,0.0,0.25,-0.0580569319427
0.25,0.0,0.25,-0.25
0.25,0.0,0.25,-0.25
0.25,0.0,0.25,-0.25
0.25,0.0,0.25,-0.25
0.25,0.0,0.25,-0.25
0.217793047428,0.0,0.25,-0.25
0.25,0.0,0.171046942472,-0.25
0.25,0.0,0.122818544507,-0.25
0.25,0.0,0.0815857946873,-0.25
0.25,0.0,-0.155432075262,-0.25
0.25,0.0,-0.243661031127,-0.25
0.25,0.0,-0.138941809535,-0.25
0.25,0.0,-0.102564014494,-0.25
0.25,0.0,-0.00246544578113,-0.25
0.25,0.0,0.163312524557,-0.25
0.25,0.0,0.25,-0.25
0.25,0.0,0.127289190888,-0.0862903296947
0.25,0.0,0.0862492844462,-0.201987355947
0.25,0.0,0.115577533841,-0.133978903294
0.233262971044,0.0,0.0119796413928,0.178058311343
0.25,0.0,0.25,0.25
0.192377090454,0.0,0.220908299088,-0.225224733353
0.25,0.0,-0.0853661075234,-0.25
0.25,0.0,-0.25,-0.25
0.25,0.0,-0.0972794741392,-0.25
0.25,0.0,0.0888707786798,-0.25
0.25,0.0,-0.0251260511577,-0.25
0.25,0.0,0.25,-0.25
0.25,0.0,0.25,-0.25
0.25,0.0,0.000369115470676,-0.25
0.247069180012,0.0,-0.0850759446621,-0.25
0.25,0.0,-0.0196807328612,-0.25
0.25,0.0,0.25,-0.25
0.25,0.0,0.107397645712,-0.25
0.25,0.0,0.0181160662323,-0.25
0.25,0.0,-0.138160482049,-0.25
0.25,0.0,0.019155330956,-0.25
0.25,0.0,0.188845559955,-0.25
0.25,0.0,0.193485468626,-0.25
0.25,0.0,-0.0190602913499,-0.25
0.25,0.0,0.0635022744536,-0.25
0.25,0.0,-0.0535886436701,-0.25
0.25,0.0,0.117147155106,-0.25
0.25,0.0,0.218517452478,-0.25
0.25,0.0,0.25,-0.25
0.25,0.0,0.0375095717609,-0.25
0.25,0.0,0.15794479847,-0.25
0.25,0.0,0.197302252054,-0.25
0.25,0.0,0.25,-0.25
0.25,0.0,0.230143651366,-0.25
0.25,0.0,0.25,-0.201293006539
0.25,0.0,0.25,-0.25
0.25,0.0,0.172497019172,-0.25
0.0,0.0,0.0,0.0
0.0,29.263436,0.0,0.0
0.25,0.0,0.21381829679,-0.25
0.25,0.0,0.199150696397,-0.25
0.25,0.0,0.25,-0.25
0.25,0.0,0.25,-0.25
0.25,0.0,-0.0509539209306,-0.0928934812546
0.25,0.0,-0.213255614042,-0.20537430048
0.25,0.0,0.0523264221847,0.00478036701679
0.25,0.0,0.25,-0.185743689537
0.243425384164,0.0,0.0348368734121,0.25
0.25,0.0,0.231501504779,0.129242479801
0.25,0.0,0.25,0.165767490864
0.25,0.0,0.25,0.0915859118104
0.168617293239,0.0,0.25,-0.143281698227
0.12151478976,0.0,0.14692401886,-0.25
0.107268594205,0.0,0.0984972640872,-0.25
0.0,0.0,0.25,-0.171876206994
0.0,0.0,0.25,-0.110602796078
0.106509499252,0.0,0.193893685937,-0.0727137699723
0.197680324316,0.0,0.25,-0.0738897323608
0.140747472644,0.0,0.25,-0.100344762206
0.112051308155,0.0,0.25,-0.207621499896
0.118858277798,0.0,0.150742202997,0.0458681099117
0.139695674181,0.0,0.25,0.25
0.146034985781,0.0,0.25,0.25
0.123568154871,0.0,0.25,0.25
0.217613309622,0.0,0.25,0.0933243632317
0.222534194589,0.0,0.25,0.0452519245446
0.171446472406,0.0,0.25,0.0263223368675
0.15980926156,0.0,0.222983598709,-0.0151323759928
0.0364861190319,0.0,0.160050749779,-0.0294353142381
0.0137099279091,0.0,0.25,-0.0817314907908
0.206167951226,0.0,0.25,-0.113218821585
0.189275085926,0.0,0.25,-0.187696874142
0.159722939134,0.0,0.0831804424524,-0.224413186312
0.00791301950812,0.0,0.25,-0.25
0.0617352053523,0.0,0.25,-0.21075335145
0.100755646825,0.0,0.25,-0.141751587391
0.120459645987,0.0,0.229023709893,-0.202189221978
0.190599888563,0.0,0.25,-0.195443660021
0.25,0.0,0.25,0.25
0.179485663772,0.0,0.25,0.234722301364
0.147455334663,0.0,0.25,0.25
0.0440281368792,0.0,0.25,0.25
0.0862288624048,0.0,0.25,0.25
0.0238719247282,0.0,0.25,0.25
0.0,0.0,0.25,0.25
0.0,0.0,0.25,0.25
0.0,0.0,0.25,0.25
0.0,0.0,0.25,0.0788082629442
0.0,0.0,0.25,-0.0104478113353
0.00182704313193,0.0,0.25,-0.086037427187
0.119579948485,0.0,0.25,-0.25
0.132933154702,0.0,0.25,-0.25
0.25,0.0,0.25,-0.25
0.25,0.0,0.25,-0.25
0.142041429877,0.0,0.25,-0.25
0.0,0.0,0.0,0.0
0.0,12.330441,0.0,0.0
0.135650843382,0.0,0.25,0.0172373317182
0.233189091086,0.0,0.25,-0.25
0.0713425055146,0.0,0.25,-0.25
0.0939313769341,0.0,0.25,-0.222138077021
0.0344493240118,0.0,0.25,0.0396857708693
0.142030388117,0.0,0.25,-0.0972062647343
0.0802937448025,0.0,0.25,-0.25
0.118286788464,0.0,0.25,-0.123512618244
0.25,0.0,0.25,-0.25
0.182874470949,0.0,0.25,-0.25
0.25,0.0,0.191206097603,-0.25
0.240564614534,0.0,0.121905989945,0.0104258097708
0.25,0.0,0.0868265330791,-0.229784399271
0.25,0.0,0.246378704906,0.017478954047
0.25,0.0,0.25,0.140671119094
0.25,0.0,0.25,0.0138606000692
0.25,0.0,0.25,-0.119159795344
0.25,0.0,0.25,0.00504315085709
0.25,0.0,0.160007208586,-0.0411961488426
0.210765272379,0.0,0.242282867432,-0.0416501984
0.129245564342,0.0,0.25,-0.180086225271
0.127914607525,0.0,0.0873647034168,-0.25
0.0577504597604,0.0,0.25,-0.25
0.0,0.0,0.1704249084,-0.25
0.0,0.0,-0.0308413952589,-0.25
0.0,0.0,0.125872403383,-0.25
0.0,0.0,0.170832186937,-0.25
0.0519344396889,0.0,0.0250115673989,-0.25
0.134677395225,0.0,0.25,-0.25
0.0,0.0,0.25,-0.25
0.104118421674,0.0,0.25,-0.25
0.134089708328,0.0,0.25,-0.25
0.25,0.0,0.25,-0.25
0.25,0.0,0.25,-0.25
0.25,0.0,0.25,-0.25
0.25,0.0,0.25,-0.25
0.25,0.0,0.25,-0.0406429357827
0.171667262912,0.0,0.25,-0.25
0.217379808426,0.0,0.25,-0.25
0.158670812845,0.0,0.25,-0.25
0.25,0.0,0.25,-0.25
0.25,0.0,0.0127673074603,-0.25
0.25,0.0,-0.149679720402,-0.25
0.25,0.0,-0.0736077651381,-0.25
0.208633363247,0.0,0.234509930015,-0.25
0.25,0.0,0.25,-0.25
0.25,0.0,0.25,-0.25
0.25,0.0,0.25,-0.25
0.25,0.0,0.25,-0.25
0.25,0.0,0.25,-0.25
0.25,0.0,0.25,-0.25
0.25,0.0,0.25,-0.25
0.25,0.0,0.25,-0.25
0.25,0.0,0.25,-0.125369518995
0.168053343892,0.0,-0.0431131534278,-0.18179564178
0.12909206748,0.0,0.25,-0.25
0.0414257906377,0.0,0.25,-0.25
0.0,0.0,0.25,-0.25
0.139449626207,0.0,0.25,-0.20162537694
0.0,0.0,0.0,0.0
0.0,13.194781,0.0,0.0
0.016580119729,0.0,0.25,-0.25
0.0752329304814,0.0,0.25,-0.25
0.0161272529513,0.0,0.25,-0.25
0.0799035280943,0.0,0.25,-0.25
0.163075953722,0.0,0.25,-0.25
0.25,0.0,0.25,-0.25
0.234968200326,0.0,0.25,-0.25
0.25,0.0,0.25,-0.25
0.25,0.0,0.25,-0.25
0.25,0.0,0.25,-0.25
0.25,0.0,0.25,-0.174396023154
0.25,0.0,0.25,-0.25
0.25,0.0,0.25,-0.225370943546
0.25,0.0,0.25,0.0532528273761
0.25,0.0,0.154757991433,0.151865199208
0.25,0.0,-0.127808704972,-0.0310988854617
0.25,0.0,0.0149142993614,0.124522134662
0.25,0.0,-0.226270258427,0.25
0.190901428461,0.0,0.0384324118495,0.25
0.223875418305,0.0,0.137239471078,0.25
0.173703119159,0.0,-0.0310313981026,0.25
0.0966954752803,0.0,0.127011284232,0.25
0.0348663106561,0.0,0.25,0.25
0.0612584352493,0.0,0.25,0.25
0.165696322918,0.0,-0.0686911568046,0.25
0.218756228685,0.0,0.100089937449,0.25
0.233042344451,0.0,0.25,0.25
0.0481613203883,0.0,0.0902318134904,0.25
0.25,0.0,-0.109616361558,0.25
0.25,0.0,-0.0575544312596,0.214049190283
0.25,0.0,-0.0807480588555,0.242743432522
0.25,0.0,-0.014983558096,0.0721082240343
0.25,0.0,-0.25,-0.0990089178085
0.25,0.0,0.116518728435,-0.208339720964
0.25,0.0,0.169134035707,-0.231651738286
0.25,0.0,0.0862943902612,-0.122988447547
0.25,0.0,-0.0139304483309,-0.219362348318
0.25,0.0,0.233911961317,-0.25
0.193604156375,0.0,0.25,-0.25
0.25,0.0,0.25,-0.25
0.25,0.0,0.25,-0.25
0.25,0.0,0.25,-0.25
0.25,0.0,0.25,-0.25
0.25,0.0,0.25,-0.25
0.25,0.0,0.25,-0.25
0.25,0.0,0.0760503038764,-0.25
0.25,0.0,0.139929026365,-0.25
0.25,0.0,0.244297340512,-0.25
0.25,0.0,0.25,-0.25
0.25,0.0,0.078044295311,-0.25
0.25,0.0,-0.25,-0.25
0.25,0.0,-0.0723363235593,-0.25
0.25,0.0,0.019080221653,-0.25
0.25,0.0,-0.0592988878489,-0.25
0.25,0.0,-0.122345045209,-0.25
0.25,0.0,-0.0851491764188,-0.25
0.25,0.0,-0.0542287603021,-0.25
0.25,0.0,0.0641624331474,-0.25
0.25,0.0,0.0978980511427,-0.25
0.25,0.0,-0.0890855118632,-0.25
0.25,0.0,0.25,-0.25
0.25,0.0,0.25,-0.25
0.25,0.0,0.233222171664,-0.25
0.25,0.0,0.25,-0.25
0.25,0.0,0.25,-0.25
0.25,0.0,0.25,-0.25
0.25,0.0,0.25,-0.25
0.25,0.0,0.25,-0.150553002954
0.25,0.0,0.25,-0.25
0.25,0.0,0.134314090014,-0.25
0.25,0.0,0.208161875606,-0.229297101498
0.25,0.0,0.25,-0.0754609331489
0.25,0.0,0.25,0.0141221471131
0.25,0.0,0.0566484220326,0.212833896279
0.25,0.0,0.0512804500759,0.0953965485096
0.25,0.0,-0.0133701208979,0.112260729074
0.174500718713,0.0,0.12665772438,-0.0530540980399
0.0183585844934,0.0,0.25,-0.105489231646
0.0964677259326,0.0,0.25,0.138940855861
0.25,0.0,0.25,0.0936154350638
0.25,0.0,0.241825118661,-0.0968430116773
0.25,0.0,0.0678856149316,-0.25
0.25,0.0,0.25,-0.192630767822
0.25,0.0,0.25,-0.105040326715
0.0,0.0,0.0,0.0
0.0,17.962556,0.0,0.0
0.25,0.0,0.110464885831,-0.237837597728
0.25,0.0,0.0692085400224,-0.25
0.25,0.0,0.25,-0.25
0.25,0.0,0.25,-0.25
0.25,0.0,0.25,-0.198302283883
0.25,0.0,0.138031452894,-0.1181711182
0.25,0.0,0.104700513184,-0.0733878239989
0.25,0.0,0.0998700335622,-0.102527931333
0.25,0.0,0.0790022686124,-0.0239652320743
0.25,0.0,0.231090933084,0.125725924969
0.25,0.0,0.050899900496,0.147910907865
0.243887066841,0.0,-0.065440684557,0.186968892813
0.25,0.0,0.045556280762,0.105861119926
0.185199439526,0.0,0.0596271790564,0.177754789591
0.116734020412,0.0,0.122012346983,0.102000810206
0.108050696552,0.0,-0.25,0.25
0.0989906415343,0.0,-0.25,0.131211340427
0.207673549652,0.0,-0.25,0.16993509233
0.148807346821,0.0,-0.25,0.0962962508202
0.25,0.0,-0.25,0.0242941193283
0.224561452866,0.0,-0.25,-0.0527925491333
0.25,0.0,-0.110447645187,-0.0567396059632
0.25,0.0,-0.0669431686401,-0.25
0.212549492717,0.0,0.107126757503,-0.25
0.172190979123,0.0,0.00765096908435,-0.25
0.0605051741004,0.0,-0.155282765627,-0.0635672658682
0.143672063947,0.0,-0.238470867276,-0.25
0.144453525543,0.0,-0.0574567914009,-0.233059152961
0.25,0.0,0.0707269385457,-0.25
0.190927267075,0.0,0.25,-0.25
0.219198480248,0.0,0.0707111060619,-0.25
0.25,0.0,-0.142535045743,-0.105242371559
0.25,0.0,0.023093091324,-0.0684164762497
0.25,0.0,-0.136801943183,0.0854054987431
0.25,0.0,-0.0887356698513,-0.25
0.25,0.0,-0.0523454882205,-0.25
0.170021727681,0.0,-0.22474566102,-0.25
0.0978998169303,0.0,-0.111747458577,-0.25
0.193369716406,0.0,0.0100528728217,-0.25
0.25,0.0,0.126229539514,-0.25
0.25,0.0,0.24385586381,-0.25
0.25,0.0,0.158254668117,-0.25
0.25,0.0,0.25,-0.25
0.25,0.0,0.25,-0.25
0.25,0.0,0.223817959428,-0.25
0.25,0.0,-0.0701962336898,-0.25
0.25,0.0,0.00758931320161,-0.25
0.25,0.0,-0.171754151583,-0.25
0.25,0.0,0.15679307282,-0.25
0.25,0.0,0.125776425004,-0.25
0.25,0.0,0.1093121171,-0.25
0.249810263515,0.0,0.25,-0.25
0.25,0.0,0.25,-0.25
0.25,0.0,0.25,-0.25
0.25,0.0,0.25,-0.25
0.145342260599,0.0,0.133335992694,-0.25
0.0629692226648,0.0,0.0411557815969,-0.25
0.25,0.0,-0.131458371878,-0.25
0.25,0.0,-0.00349592510611,-0.246173799038
0.236044660211,0.0,-0.0340850465,-0.25
0.0368388108909,0.0,0.0442079119384,-0.25
0.0,0.0,0.128038987517,-0.25
0.0389912799001,0.0,0.02428150177,-0.25
0.0656619444489,0.0,-0.165606275201,-0.25
0.108667925,0.0,-0.00246938178316,-0.25
0.211911380291,0.0,0.185542359948,-0.25
0.209078937769,0.0,0.25,-0.158232063055
0.135155692697,0.0,0.25,-0.168955653906
0.214171752334,0.0,0.25,-0.25
0.133575066924,0.0,0.25,0.0862256586552
0.0970421656966,0.0,0.25,0.037885453552
0.218857482076,0.0,0.244057670236,-0.249474614859
0.25,0.0,0.23935957253,-0.174328371882
0.184454575181,0.0,0.25,-0.157783940434
0.0863593071699,0.0,0.25,-0.115873523057
0.220809727907,0.0,0.25,-0.123392693698
0.207368835807,0.0,0.25,-0.25
0.0557451583445,0.0,0.25,-0.25
0.157785728574,0.0,0.25,-0.25
0.133563265204,0.0,0.25,-0.25
0.157700404525,0.0,0.25,-0.0806691125035
0.236207440495,0.0,0.25,-0.25
0.25,0.0,0.25,-0.0507254675031
0.25,0.0,0.25,-0.111594475806
0.25,0.0,0.25,-0.0200511179864
0.25,0.0,0.25,0.0536299720407
0.163882941008,0.0,0.0687359720469,-0.25
0.151043474674,0.0,0.194949224591,-0.204897388816
0.109098136425,0.0,0.00308341695927,-0.0450501553714
0.177455037832,0.0,0.247872009873,0.102050840855
0.0843734294176,0.0,-0.25,0.25
0.0381875298917,0.0,-0.25,0.25
0.0143494000658,0.0,-0.25,0.25
0.105046786368,0.0,-0.25,0.25
0.174098238349,0.0,-0.25,0.25
0.233524590731,0.0,-0.113481044769,0.191958636045
0.116867400706,0.0,-0.115425147116,-0.0669200569391
0.10363996774,0.0,0.004396926146,0.02905328013
0.0870000496507,0.0,-0.25,0.235003113747
0.25,0.0,-0.25,0.25
0.25,0.0,-0.25,0.218252018094
0.199083983898,0.0,-0.25,-0.0594292916358
0.25,0.0,-0.25,-0.145709276199
0.212895095348,0.0,-0.25,0.123384952545
0.25,0.0,-0.141022384167,-0.0151927964762
0.25,0.0,0.0601369962096,-0.0257847085595
0.25,0.0,-0.100997783244,-0.0738454163074
0.25,0.0,-0.25,0.0636669620872
0.25,0.0,-0.25,-0.0433605276048
0.25,0.0,-0.25,0.156579852104
0.208732068539,0.0,-0.25,0.25
0.143194317818,0.0,-0.212943732738,0.25
0.122641637921,0.0,0.0607038810849,0.20419767499
0.0722907185555,0.0,0.0504885055125,-0.051792383194
0.180020526052,0.0,0.0532643906772,0.219788566232
0.25,0.0,0.15837174654,0.194170817733
0.172011733055,0.0,0.25,0.194983333349
0.25,0.0,0.25,0.0150400316343
0.25,0.0,0.25,0.0396996214986
0.25,0.0,0.25,-0.0694974288344
0.25,0.0,0.25,-0.091940574348
0.25,0.0,0.25,0.042575892061
0.25,0.0,0.25,-0.076687797904
0.25,0.0,0.25,-0.237982004881
0.25,0.0,0.25,-0.25
0.25,0.0,0.25,-0.25
0.25,0.0,0.25,-0.25
0.25,0.0,0.25,-0.25
0.25,0.0,0.25,-0.25
0.25,0.0,0.25,-0.25
0.25,0.0,0.25,-0.25
0.25,0.0,0.25,-0.25
0.25,0.0,0.25,-0.25
0.25,0.0,0.25,-0.25
0.148262411356,0.0,0.25,-0.25
0.0921280011535,0.0,0.25,-0.25
0.18959929049,0.0,0.25,-0.25
0.0,0.0,0.25,-0.25
0.0416264235973,0.0,0.25,-0.180895522237
0.15582151711,0.0,0.25,-0.198730662465
0.25,0.0,0.24718080461,-0.25
0.25,0.0,0.25,-0.25
0.25,0.0,0.25,-0.25
0.25,0.0,0.25,-0.25
0.25,0.0,0.25,-0.0761238187551
0.25,0.0,0.25,0.0533621497452
0.0,0.0,0.0,0.0
0.0,30.471424,0.0,0.0
0.25,0.0,0.179857850075,0.0775925070047
0.25,0.0,0.0209846999496,0.0253012608737
0.25,0.0,0.25,-0.25
0.210521712899,0.0,0.25,-0.25
0.25,0.0,0.25,-0.25
0.25,0.0,0.25,-0.25
0.25,0.0,0.25,-0.134655311704
0.231952562928,0.0,0.25,-0.25
0.204148545861,0.0,0.25,-0.0113126421347
0.25,0.0,0.25,-0.151684194803
0.25,0.0,0.25,-0.118490219116
0.194581702352,0.0,0.25,-0.207510590553
0.25,0.0,0.25,-0.25
0.25,0.0,0.25,-0.138686642051
0.227559894323,0.0,0.25,-0.25
0.20285487175,0.0,0.25,-0.25
0.25,0.0,0.25,-0.0943723097444
0.25,0.0,0.25,-0.140117645264
0.25,0.0,0.25,-0.25
0.242036610842,0.0,0.25,-0.25
0.25,0.0,-0.055971339345,-0.24918858707
0.25,0.0,-0.00210900930688,-0.197604656219
0.25,0.0,0.0395811274648,-0.25
0.25,0.0,0.25,-0.25
0.25,0.0,0.25,-0.25
0.25,0.0,0.25,-0.25
0.25,0.0,0.25,-0.25
0.25,0.0,0.25,-0.25
0.25,0.0,0.25,-0.25
0.25,0.0,0.25,-0.25
0.25,0.0,0.25,-0.25
0.25,0.0,0.25,-0.25
0.25,0.0,0.25,-0.118606716394
0.25,0.0,0.25,-0.240020722151
0.25,0.0,0.146224349737,-0.0703383684158
0.25,0.0,0.25,-0.18103466928
0.25,0.0,0.0376561507583,-0.108089953661
0.25,0.0,0.25,-0.229210466146
0.25,0.0,0.225384309888,-0.25
0.25,0.0,0.25,-0.25
0.25,0.0,0.25,-0.25
0.25,0.0,0.0509195029736,-0.25
0.25,0.0,0.175299137831,-0.25
0.25,0.0,0.0970766842365,-0.25
0.25,0.0,0.195175856352,-0.25
0.25,0.0,0.199636906385,-0.25
0.25,0.0,0.25,-0.25
0.25,0.0,0.25,-0.25
0.25,0.0,0.25,-0.25
0.25,0.0,0.25,-0.25
0.25,0.0,0.25,-0.25
0.25,0.0,0.25,-0.25
0.25,0.0,0.17128098011,-0.25
0.25,0.0,0.0710638388991,-0.25
0.0,0.0,0.0,0.0
0.0,11.947463,0.0,0.0
0.242813915014,0.0,-0.00240905908868,-0.25
0.155963733792,0.0,-0.163166761398,-0.25
0.220786720514,0.0,-0.228326290846,-0.25
0.205496564507,0.0,0.242051303387,-0.25
0.223581686616,0.0,-0.0228361506015,-0.25
0.170156091452,0.0,0.0833932608366,-0.25
0.25,0.0,0.140428707004,-0.25
0.182685747743,0.0,0.25,-0.25
0.200414478779,0.0,0.25,-0.25
0.187528625131,0.0,0.122464038432,-0.25
0.25,0.0,0.25,-0.25
0.186199113727,0.0,-0.0865485295653,-0.25
0.25,0.0,-0.0846344679594,-0.25
0.205748215318,0.0,-0.120091862977,-0.25
0.152235969901,0.0,0.0850845426321,-0.25
0.212365075946,0.0,0.193192869425,-0.25
0.153303295374,0.0,0.116860933602,-0.25
0.25,0.0,-0.207233116031,-0.25
0.169472306967,0.0,-0.152434036136,-0.25
0.141257703304,0.0,0.084098406136,-0.25
0.0147254643962,0.0,-0.0715463161469,-0.164169996977
0.0,0.0,-0.220990523696,-0.0775533765554
0.0,0.0,-0.25,-0.112870134413
0.079059265554,0.0,-0.237053394318,-0.134470537305
0.25,0.0,-0.218820303679,0.25
0.25,0.0,-0.0265848506242,0.229755699635
0.25,0.0,-0.0523398816586,0.00950770638883
0.25,0.0,-0.0332632921636,-0.15535338223
0.25,0.0,-0.0866765901446,0.0639152824879
0.25,0.0,0.127582490444,0.220918536186
0.25,0.0,0.0426304712892,-0.0166508108377
0.25,0.0,-0.00246607954614,-0.0772461444139
0.25,0.0,0.247842118144,0.022452890873
0.25,0.0,0.25,0.0890882909298
0.25,0.0,0.212325245142,-0.163407862186
0.25,0.0,0.25,0.228209942579
0.25,0.0,0.25,0.248345196247
0.25,0.0,0.25,0.25
0.25,0.0,0.25,0.188798844814
0.25,0.0,0.25,0.25
0.25,0.0,0.25,0.25
0.25,0.0,0.25,0.197194367647
0.25,0.0,0.25,0.0279920119792
0.25,0.0,0.25,-0.17081746459
0.25,0.0,0.25,-0.0461720079184
0.25,0.0,0.0705071687698,-0.235887929797
0.25,0.0,0.165874809027,-0.25
0.25,0.0,0.0735934972763,-0.25
0.25,0.0,0.25,-0.25
0.206058204174,0.0,0.25,-0.25
0.228633657098,0.0,0.25,-0.25
0.0,0.0,0.25,-0.25
0.0,0.0,0.25,-0.25
0.0,0.0,0.25,-0.238724857569
0.0220141671598,0.0,0.25,-0.25
0.0313816219568,0.0,0.25,-0.11911470443
0.16354419291,0.0,0.25,-0.25
0.162572711706,0.0,0.25,-0.25
0.25,0.0,0.25,-0.208138331771
0.226060256362,0.0,0.206928163767,0.193344652653
0.25,0.0,0.25,0.238518685102
0.25,0.0,0.25,0.12702408433
0.25,0.0,0.25,0.25
0.25,0.0,0.25,0.25
0.25,0.0,0.25,0.027671135962
0.25,0.0,0.25,0.067235648632
0.209444060922,0.0,-0.00435479264706,-0.0404039435089
0.25,0.0,0.133285567164,-0.123990342021
0.25,0.0,0.166265934706,-0.25
0.25,0.0,0.25,-0.25
0.25,0.0,0.185316324234,-0.25
0.25,0.0,0.181576728821,-0.25
0.25,0.0,-0.183873206377,-0.25
0.25,0.0,0.0711649283767,-0.25
0.25,0.0,0.126238659024,-0.25
0.25,0.0,0.00837395526469,-0.25
0.234265446663,0.0,-0.25,-0.25
0.209704190493,0.0,-0.192361652851,-0.25
0.15002296865,0.0,-0.145895451307,-0.25
0.0981957390904,0.0,-0.218733251095,-0.0870748460293
0.149344995618,0.0,0.25,-0.0965212881565
0.25,0.0,-0.0119480267167,-0.00425264285877
0.25,0.0,-0.223818123341,-0.0533196739852
0.25,0.0,-0.220220133662,0.0678405687213
0.199487760663,0.0,-0.233735218644,0.143570363522
0.190764680505,0.0,-0.0995098128915,-0.122488237917
0.205093070865,0.0,-0.23571434617,-0.25
0.25,0.0,-0.25,-0.25
0.14594642818,0.0,-0.25,-0.25
0.125563025475,0.0,-0.25,-0.25
0.0,0.0,0.0984936580062,-0.25
0.0750398561358,0.0,0.10527960211,-0.25
0.114936672151,0.0,0.0671024546027,-0.25
0.166896611452,0.0,-0.0814052000642,-0.0268839169294
0.188959494233,0.0,-0.25,-0.0857178419828
0.165283828974,0.0,-0.170491755009,-0.25
0.178425401449,0.0,0.0813312307,-0.25
0.25,0.0,0.205512911081,-0.25
0.25,0.0,0.25,-0.25
0.25,0.0,0.25,-0.25
0.25,0.0,0.25,-0.25
0.25,0.0,0.25,-0.25
0.25,0.0,0.25,-0.25
0.25,0.0,0.25,-0.25
0.25,0.0,0.25,-0.25
0.25,0.0,0.25,-0.25
0.25,0.0,0.25,-0.25
0.25,0.0,0.25,-0.25
0.25,0.0,0.25,-0.25
0.25,0.0,0.25,-0.25
0.25,0.0,0.25,-0.25
0.25,0.0,0.25,-0.25
0.25,0.0,0.25,-0.25
0.25,0.0,0.248980641365,-0.25
0.25,0.0,0.0456224642694,-0.25
0.25,0.0,-0.161820352077,-0.25
0.0,0.0,0.0,0.0
0.0,24.282118,0.0,0.0
0.25,0.0,-0.0720690265298,-0.25
0.25,0.0,0.158742412925,-0.247227311134
0.25,0.0,0.132175460458,-0.0130345895886
0.25,0.0,0.25,0.173745781183
0.25,0.0,0.25,0.0389002226293
0.25,0.0,0.25,-0.0783166736364
0.25,0.0,0.161084726453,-0.127331674099
0.19884262979,0.0,0.033993255347,-0.25
0.25,0.0,0.100545868278,-0.25
0.233477160335,0.0,-0.120589017868,-0.25
0.25,0.0,0.0397344715893,-0.25
0.25,0.0,0.144200950861,-0.25
0.25,0.0,0.104981832206,-0.25
0.25,0.0,-0.121931970119,-0.25
0.162953600287,0.0,-0.0905047059059,-0.25
0.0146972574294,0.0,-0.112406946719,-0.25
0.147447258234,0.0,-0.17857696116,-0.25
0.25,0.0,0.0797146856785,-0.25
0.15098015964,0.0,-0.0160384755582,-0.25
0.162095159292,0.0,-0.125306949019,-0.25
0.148497074842,0.0,0.10551558435,-0.25
0.170403778553,0.0,0.0641112551093,-0.25
0.0,0.0,-0.039205186069,-0.25
0.0,0.0,-0.0682261735201,-0.25
0.0,0.0,0.0340874120593,0.0681359246373
0.0,0.0,-0.114755541086,-0.123345412314
0.0,0.0,0.037656776607,0.00317190564238
0.0,0.0,-0.25,-0.25
0.0,0.0,-0.25,-0.25
0.0,0.0,-0.109079435468,-0.25
0.018089139834,0.0,-0.109486311674,-0.205399215221
0.0,0.0,-0.248250067234,-0.25
0.0,0.0,-0.184519842267,-0.20416431129
0.0,0.0,-0.0797316208482,-0.25
0.0,0.0,-0.190207332373,-0.25
0.0,0.0,-0.155651181936,-0.25
0.0,0.0,-0.25,-0.25
0.0,0.0,0.129616558552,-0.25
0.155011296272,0.0,-0.0683102309704,-0.149444937706
0.0134935602546,0.0,-0.0994899347425,-0.25
0.0333277769387,0.0,-0.25,-0.25
0.1888551265,0.0,-0.165529608727,-0.25
0.25,0.0,-0.0642528161407,-0.25
0.146818265319,0.0,0.00126480823383,-0.25
0.242718443274,0.0,-0.141956403852,-0.220088064671
0.25,0.0,0.211870729923,-0.197172865272
0.25,0.0,0.25,-0.25
0.203710347414,0.0,0.21213594079,-0.25
0.183951035142,0.0,0.0596653558314,-0.25
0.127966403961,0.0,0.249563828111,-0.25
0.13235399127,0.0,0.25,-0.25
0.0,0.0,0.25,-0.25
0.0,0.0,0.25,-0.25
0.0,0.0,0.25,-0.25
0.0379642397165,0.0,0.25,-0.25
0.0638601630926,0.0,0.25,-0.25
0.0709098130465,0.0,0.0237508229911,-0.25
0.191789254546,0.0,0.156267493963,-0.25
0.25,0.0,0.0207547489554,-0.25
0.25,0.0,0.127779722214,-0.25
0.25,0.0,0.0964404419065,-0.25
0.25,0.0,0.0345644876361,-0.25
0.230858013034,0.0,0.142711877823,-0.25
0.205333799124,0.0,0.183495998383,-0.25
0.165664508939,0.0,0.160298779607,-0.25
0.25,0.0,0.25,-0.25
0.25,0.0,0.25,-0.25
0.25,0.0,0.25,-0.25
0.25,0.0,0.25,-0.25
0.25,0.0,0.25,-0.25
0.25,0.0,0.25,-0.25
0.25,0.0,0.159774899483,-0.25
0.25,0.0,0.25,-0.25
0.25,0.0,0.25,-0.25
0.25,0.0,0.158185079694,-0.205935820937
0.25,0.0,0.159201651812,-0.25
0.25,0.0,0.210820347071,-0.25
0.25,0.0,0.25,-0.25
0.25,0.0,0.25,-0.25
0.25,0.0,0.25,-0.25
0.25,0.0,0.25,-0.25
0.25,0.0,0.25,-0.25
0.25,0.0,0.193365752697,-0.25
0.25,0.0,0.010780075565,-0.25
0.25,0.0,-0.2469753474,-0.25
0.25,0.0,-0.0868825763464,-0.238524749875
0.25,0.0,0.0278491489589,-0.117719702423
0.25,0.0,0.0275699403137,-0.25
0.25,0.0,0.185671254992,-0.25
0.25,0.0,0.25,-0.25
0.25,0.0,0.25,-0.25
0.25,0.0,0.25,-0.25
0.25,0.0,0.25,-0.25
0.173415482044,0.0,0.220611616969,-0.221553608775
0.178533405066,0.0,0.0048907706514,-0.25
0.171588286757,0.0,0.0968326851726,-0.25
0.0753153413534,0.0,0.192139878869,-0.25
0.0122525757179,0.0,0.25,-0.25
0.244511544704,0.0,0.25,-0.25
0.195587292314,0.0,0.25,-0.25
0.141473412514,0.0,0.133003249764,-0.25
0.25,0.0,0.125974088907,-0.25
0.159422680736,0.0,0.145094409585,-0.25
0.11089989543,0.0,-0.205105766654,-0.25
0.0263371672481,0.0,-0.152646929026,-0.25
0.0193944983184,0.0,0.25,-0.25
0.0188945736736,0.0,0.25,-0.25
0.0819361135364,0.0,0.25,-0.25
0.128857269883,0.0,0.25,-0.21032756567
0.100134700537,0.0,0.197039484978,-0.25
0.143601164222,0.0,0.130990535021,-0.25
0.184851810336,0.0,-0.16390094161,-0.25
0.160431817174,0.0,0.000631398521364,-0.25
0.185395911336,0.0,0.153049334884,-0.140980631113
0.195617064834,0.0,0.16766436398,-0.0765436664224
0.0928328037262,0.0,0.196889460087,-0.229987666011
0.0865703299642,0.0,0.123284712434,-0.25
0.100458808243,0.0,0.0442648418248,-0.25
0.10270499438,0.0,0.124049797654,-0.215406879783
0.0342754982412,0.0,0.172606945038,-0.169550418854
0.177069783211,0.0,0.136499926448,-0.25
0.0779364928603,0.0,0.0586129128933,-0.25
0.129170313478,0.0,0.0308056473732,-0.25
0.104913212359,0.0,-0.0747790634632,-0.25
0.0728526189923,0.0,-0.139587894082,-0.25
0.0602058693767,0.0,-0.0235269144177,-0.25
0.0,0.0,-0.25,-0.24438226223
0.0551822707057,0.0,-0.25,0.130815267563
0.0758616253734,0.0,-0.25,0.151319205761
0.0445047169924,0.0,-0.25,0.110284864902
0.161416217685,0.0,-0.25,0.25
0.145881831646,0.0,-0.25,-0.0575620420277
0.25,0.0,-0.199901983142,-0.191752552986
0.25,0.0,-0.201642468572,-0.191772118211
0.116579733789,0.0,-0.25,-0.223647683859
0.191800892353,0.0,-0.25,-0.122511833906
0.25,0.0,-0.25,-0.25
0.204446598887,0.0,-0.25,-0.25
0.170462712646,0.0,-0.25,-0.176115036011
0.172659009695,0.0,-0.25,-0.14824077487
0.147329002619,0.0,-0.234038069844,-0.162950590253
0.0302728898823,0.0,-0.0759062618017,-0.0778555050492
0.0,0.0,-0.188436195254,-0.0983778685331
0.0754378065467,0.0,-0.25,-0.194383755326
0.00800404697657,0.0,-0.234885320067,-0.0403750874102
0.131359085441,0.0,-0.25,-0.118817165494
0.0545600056648,0.0,0.00232233200222,-0.143554016948
0.0,0.0,0.25,-0.149996459484
0.170200064778,0.0,0.218847855926,0.00332655664533
0.0970953926444,0.0,0.000896880694199,-0.23554636538
0.183918267488,0.0,-0.124218143523,-0.25
0.25,0.0,0.201335519552,-0.153361603618
0.25,0.0,0.25,0.106296010315
0.163086086512,0.0,0.25,-0.149769365788
0.143317341805,0.0,0.25,-0.0859423279762
0.25,0.0,0.25,-0.121362164617
0.25,0.0,0.25,-0.25
0.25,0.0,0.25,-0.25
0.25,0.0,0.240626960993,-0.25
0.25,0.0,0.25,-0.25
0.242363348603,0.0,0.25,-0.25
0.25,0.0,0.25,-0.25
0.25,0.0,0.25,-0.25
0.25,0.0,0.25,-0.192897900939
0.25,0.0,0.25,-0.25
0.25,0.0,0.25,-0.25
0.25,0.0,0.21002587676,-0.25
0.25,0.0,0.159780159593,-0.25
0.25,0.0,0.191826701164,-0.25
0.25,0.0,0.0707808434963,-0.25
0.25,0.0,0.0620244629681,-0.25
0.172425061464,0.0,0.0290198158473,-0.25
0.147805631161,0.0,0.25,-0.25
0.111052162945,0.0,0.25,-0.25
0.0,0.0,0.0,0.0
0.0,36.080706,0.0,0.0
0.25,0.0,0.25,-0.25
0.25,0.0,0.25,-0.25
0.25,0.0,0.25,-0.25
0.25,0.0,0.25,-0.25
0.25,0.0,0.25,-0.25
0.25,0.0,0.25,-0.25
0.25,0.0,0.25,-0.25
0.25,0.0,0.25,-0.25
0.25,0.0,0.25,-0.25
0.25,0.0,0.25,-0.25
0.25,0.0,0.25,-0.25
0.25,0.0,0.25,-0.25
0.25,0.0,0.25,-0.25
0.25,0.0,0.25,-0.25
0.25,0.0,0.25,-0.25
0.25,0.0,0.25,-0.25
0.25,0.0,0.25,-0.25
0.25,0.0,0.25,-0.25
0.25,0.0,0.25,-0.25
0.25,0.0,0.25,-0.25
0.25,0.0,0.25,-0.25
0.25,0.0,0.25,-0.25
0.25,0.0,0.25,-0.25
0.25,0.0,0.25,-0.25
0.25,0.0,0.25,-0.25
0.25,0.0,0.25,-0.25
0.25,0.0,0.25,-0.25
0.25,0.0,0.25,-0.25
0.25,0.0,0.25,-0.25
0.25,0.0,0.25,-0.25
0.25,0.0,0.25,-0.25
0.25,0.0,0.25,-0.25
0.25,0.0,0.25,-0.25
0.25,0.0,0.25,-0.25
0.25,0.0,0.25,-0.25
0.25,0.0,0.25,-0.25
0.25,0.0,0.25,-0.25
0.25,0.0,0.25,-0.25
0.25,0.0,0.25,-0.25
0.25,0.0,0.25,-0.25
0.25,0.0,0.25,-0.25
0.25,0.0,0.25,-0.25
0.25,0.0,0.25,-0.25
0.25,0.0,0.25,-0.25
0.25,0.0,0.25,-0.25
0.25,0.0,0.25,-0.25
0.25,0.0,0.25,-0.25
0.0,0.0,0.0,0.0
0.0,10.719349,0.0,0.0
0.25,0.0,0.233758360147,-0.25
0.25,0.0,0.0390643924475,-0.25
0.25,0.0,0.25,-0.25
0.25,0.0,0.25,-0.25
0.25,0.0,0.25,-0.25
0.25,0.0,0.100399203598,-0.25
0.211814671755,0.0,0.0501767322421,-0.25
0.242704316974,0.0,0.127749666572,-0.25
0.25,0.0,0.0532597862184,-0.25
0.156694814563,0.0,0.0501298382878,-0.25
0.25,0.0,0.226508393884,-0.25
0.183763504028,0.0,-0.185070410371,-0.25
0.134496062994,0.0,-0.151262283325,-0.25
0.244816377759,0.0,-0.25,-0.25
0.25,0.0,-0.25,-0.25
0.25,0.0,-0.25,-0.25
0.25,0.0,0.0243195854127,-0.25
0.25,0.0,0.07182957232,-0.25
0.25,0.0,0.137876823545,-0.25
0.25,0.0,0.139685332775,-0.25
0.25,0.0,0.164656206965,-0.25
0.25,0.0,0.136188745499,-0.25
0.25,0.0,0.25,-0.25
0.25,0.0,0.25,-0.25
0.25,0.0,0.25,-0.25
0.25,0.0,0.25,-0.126574322581
0.25,0.0,0.25,0.183078721166
0.25,0.0,0.25,0.25
0.242691159248,0.0,0.130431115627,0.0519504509866
0.25,0.0,0.209431603551,-0.0846950635314
0.25,0.0,-0.00580376340076,-0.0414878539741
0.25,0.0,0.0329812057316,0.00568873947486
0.25,0.0,-0.0909360945225,0.128852367401
0.25,0.0,-0.0240516308695,0.112955614924
0.207528233528,0.0,-0.0325061865151,0.0902937501669
0.25,0.0,0.191688582301,-0.0392865873873
0.25,0.0,0.25,-0.0879243761301
0.25,0.0,0.183612734079,-0.0739575326443
0.25,0.0,0.115934178233,-0.0832522362471
0.25,0.0,0.149095505476,-0.131326526403
0.25,0.0,0.0426427200437,0.126788765192
0.25,0.0,-0.00278041348793,0.183085158467
0.25,0.0,-0.00809701997787,0.104887917638
0.25,0.0,-0.0503754690289,-0.153659850359
0.25,0.0,0.25,-0.0983293652534
0.25,0.0,0.247833281755,0.126862153411
0.25,0.0,0.25,0.25
0.25,0.0,0.25,0.141764685512
0.25,0.0,0.25,0.125965923071
0.25,0.0,0.25,0.198213160038
0.25,0.0,0.25,0.25
0.0,0.0,0.0,0.0
0.0,23.004869,0.0,0.0
0.25,0.0,0.25,0.25
0.25,0.0,0.25,0.25
0.25,0.0,0.25,0.25
0.25,0.0,0.25,0.25
0.25,0.0,0.25,0.25
0.236395478249,0.0,0.25,0.25
0.25,0.0,0.25,0.105631232262
0.25,0.0,0.25,0.149083286524
0.25,0.0,0.25,0.0686354637146
0.25,0.0,0.25,-0.0984394326806
0.25,0.0,0.25,0.0505747757852
0.225077837706,0.0,0.25,0.0492913126945
0.191329210997,0.0,0.25,0.0925996527076
0.122804738581,0.0,0.25,0.25
0.176008537412,0.0,0.25,0.25
0.25,0.0,0.25,0.25
0.0,0.0,0.0,0.0
0.0,12.150397,0.0,0.0
0.25,0.0,0.25,0.25
0.154508322477,0.0,0.25,0.124461315572
0.0825734734535,0.0,0.25,0.119011856616
0.127939492464,0.0,0.25,0.25
0.184018835425,0.0,0.25,0.165719851851
0.217334792018,0.0,0.25,0.25
0.25,0.0,0.25,0.157191723585
0.223544955254,0.0,0.25,0.10115737468
0.25,0.0,0.25,0.146633416414
0.25,0.0,0.25,0.25
0.25,0.0,0.25,0.25
0.25,0.0,0.25,0.0801444724202
0.25,0.0,0.25,-0.123923629522
0.25,0.0,0.25,0.25
0.0,0.0,0.0,0.0
0.0,11.12101,0.0,0.0
0.25,0.0,0.25,0.25
0.25,0.0,0.25,0.25
0.25,0.0,0.25,0.25
0.17463926971,0.0,0.25,0.25
0.163206085563,0.0,0.25,0.0302808173001
0.160967871547,0.0,0.25,0.135404407978
0.187820896506,0.0,0.25,0.25
0.146809324622,0.0,0.25,0.25
0.182086676359,0.0,0.25,0.25
0.10502885282,0.0,0.25,0.0227511189878
0.25,0.0,0.25,0.0964429527521
0.25,0.0,0.25,-0.122627913952
0.25,0.0,0.25,-0.176109999418
0.25,0.0,0.25,-0.216601014137
0.25,0.0,-0.0107267694548,-0.25
0.0,0.0,0.0,0.0
0.0,11.516087,0.0,0.0
0.25,0.0,-0.25,-0.25
0.25,0.0,-0.0643281042576,-0.25
0.181852981448,0.0,-0.25,-0.25
0.204152524471,0.0,-0.25,-0.25
0.214167401195,0.0,-0.14145475626,-0.25
0.25,0.0,0.0177035983652,-0.25
0.242138937116,0.0,-0.132030531764,-0.25
0.25,0.0,0.088003911078,-0.25
0.25,0.0,0.0383355766535,-0.25
0.25,0.0,0.0374831967056,-0.25
0.162199661136,0.0,0.25,-0.25
0.115934081376,0.0,0.25,-0.25
0.0600016899407,0.0,0.25,-0.25
0.0,0.0,0.25,-0.25
0.214924648404,0.0,0.25,-0.25
0.182654112577,0.0,0.25,-0.0249468106776
0.00429688673466,0.0,0.25,-0.25
0.0,0.0,0.25,-0.225746497512
0.144550353289,0.0,0.25,-0.211873397231
0.129466220737,0.0,0.25,-0.25
0.25,0.0,0.25,-0.25
0.25,0.0,0.25,-0.25
0.25,0.0,0.185914203525,-0.25
0.25,0.0,0.111877962947,-0.25
0.117134653032,0.0,0.0441813096404,-0.217950567603
0.0,0.0,0.0,0.0
0.0,26.015166,0.0,0.0
0.163681447506,0.0,-0.00936653185636,-0.208936467767
0.25,0.0,-0.143533810973,-0.25
0.195488020778,0.0,-0.0221549812704,-0.25
0.25,0.0,0.25,-0.246837884188
0.25,0.0,0.25,-0.118633188307
0.25,0.0,0.25,-0.048241827637
0.25,0.0,0.25,-0.105065956712
0.0924010127783,0.0,0.25,-0.25
0.193911626935,0.0,0.25,-0.25
0.25,0.0,0.25,-0.203236222267
0.25,0.0,0.25,-0.104643300176
0.25,0.0,0.210357010365,-0.243942320347
0.25,0.0,0.25,-0.0536126382649
0.25,0.0,0.25,-0.155512541533
0.25,0.0,0.25,-0.121794752777
0.25,0.0,0.25,-0.0137859201059
0.25,0.0,-0.0817288979888,-0.103383220732
0.0,0.0,0.0,0.0
0.0,17.563076,0.0,0.0
0.25,0.0,-0.25,-0.25
0.25,0.0,-0.0205957200378,-0.179870694876
0.25,0.0,-0.169889733195,-0.106110602617
0.25,0.0,-0.0919832363725,0.0980190709233
0.25,0.0,-0.199067115784,-0.0406296625733
0.25,0.0,-0.25,-0.204887107015
0.22480982542,0.0,-0.25,-0.183016046882
0.25,0.0,0.00295279128477,-0.25
0.25,0.0,0.0183204263449,-0.25
0.25,0.0,-0.120080120862,-0.25
0.25,0.0,0.218042969704,-0.25
0.25,0.0,0.0727668702602,0.0575059317052
0.25,0.0,0.152494609356,-0.175692051649
0.25,0.0,0.126988857985,-0.185420274734
0.25,0.0,0.125214785337,0.0337374433875
0.25,0.0,0.25,0.176120087504
0.25,0.0,0.25,0.108941853046
0.25,0.0,0.25,0.0102991554886
0.25,0.0,0.203337371349,-0.0869044885039
0.25,0.0,0.203526094556,0.166634947062
0.245672285557,0.0,0.0862893685699,0.105311140418
0.25,0.0,0.208500951529,-0.0347867123783
0.25,0.0,0.112033486366,-0.00964287202805
0.185729384422,0.0,-0.00205854955129,-0.215707376599
0.134591475129,0.0,-0.25,-0.0856459215283
0.0806034058332,0.0,0.0682934001088,0.0453627668321
0.207356125116,0.0,-0.103597871959,-0.229801371694
0.223838418722,0.0,-0.180284485221,-0.130589991808
0.222773104906,0.0,-0.25,-0.0654222592711
0.25,0.0,-0.25,0.0597581490874
0.152527570724,0.0,0.0056953500025,-0.147037312388
0.0807813182473,0.0,0.0419951863587,0.0260979197919
0.156801611185,0.0,-0.0173576176167,-0.110368855298
0.196333408356,0.0,-0.177436843514,-0.25
0.25,0.0,0.0782498791814,-0.219137489796
0.25,0.0,-0.193805828691,-0.157028511167
0.25,0.0,-0.224314942956,0.140010222793
0.25,0.0,-0.25,0.0423697382212
0.25,0.0,0.017127962783,-0.118256010115
0.25,0.0,0.0304067991674,0.0888350903988
0.25,0.0,0.157344281673,0.130365356803
0.221675306559,0.0,-0.0113504165784,-0.00435309158638
0.101185888052,0.0,-0.192432269454,-0.25
0.0421434007585,0.0,-0.21300201118,-0.25
0.209560319781,0.0,-0.25,-0.25
0.219469577074,0.0,-0.21224783361,-0.25
0.25,0.0,0.047772642225,-0.25
0.194209054112,0.0,-0.155791968107,-0.25
0.177904307842,0.0,-0.25,-0.25
0.15008585155,0.0,-0.25,-0.0247296523303
0.0188392680138,0.0,-0.25,0.0751135349274
0.000450151535915,0.0,-0.198488205671,-0.129707828164
0.0432546325028,0.0,-0.0450451597571,0.0844155102968
0.166879609227,0.0,0.25,0.20419088006
0.192611351609,0.0,0.205027863383,0.25
0.25,0.0,-0.18266864121,0.227107286453
0.25,0.0,-0.25,0.165597394109
0.25,0.0,-0.25,0.25
0.25,0.0,-0.25,0.0541361384094
0.234506383538,0.0,-0.222722500563,-0.0679080784321
0.22859403491,0.0,-0.127644658089,-0.25
0.18197286129,0.0,-0.197384759784,-0.25
0.228234648705,0.0,0.169826433063,-0.25
0.1825376302,0.0,0.0301447845995,-0.25
0.25,0.0,0.25,-0.25
0.234132736921,0.0,0.25,-0.25
0.25,0.0,0.25,-0.25
0.25,0.0,0.25,-0.25
0.217963978648,0.0,0.25,-0.25
0.173789158463,0.0,0.25,-0.25
0.25,0.0,0.25,-0.25
0.200739592314,0.0,0.0535129532218,-0.25
0.148624360561,0.0,0.245590373874,-0.25
0.25,0.0,0.25,-0.25
0.25,0.0,0.25,-0.25
0.218509674072,0.0,0.25,-0.25
0.00966518558562,0.0,0.25,-0.25
0.0837787017226,0.0,0.25,-0.25
0.0897181928158,0.0,0.25,-0.25
0.117455027997,0.0,0.25,-0.25
0.25,0.0,0.25,-0.25
0.25,0.0,0.25,-0.100925795734
0.25,0.0,0.25,-0.25
0.25,0.0,-0.0163797419518,-0.25
0.25,0.0,0.017030723393,-0.25
0.242799967527,0.0,-0.0370385088027,-0.25
0.25,0.0,-0.25,-0.25
0.207405790687,0.0,-0.25,-0.25
0.120314620435,0.0,-0.157763645053,-0.25
0.176865071058,0.0,-0.176132202148,-0.25
0.226349636912,0.0,-0.243392631412,-0.25
0.153751403093,0.0,-0.242984831333,-0.25
0.164075940847,0.0,-0.25,-0.25
0.112533941865,0.0,0.00388719537295,-0.25
0.189926087856,0.0,0.25,-0.25
0.159800797701,0.0,0.25,-0.25
0.206338509917,0.0,0.25,-0.25
0.199718117714,0.0,0.25,-0.25
0.25,0.0,0.25,-0.071870572865
0.25,0.0,0.25,0.0708708912134
0.25,0.0,0.25,-0.174511685967
0.25,0.0,0.25,-0.227823361754
0.25,0.0,0.25,-0.25
0.25,0.0,0.25,-0.25
0.217103436589,0.0,0.184071883559,-0.25
0.0213821213692,0.0,0.25,-0.25
0.188171669841,0.0,0.25,-0.25
0.167987659574,0.0,0.25,-0.25
0.25,0.0,0.25,-0.25
0.218643009663,0.0,0.25,-0.25
0.122582368553,0.0,0.14980328083,-0.25
0.0,0.0,0.0,0.0
0.0,77.58382,0.0,0.0
0.17098967731,0.0,0.25,-0.25
0.111210368574,0.0,0.115915603936,-0.168863341212
0.0938386917114,0.0,0.25,-0.25
0.176641777158,0.0,0.25,-0.25
0.149263933301,0.0,0.132650241256,-0.25
0.14050398767,0.0,0.0646278113127,-0.25
0.0,0.0,0.154252126813,-0.25
0.0262470468879,0.0,-0.0600504912436,-0.25
0.0380267612636,0.0,-0.0293942950666,-0.25
0.0819292217493,0.0,0.25,-0.25
0.131751775742,0.0,0.25,-0.25
0.109498612583,0.0,0.108305260539,-0.25
0.1095886603,0.0,-0.0415231660008,-0.25
0.00993789732456,0.0,-0.0073119206354,-0.25
0.0,0.0,-0.0654967874289,-0.25
0.0,0.0,0.0312657356262,-0.25
0.032987229526,0.0,-0.00560128130019,-0.25
0.203131079674,0.0,0.0845312252641,-0.25
0.0624416209757,0.0,0.100947208703,-0.25
0.205357000232,0.0,0.25,-0.25
0.25,0.0,0.25,-0.25
0.25,0.0,0.25,-0.25
0.25,0.0,0.228924646974,-0.239895537496
0.25,0.0,0.244293034077,-0.187853813171
0.24330034852,0.0,0.060818169266,-0.25
0.22656698525,0.0,0.25,-0.189964219928
0.215153634548,0.0,0.25,-0.0921125337481
0.0,0.0,0.0,0.0
0.0,19.843865,0.0,0.0
0.24518071115,0.0,0.25,-0.0919502973557
0.2333034724,0.0,0.25,-0.199515342712
0.183638125658,0.0,0.125819921494,0.0197413992137
0.25,0.0,0.25,-0.201964437962
0.25,0.0,0.0592239126563,-0.115264579654
0.25,0.0,0.123413451016,-0.25
0.25,0.0,0.25,-0.19542196393
0.25,0.0,0.25,-0.226575896144
0.25,0.0,0.10426004976,-0.25
0.25,0.0,0.137223437428,-0.25
0.158069178462,0.0,0.206131651998,0.0369710847735
0.066982537508,0.0,0.25,0.195223420858
0.0840437635779,0.0,0.25,0.0351334065199
0.0929889604449,0.0,0.25,0.168736204505
0.25,0.0,0.25,0.25
0.25,0.0,0.25,0.239476501942
0.170754238963,0.0,0.185065403581,0.25
0.119528912008,0.0,0.091052249074,0.25
0.0,0.0,0.0,0.0
0.0,13.958879,0.0,0.0
0.25,0.0,0.25,-0.25
0.25,0.0,0.25,-0.25
0.25,0.0,0.25,-0.25
0.25,0.0,0.25,-0.25
0.25,0.0,0.25,-0.25
0.25,0.0,0.25,-0.25
0.25,0.0,0.25,-0.25
0.25,0.0,0.25,-0.25
0.25,0.0,0.25,-0.25
0.25,0.0,0.25,-0.25
0.25,0.0,0.25,-0.25
0.25,0.0,0.25,-0.25
0.25,0.0,0.25,-0.25
0.25,0.0,0.25,-0.25
0.25,0.0,0.25,-0.25
0.25,0.0,0.25,-0.25
0.25,0.0,0.25,-0.25
0.25,0.0,0.25,-0.25
0.25,0.0,0.25,-0.25
0.25,0.0,0.25,-0.25
0.25,0.0,0.25,-0.25
0.25,0.0,0.25,-0.25
0.25,0.0,0.25,-0.25
0.25,0.0,0.25,-0.25
0.25,0.0,0.25,-0.25
0.25,0.0,0.25,-0.25
0.25,0.0,0.25,-0.25
0.25,0.0,0.25,-0.25
0.25,0.0,0.25,-0.25
0.25,0.0,0.25,-0.25
0.25,0.0,0.25,-0.25
0.25,0.0,0.25,-0.25
0.25,0.0,0.25,-0.25
0.25,0.0,0.25,-0.25
0.25,0.0,0.25,-0.25
0.25,0.0,0.25,-0.25
0.25,0.0,0.25,-0.25
0.25,0.0,0.25,-0.25
0.25,0.0,0.25,-0.25
0.25,0.0,0.25,-0.25
0.25,0.0,0.25,-0.25
0.25,0.0,0.25,-0.25
0.25,0.0,0.25,-0.25
0.25,0.0,0.25,-0.25
0.25,0.0,0.25,-0.25
0.25,0.0,0.25,-0.25
0.25,0.0,0.25,-0.25
0.25,0.0,0.25,-0.25
0.25,0.0,0.25,-0.25
0.25,0.0,0.25,-0.25
0.0,0.0,0.0,0.0
0.0,11.151962,0.0,0.0
0.0,0.0,0.25,0.075110308826
0.00318281585351,0.0,0.25,-0.0284616034478
0.0,0.0,0.25,0.123949192464
0.0159796588123,0.0,0.25,0.121903322637
0.190710932016,0.0,0.245334595442,0.0140796117485
0.25,0.0,0.0605476126075,-0.0181003324687
0.25,0.0,-0.0446867235005,0.151983231306
0.13012868166,0.0,0.0393037982285,-0.142563730478
0.0,0.0,0.149490371346,-0.25
0.0521409511566,0.0,-0.101493030787,-0.25
0.151836782694,0.0,-0.25,-0.25
0.244654029608,0.0,-0.25,-0.25
0.0329970382154,0.0,-0.25,-0.25
0.0169752687216,0.0,-0.170385196805,-0.25
0.0224438458681,0.0,0.227301135659,-0.25
0.0662033110857,0.0,0.103877030313,-0.25
0.103458195925,0.0,0.25,-0.25
0.0989624336362,0.0,0.25,-0.25
0.0782542973757,0.0,0.25,-0.25
0.12632855773,0.0,0.25,-0.199845954776
0.248645588756,0.0,0.25,0.0154112931341
0.210653036833,0.0,-0.216407388449,-0.038617182523
0.248193472624,0.0,-0.25,-0.0395492985845
0.219397768378,0.0,-0.25,-0.0437865518034
0.0676212459803,0.0,-0.11525323987,-0.0307078901678
0.075493901968,0.0,-0.102842159569,-0.25
0.200311824679,0.0,-0.25,-0.2275865376
0.152036145329,0.0,-0.25,-0.143781110644
0.185930371284,0.0,-0.25,-0.23227442801
0.238666623831,0.0,-0.25,-0.129549622536
0.0231390092522,0.0,-0.25,0.111075282097
0.0548158846796,0.0,0.0129752531648,0.112197838724
0.0857047811151,0.0,-0.140952467918,-0.0561735332012
0.0,0.0,-0.0878560915589,-0.126022994518
0.0,0.0,-0.154552340508,-0.202021554112
0.106371112168,0.0,-0.120253264904,-0.25
0.25,0.0,-0.176852688193,-0.0785178467631
0.25,0.0,-0.143352106214,0.0583938322961
0.25,0.0,0.25,0.179361358285
0.25,0.0,0.148489117622,-0.00518322503194
0.25,0.0,0.25,0.0242731831968
0.25,0.0,0.0442360974848,0.1817971766
0.241637453437,0.0,-0.25,0.0108911544085
0.25,0.0,-0.0386870577931,-0.0509897172451
0.25,0.0,0.00183987605851,-0.0499176420271
0.25,0.0,-0.15666243434,0.11960760504
0.25,0.0,-0.0982728973031,-0.0205222275108
0.25,0.0,0.109142161906,0.176961526275
0.25,0.0,0.201286658645,0.25
0.25,0.0,0.119598314166,-0.0993370860815
0.25,0.0,0.206369772553,-0.25
0.25,0.0,0.110281556845,-0.25
0.169172480702,0.0,0.126029029489,-0.25
0.113104656339,0.0,0.0517943650484,-0.25
0.0613326840103,0.0,0.0555143505335,-0.25
0.0324557796121,0.0,0.134350225329,-0.25
0.0118617890403,0.0,0.25,-0.25
0.116881877184,0.0,0.25,-0.25
0.104807674885,0.0,0.25,-0.25
0.0890147984028,0.0,0.25,-0.25
0.101191781461,0.0,0.25,-0.25
0.090571090579,0.0,0.25,-0.25
0.0654643923044,0.0,0.25,-0.25
0.221234232187,0.0,0.25,-0.25
0.25,0.0,0.25,-0.25
0.25,0.0,0.134367987514,-0.25
0.150336027145,0.0,0.25,-0.25
0.25,0.0,0.1088758111,-0.25
0.155977040529,0.0,-0.0729793012142,-0.25
0.0,0.0,0.0,0.0
0.0,51.659199,0.0,0.0
0.0,0.0,-0.230792418122,-0.25
0.225997954607,0.0,-0.172252446413,-0.25
0.25,0.0,0.0765013992786,-0.25
0.25,0.0,0.25,-0.25
0.194105237722,0.0,0.25,-0.127807676792
0.25,0.0,0.25,-0.25
0.130961239338,0.0,0.25,-0.25
0.25,0.0,0.25,-0.25
0.25,0.0,0.237863764167,-0.25
0.25,0.0,0.25,-0.25
0.25,0.0,0.25,-0.25
0.25,0.0,0.25,-0.25
0.25,0.0,0.25,0.0607227943838
0.25,0.0,0.237279623747,-0.0143474983051
0.25,0.0,0.0610787719488,0.104896642268
0.25,0.0,-0.109997443855,0.25
0.25,0.0,-0.0441666059196,0.25
0.25,0.0,-0.25,0.25
0.25,0.0,-0.0657622739673,0.0992946997285
0.25,0.0,0.05541446805,0.0994270145893
0.25,0.0,0.25,-0.0408902727067
0.25,0.0,0.25,0.0232357475907
0.25,0.0,0.25,-0.224666699767
0.25,0.0,0.25,0.100313283503
0.25,0.0,0.25,-0.0649835765362
0.218599528074,0.0,0.156229257584,-0.234507143497
0.242424950004,0.0,-0.104826465249,-0.25
0.221188873053,0.0,-0.25,-0.25
0.130874708295,0.0,-0.25,-0.239097312093
0.228053510189,0.0,-0.0784103870392,-0.25
0.25,0.0,-0.122835353017,-0.25
0.25,0.0,-0.0825327038765,-0.25
0.25,0.0,-0.151833817363,-0.25
0.25,0.0,-0.25,-0.25
0.25,0.0,-0.25,-0.25
0.25,0.0,-0.25,-0.25
0.25,0.0,-0.25,-0.25
0.25,0.0,0.110062748194,-0.25
0.25,0.0,-0.107731372118,-0.25
0.25,0.0,-0.25,-0.25
0.25,0.0,-0.25,-0.25
0.25,0.0,-0.25,-0.25
0.25,0.0,-0.25,-0.25
0.25,0.0,-0.172867745161,-0.144542723894
0.25,0.0,0.00146359892096,-0.162417516112
0.25,0.0,0.25,-0.25
0.25,0.0,0.25,-0.25
0.25,0.0,0.25,-0.217966303229
0.25,0.0,0.25,-0.197616130114
0.25,0.0,0.25,-0.25
0.25,0.0,0.25,-0.206077158451
0.25,0.0,0.25,-0.201573967934
0.25,0.0,0.25,-0.25
0.188909232616,0.0,0.25,-0.25
0.104448087513,0.0,0.25,-0.0533374138176
0.232418954372,0.0,0.25,-0.172439232469
0.199000194669,0.0,0.25,-0.059335552156
0.152213051915,0.0,0.25,-0.25
0.139778196812,0.0,0.25,-0.25
0.131534069777,0.0,0.25,-0.198779344559
0.0,0.0,0.0,0.0
0.0,39.944272,0.0,0.0
0.115618549287,0.0,0.25,-0.25
0.139944985509,0.0,0.25,-0.160846829414
0.189550921321,0.0,0.25,-0.25
0.00607263250276,0.0,0.25,-0.00517946202308
0.0,0.0,0.25,-0.0481011383235
0.0,0.0,0.25,-0.25
0.144092485309,0.0,0.25,-0.25
0.0,0.0,0.25,-0.25
0.0,0.0,0.243033155799,-0.248474448919
0.0,0.0,0.170552194118,-0.25
0.0,0.0,0.25,-0.25
0.118529424071,0.0,0.168958470225,-0.25
0.114294081926,0.0,-0.233679503202,-0.25
0.15264827013,0.0,-0.229583144188,-0.216627076268
0.0,0.0,-0.0854351446033,-0.102925442159
0.109848707914,0.0,0.103857405484,-0.25
0.172905385494,0.0,0.25,-0.25
0.25,0.0,0.25,-0.202198892832
0.202063679695,0.0,0.25,-0.20430739224
0.181060865521,0.0,0.25,-0.216453194618
0.0,0.0,0.25,-0.0270488448441
0.00996993295848,0.0,0.25,-0.25
0.0,0.0,0.0,0.0
0.0,15.008017,0.0,0.0
0.0395779572427,0.0,0.25,-0.25
0.108358837664,0.0,0.25,-0.25
0.244976297021,0.0,0.25,-0.25
0.225881382823,0.0,0.25,-0.25
0.189597979188,0.0,0.25,-0.25
0.205090582371,0.0,0.25,-0.11735072732
0.230632662773,0.0,0.25,-0.194000303745
0.162268057466,0.0,0.25,0.106210306287
0.25,0.0,0.25,-0.100692719221
0.249387338758,0.0,0.25,-0.246885895729
0.25,0.0,0.25,-0.19083443284
0.25,0.0,0.205059364438,-0.249564126134
0.25,0.0,0.25,-0.25
0.25,0.0,0.147139251232,-0.25
0.25,0.0,0.110558867455,-0.25
0.0,0.0,0.0,0.0
0.0,11.506013,0.0,0.0
0.25,0.0,0.126290842891,-0.25
0.25,0.0,-0.149875789881,-0.25
0.25,0.0,-0.0963778048754,-0.25
0.25,0.0,0.0500727817416,-0.25
0.25,0.0,-0.101060979068,0.0243205893785
0.246032118797,0.0,-0.184894055128,-0.19519726932
0.25,0.0,-0.216748982668,-0.25
0.25,0.0,-0.0153423752636,-0.25
0.25,0.0,-0.0273684877902,-0.25
0.185485422611,0.0,0.100110046566,-0.25
0.25,0.0,-0.142291650176,-0.25
0.25,0.0,0.0640336871147,-0.25
0.25,0.0,0.227152571082,-0.25
0.215214803815,0.0,0.25,-0.25
0.25,0.0,0.25,-0.25
0.25,0.0,0.107406392694,-0.25
0.203217566013,0.0,0.214246660471,-0.25
0.229287594557,0.0,0.188850551844,-0.25
0.25,0.0,0.25,-0.25
0.25,0.0,0.25,-0.25
0.25,0.0,0.25,-0.25
0.25,0.0,0.25,-0.25
0.25,0.0,0.25,-0.25
0.25,0.0,0.25,-0.25
0.25,0.0,0.25,-0.25
0.239516437054,0.0,0.25,-0.25
0.25,0.0,0.25,-0.25
0.25,0.0,0.25,-0.25
0.211978793144,0.0,0.25,-0.25
0.25,0.0,0.232035979629,-0.25
0.199023887515,0.0,0.25,-0.25
0.0,0.0,0.0,0.0
0.0,21.375221,0.0,0.0
0.166391298175,0.0,0.25,-0.25
0.0233103651553,0.0,0.25,-0.25
0.0,0.0,0.25,-0.25
0.0,0.0,0.25,-0.25
0.0,0.0,0.25,-0.25
0.0,0.0,0.25,-0.25
0.080587439239,0.0,0.25,-0.25
0.14579243958,0.0,0.217805087566,-0.25
0.0702951177955,0.0,0.25,-0.25
0.02641017735,0.0,0.121581874788,-0.25
0.0,0.0,0.189138531685,-0.25
0.0,0.0,0.228237107396,-0.25
0.0,0.0,0.0855745151639,-0.19766741991
0.0,0.0,-0.100607007742,-0.25
0.00800279993564,0.0,0.0458106808364,-0.25
0.141226842999,0.0,0.25,-0.25
0.129897296429,0.0,0.25,-0.175697699189
0.113130934536,0.0,0.208763629198,-0.0435468740761
0.0837543681264,0.0,-0.0924744307995,0.121353276074
0.0535607226193,0.0,-0.0625816360116,0.0395681522787
0.182901069522,0.0,-0.154785573483,-0.00849556922913
0.152985662222,0.0,-0.158343166113,0.00667746271938
0.0478574261069,0.0,0.060415096581,-0.227128833532
0.199824407697,0.0,0.25,-0.201211586595
0.19132322073,0.0,0.25,-0.20424965024
0.246299996972,0.0,0.25,-0.25
0.25,0.0,0.25,-0.25
0.0,0.0,0.0,0.0
0.0,17.750924,0.0,0.0
0.25,0.0,0.25,-0.25
0.25,0.0,0.25,-0.25
0.25,0.0,0.170189499855,-0.25
0.218364939094,0.0,0.25,-0.25
0.25,0.0,0.168311566114,-0.25
0.130887851119,0.0,0.130915239453,-0.25
0.17939324677,0.0,0.147915437818,-0.25
0.0333394594491,0.0,0.161468803883,-0.25
0.196227133274,0.0,-0.142240405083,-0.25
0.242408677936,0.0,-0.25,-0.25
0.25,0.0,-0.140098333359,-0.112262941897
0.25,0.0,-0.0703173130751,-0.00152475363575
0.199995443225,0.0,0.25,0.104877181351
0.217542871833,0.0,0.25,0.1579233706
0.12322602421,0.0,0.25,0.0533907860518
0.0437540598214,0.0,-0.00179751042742,-0.121603317559
0.0,0.0,0.0257287565619,0.0773151740432
0.0,0.0,-0.25,-0.0389403663576
0.0423658378422,0.0,-0.0885160341859,-0.0742855742574
0.0,0.0,0.00513150449842,0.0268670339137
0.0206422228366,0.0,0.25,-0.213932752609
0.101998277009,0.0,0.25,-0.25
0.0776570737362,0.0,0.25,-0.246548727155
0.128735139966,0.0,0.25,-0.25
0.0789029896259,0.0,0.25,-0.25
0.0,0.0,0.198357224464,-0.25
0.0426146350801,0.0,0.181641727686,-0.25
0.175925463438,0.0,0.0152312507853,-0.25
0.18514482677,0.0,0.0917552858591,0.063790909946
0.220501258969,0.0,0.0707941800356,0.25
0.249104470015,0.0,0.231288418174,0.25
0.180699244142,0.0,0.25,0.25
0.0727412477136,0.0,0.208443194628,0.25
0.0,0.0,0.0,0.0
0.0,22.182066,0.0,0.0
0.0,0.0,0.25,0.25
0.0395421534777,0.0,0.25,0.25
0.177307754755,0.0,0.147856116295,0.194487065077
0.230290651321,0.0,0.015208337456,-0.0294838380069
0.149144396186,0.0,0.25,-0.25
0.130733713508,0.0,0.143315240741,-0.25
0.20178565383,0.0,0.25,-0.25
0.25,0.0,0.25,-0.25
0.242835432291,0.0,0.212119325995,-0.25
0.190351545811,0.0,-0.0639503449202,-0.25
0.25,0.0,-0.141402170062,-0.25
0.19382314384,0.0,-0.25,-0.25
0.23994243145,0.0,-0.129319921136,-0.166735723615
0.25,0.0,-0.25,-0.193754315376
0.25,0.0,-0.136938378215,-0.25
0.215229541063,0.0,-0.23539493978,-0.25
0.107212863863,0.0,-0.208483695984,-0.25
0.25,0.0,-0.25,-0.25
0.0385100021958,0.0,0.0343057066202,-0.25
0.0802594646811,0.0,0.101856999099,-0.25
0.158574938774,0.0,0.0610459111631,-0.25
0.193571895361,0.0,-0.108555912971,-0.25
0.164638578892,0.0,-0.0266424790025,-0.25
0.229999989271,0.0,0.0286303330213,-0.193971082568
0.182092875242,0.0,-0.158443823457,-0.25
0.230943128467,0.0,0.124576956034,-0.121508948505
0.149794951081,0.0,-0.0481438785791,0.00762201752514
0.115266986191,0.0,0.0392998978496,0.17797395587
0.148278474808,0.0,0.25,0.0669275075197
0.0,0.0,0.25,0.237528562546
0.00185816397425,0.0,0.0486119836569,0.25
0.047141417861,0.0,0.17701920867,0.25
0.100811801851,0.0,0.25,0.25
0.140972584486,0.0,0.25,0.25
0.199198707938,0.0,0.0194535404444,0.25
0.130690664053,0.0,-0.0151051832363,0.25
0.202486991882,0.0,0.0758689716458,0.25
0.247305959463,0.0,-0.0438350699842,0.25
0.25,0.0,-0.25,0.25
0.18083705008,0.0,-0.25,0.25
0.129586219788,0.0,-0.25,0.25
0.11285995692,0.0,-0.2052872926,0.136956647038
0.25,0.0,0.0595331788063,-0.0251717828214
0.155123859644,0.0,0.25,-0.11829225719
0.13450820744,0.0,0.25,-0.142295271158
0.136286914349,0.0,0.25,-0.214541867375
0.127937421203,0.0,0.25,-0.25
0.179424807429,0.0,0.25,-0.25
0.25,0.0,0.25,-0.25
0.25,0.0,0.195688694715,-0.223804235458
0.25,0.0,0.245750814676,0.163337081671
0.149116754532,0.0,0.131512373686,0.212373524904
0.0,0.0,0.083299562335,0.0211071260273
0.0109455352649,0.0,0.0758576616645,0.25
0.0847932770848,0.0,0.052110824734,0.25
0.130832970142,0.0,0.0774494186044,0.25
0.128313690424,0.0,0.25,0.214122191072
0.14168561995,0.0,0.25,0.25
0.0,0.0,0.0,0.0
0.0,43.719286,0.0,0.0
0.172926679254,0.0,0.25,0.00810031499714
0.183594927192,0.0,0.25,-0.039802312851
0.0,0.0,0.211216002703,0.0044141728431
0.0,0.0,0.177965283394,-0.25
0.0,0.0,0.17048740387,-0.25
0.0,0.0,-0.0718641281128,-0.25
0.0,0.0,-0.0221394486725,-0.25
0.240901142359,0.0,0.105829723179,-0.25
0.25,0.0,0.25,-0.25
0.234820783138,0.0,0.25,-0.25
0.25,0.0,0.25,-0.25
0.25,0.0,0.25,-0.25
0.25,0.0,-0.0985510796309,-0.184344932437
0.25,0.0,-0.25,-0.25
0.25,0.0,-0.25,-0.103026166558
0.25,0.0,-0.247352063656,0.0350121222436
0.25,0.0,-0.25,-0.07365706563
0.25,0.0,-0.0863400623202,0.12128623575
0.25,0.0,-0.000846080016345,-0.156454131007
0.25,0.0,0.157790541649,-0.0161180514842
0.25,0.0,0.25,0.0573237799108
0.25,0.0,0.25,-0.066617295146
0.25,0.0,0.25,-0.0354283303022
0.25,0.0,0.25,-0.079293474555
0.25,0.0,0.25,-0.203487187624
0.25,0.0,0.25,-0.25
0.198254182935,0.0,0.00514621520415,-0.25
0.14910069108,0.0,-0.0558060519397,-0.25
0.240754887462,0.0,0.13407741487,-0.25
0.229602649808,0.0,-0.25,-0.25
0.186814412475,0.0,-0.25,-0.25
0.25,0.0,-0.25,-0.25
0.25,0.0,-0.25,-0.25
0.25,0.0,-0.25,-0.25
0.25,0.0,-0.25,-0.25
0.25,0.0,-0.243674531579,-0.25
0.179563075304,0.0,-0.0445107966661,-0.25
0.25,0.0,0.0673558041453,-0.25
0.19937081635,0.0,0.0547986738384,-0.220114409924
0.0915850326419,0.0,0.189116537571,-0.25
0.25,0.0,0.25,-0.230310693383
0.25,0.0,0.180662110448,-0.25
0.25,0.0,0.111323192716,0.086206972599
0.25,0.0,0.25,0.22976577282
0.25,0.0,0.0407864712179,0.25
0.25,0.0,0.0829422920942,-0.0835028141737
0.214822113514,0.0,0.0757408812642,-0.25
0.213570475578,0.0,0.25,-0.0888709127903
0.25,0.0,0.25,-0.0980453193188
0.215869829059,0.0,0.25,0.170895025134
0.25,0.0,0.25,0.186872974038
0.25,0.0,0.25,0.108208283782
0.0,0.0,0.0,0.0
0.0,38.607543,0.0,0.0
0.25,0.0,0.25,-0.25
0.25,0.0,0.25,-0.25
0.25,0.0,0.25,-0.25
0.25,0.0,0.25,-0.25
0.25,0.0,0.25,-0.25
0.25,0.0,0.25,-0.25
0.25,0.0,0.25,-0.25
0.25,0.0,0.25,-0.25
0.25,0.0,0.25,-0.25
0.25,0.0,0.25,-0.25
0.25,0.0,0.25,-0.25
0.25,0.0,0.25,-0.25
0.25,0.0,0.25,-0.25
0.25,0.0,0.25,-0.25
0.25,0.0,0.25,-0.25
0.25,0.0,0.25,-0.25
0.25,0.0,0.25,-0.25
0.25,0.0,0.25,-0.25
0.25,0.0,0.25,-0.25
0.25,0.0,0.25,-0.25
0.25,0.0,0.25,-0.25
0.25,0.0,0.25,-0.25
0.25,0.0,0.25,-0.25
0.25,0.0,0.25,-0.25
0.25,0.0,0.25,-0.25
0.25,0.0,0.25,-0.25
0.25,0.0,0.25,-0.25
0.25,0.0,0.25,-0.25
0.25,0.0,0.25,-0.25
0.25,0.0,0.25,-0.25
0.25,0.0,0.25,-0.25
0.25,0.0,0.25,-0.25
0.25,0.0,0.25,-0.25
0.25,0.0,0.25,-0.25
0.25,0.0,0.25,-0.25
0.25,0.0,0.25,-0.25
0.25,0.0,0.25,-0.25
0.25,0.0,0.25,-0.25
0.25,0.0,0.25,-0.25
0.25,0.0,0.25,-0.25
0.25,0.0,0.25,-0.25
0.25,0.0,0.25,-0.25
0.25,0.0,0.25,-0.25
0.25,0.0,0.25,-0.25
0.25,0.0,0.25,-0.25
0.25,0.0,0.25,-0.25
0.25,0.0,0.25,-0.25
0.25,0.0,0.25,-0.25
0.0,0.0,0.0,0.0
0.0,10.675365,0.0,0.0
0.25,0.0,0.25,-0.25
0.25,0.0,0.25,-0.0557961426675
0.25,0.0,0.25,-0.102893531322
0.25,0.0,0.25,-0.25
0.25,0.0,0.25,-0.25
0.25,0.0,0.25,-0.25
0.25,0.0,0.25,-0.202760607004
0.25,0.0,0.25,-0.25
0.25,0.0,0.25,-0.25
0.25,0.0,0.25,-0.25
0.25,0.0,0.25,-0.126411348581
0.25,0.0,0.25,-0.0202844757587
0.25,0.0,0.25,-0.0885541886091
0.147116869688,0.0,0.25,0.00257485406473
0.100328169763,0.0,0.25,0.110503748059
0.0,0.0,0.0,0.0
0.0,12.356271,0.0,0.0
0.0,0.0,0.130084559321,-0.0685909166932
0.0867328122258,0.0,0.115797847509,0.0788946449757
0.174538955092,0.0,0.211933031678,0.0335278138518
0.0927549153566,0.0,-0.0916392579675,0.130078271031
0.215109720826,0.0,0.0272660292685,-0.0239056777209
0.25,0.0,-0.110791161656,-0.219464361668
0.241622760892,0.0,-0.203874409199,-0.25
0.25,0.0,-0.106940306723,-0.25
0.227544352412,0.0,-0.00789711624384,-0.25
0.25,0.0,0.0213990155607,-0.25
0.25,0.0,0.0539998337626,-0.158222422004
0.25,0.0,0.117933012545,0.184669658542
0.25,0.0,0.25,0.0509957633913
0.195915728807,0.0,0.25,-0.0599237196147
0.149555295706,0.0,0.25,-0.25
0.142802730203,0.0,0.25,-0.0520386137068
0.224206581712,0.0,0.207250386477,-0.0432194434106
0.25,0.0,0.25,-0.00489595998079
0.25,0.0,0.25,-0.25
0.25,0.0,0.25,-0.117772080004
0.101799756289,0.0,0.25,-0.164151757956
0.0509963072836,0.0,0.25,-0.144617363811
0.0135986879468,0.0,0.25,-0.0802877768874
0.00748990708962,0.0,0.25,-0.25
0.0591076351702,0.0,0.25,-0.164859414101
0.0760767459869,0.0,0.25,-0.0884219780564
0.0,0.0,0.0,0.0
0.0,19.714031,0.0,0.0
0.0,0.0,0.0395936928689,0.0300978496671
0.00671060709283,0.0,0.25,0.0268067922443
0.0180593654513,0.0,0.25,0.054250176996
0.0527366250753,0.0,0.25,0.0945002511144
0.0220517590642,0.0,0.113497890532,-0.0344956628978
0.0224782656878,0.0,0.25,0.0100541142747
0.0,0.0,0.190259471536,0.25
0.104818306863,0.0,0.226373210549,0.25
0.244760841131,0.0,0.220398724079,0.25
0.180860191584,0.0,0.25,-0.130355224013
0.25,0.0,0.25,-0.25
0.109881661832,0.0,0.25,-0.25
0.0113191800192,0.0,0.25,-0.25
0.0,0.0,0.25,-0.25
0.0,0.0,0.25,-0.25
0.0,0.0,0.25,-0.25
0.0171996559948,0.0,0.060501806438,-0.25
0.0,0.0,0.0,0.0
0.0,13.357562,0.0,0.0
0.0,0.0,0.0509468391538,-0.25
0.0501776449382,0.0,0.0877658575773,-0.25
0.0,0.0,0.209638670087,-0.25
0.0273184143007,0.0,0.25,-0.25
0.0,0.0,0.25,-0.25
0.0,0.0,0.25,-0.25
0.0435514748096,0.0,0.25,-0.25
0.237923577428,0.0,0.0720388442278,-0.25
0.209577426314,0.0,0.0575675554574,-0.25
0.204997643828,0.0,0.232540309429,-0.25
0.21213683486,0.0,0.232648953795,-0.25
0.201974496245,0.0,0.197119474411,-0.25
0.13756211102,0.0,0.170863702893,-0.25
0.201102361083,0.0,0.25,-0.25
0.229621499777,0.0,0.25,-0.25
0.197279036045,0.0,0.25,-0.25
0.158997699618,0.0,0.17652118206,-0.25
0.158504277468,0.0,0.111005619168,-0.25
0.0,0.0,0.0,0.0
0.0,14.173276,0.0,0.0
0.202022895217,0.0,0.0192691870034,-0.25
0.25,0.0,0.208610698581,-0.25
0.25,0.0,0.10324280709,-0.25
0.25,0.0,-0.0501104854047,-0.25
0.25,0.0,0.18818475306,-0.25
0.25,0.0,0.25,-0.25
0.25,0.0,0.25,-0.25
0.25,0.0,0.188459292054,-0.25
0.25,0.0,0.0364590473473,-0.25
0.25,0.0,-0.00801924150437,-0.25
0.25,0.0,0.0999827310443,-0.25
0.25,0.0,0.0582258552313,-0.133013799787
0.24840413034,0.0,0.25,-0.187508299947
0.161674663424,0.0,0.25,-0.25
0.234317287803,0.0,0.25,0.0130221089348
0.217374786735,0.0,0.25,0.0485090650618
0.227413743734,0.0,0.25,0.122620426118
0.203366279602,0.0,0.25,0.0788403525949
0.212325051427,0.0,0.25,0.120679788291
0.161680117249,0.0,0.25,0.239077851176
0.150905489922,0.0,0.25,0.25
0.0,0.0,0.0,0.0
0.0,17.253171,0.0,0.0
0.210185438395,0.0,0.25,0.0767865851521
0.121884346008,0.0,0.25,0.169954046607
0.245822921395,0.0,0.25,0.228079199791
0.15792876482,0.0,0.25,0.0137768164277
0.153657957911,0.0,0.25,0.25
0.0989875122905,0.0,0.25,0.25
0.205086097121,0.0,0.25,0.168401971459
0.150267854333,0.0,0.25,-0.115868441761
0.0673149824142,0.0,0.25,-0.25
0.154181629419,0.0,0.25,-0.194643452764
0.145569160581,0.0,0.25,-0.25
0.234546929598,0.0,0.177552640438,-0.25
0.195159569383,0.0,0.25,-0.25
0.0,0.0,0.25,-0.25
0.0,0.0,-0.0148314572871,-0.163419783115
0.0,0.0,0.25,-0.0981862992048
0.0,0.0,0.0,0.0
0.0,12.55781,0.0,0.0
0.0965281277895,0.0,0.0897221192718,-0.0373079553246
0.137207046151,0.0,0.009930646047,0.240044668317
0.194037914276,0.0,0.0895031094551,-0.0837936326861
0.224915236235,0.0,0.0644896179438,-0.227564886212
0.25,0.0,0.25,-0.25
0.25,0.0,0.0611804313958,-0.25
0.0,0.0,0.125196173787,-0.25
0.0,0.0,0.241352662444,-0.23340305686
0.0,0.0,0.220110595226,-0.25
0.0900428518653,0.0,0.0245824363083,-0.25
0.0594138242304,0.0,-0.192946732044,-0.25
0.0110190780833,0.0,-0.21925252676,-0.25
0.0,0.0,-0.185380637646,-0.25
0.102792583406,0.0,-0.197698816657,-0.25
0.0835585668683,0.0,-0.157288536429,-0.25
0.215618565679,0.0,-0.0796317830682,-0.25
0.0491756238043,0.0,-0.11841326952,-0.25
0.196161180735,0.0,0.198973342776,-0.25
0.133486196399,0.0,0.177799746394,-0.25
0.172124221921,0.0,0.25,-0.25
0.15911655128,0.0,0.25,-0.25
0.181313946843,0.0,0.25,-0.25
0.186002463102,0.0,0.25,-0.25
0.116830483079,0.0,0.25,-0.25
0.0480271019042,0.0,0.25,-0.25
0.10228317976,0.0,0.25,-0.25
0.158003345132,0.0,0.25,-0.25
0.189588412642,0.0,0.25,-0.25
0.180323779583,0.0,0.25,-0.25
0.215693026781,0.0,0.25,-0.25
0.0,0.0,0.25,-0.25
0.0,0.0,0.0,0.0
0.0,24.014913,0.0,0.0
0.0,0.0,0.25,-0.25
0.0,0.0,0.25,-0.25
0.0,0.0,0.25,-0.25
0.0,0.0,0.25,-0.25
0.00343003310263,0.0,0.25,-0.25
0.0,0.0,0.25,-0.25
0.0574940554798,0.0,0.25,-0.25
0.155391037464,0.0,0.25,-0.25
0.25,0.0,0.25,-0.25
0.25,0.0,0.223502114415,-0.25
0.25,0.0,0.25,-0.25
0.174974098802,0.0,0.25,-0.129504650831
0.152531147003,0.0,0.25,0.0125305419788
0.104555100203,0.0,0.25,-0.181440964341
0.00883276667446,0.0,0.25,-0.25
0.0,0.0,0.0,0.0
0.0,11.675946,0.0,0.0
0.143716305494,0.0,0.25,-0.147428110242
0.146743535995,0.0,0.25,-0.25
0.149807348847,0.0,0.25,-0.12555578351
0.108264178038,0.0,0.25,-0.25
0.0729815885425,0.0,0.25,-0.25
0.148270353675,0.0,0.25,-0.25
0.25,0.0,0.25,-0.25
0.25,0.0,0.25,-0.25
0.25,0.0,0.25,-0.25
0.25,0.0,0.25,-0.25
0.25,0.0,0.25,-0.25
0.244925290346,0.0,0.238639846444,-0.25
0.25,0.0,0.25,-0.173188298941
0.234495699406,0.0,0.25,-0.0959374755621
0.25,0.0,0.25,-0.25
0.117669098079,0.0,0.25,-0.25
0.0,0.0,0.0,0.0
0.0,12.378545,0.0,0.0
0.25,0.0,0.25,-0.25
0.25,0.0,0.25,-0.25
0.25,0.0,0.25,-0.25
0.25,0.0,0.25,-0.25
0.25,0.0,0.25,-0.25
0.25,0.0,0.25,-0.25
0.25,0.0,0.25,-0.25
0.25,0.0,0.25,-0.25
0.25,0.0,0.25,-0.25
0.25,0.0,0.25,-0.25
0.25,0.0,0.25,-0.25
0.25,0.0,0.25,-0.25
0.25,0.0,0.25,-0.25
0.25,0.0,0.25,-0.25
0.25,0.0,0.25,-0.25
0.25,0.0,0.25,-0.25
0.25,0.0,0.25,-0.25
0.25,0.0,0.25,-0.25
0.25,0.0,0.25,-0.25
0.25,0.0,0.25,-0.25
0.25,0.0,0.25,-0.25
0.25,0.0,0.25,-0.25
0.25,0.0,0.25,-0.25
0.25,0.0,0.25,-0.25
0.25,0.0,0.25,-0.25
0.25,0.0,0.25,-0.25
0.25,0.0,0.25,-0.25
0.25,0.0,0.25,-0.25
0.25,0.0,0.25,-0.25
0.25,0.0,0.25,-0.25
0.25,0.0,0.25,-0.25
0.25,0.0,0.25,-0.25
0.25,0.0,0.25,-0.25
0.25,0.0,0.25,-0.25
0.25,0.0,0.25,-0.25
0.25,0.0,0.25,-0.25
0.25,0.0,0.25,-0.25
0.25,0.0,0.25,-0.25
0.25,0.0,0.25,-0.25
0.25,0.0,0.25,-0.25
0.25,0.0,0.25,-0.25
0.25,0.0,0.25,-0.25
0.25,0.0,0.25,-0.25
0.25,0.0,0.25,-0.25
0.25,0.0,0.25,-0.25
0.25,0.0,0.25,-0.25
0.25,0.0,0.25,-0.25
0.0,0.0,0.0,0.0
0.0,10.745858,0.0,0.0
0.0250947698951,0.0,0.25,-0.0425570681691
0.0495506487787,0.0,0.25,-0.25
0.109537303448,0.0,0.25,-0.158337786794
0.0,0.0,0.25,0.0149738937616
0.0,0.0,0.25,0.244147390127
0.0,0.0,0.25,0.25
0.0,0.0,0.25,0.25
0.0,0.0,0.25,0.25
0.0,0.0,0.25,-0.247288838029
0.0,0.0,0.25,0.0382439643145
0.0,0.0,0.25,0.25
0.0,0.0,0.25,-0.00790639501065
0.00777991628274,0.0,0.25,-0.153576672077
0.135895475745,0.0,0.25,-0.25
0.125572487712,0.0,0.25,0.121375359595
0.0,0.0,0.0,0.0
0.0,12.339084,0.0,0.0
0.0708094537258,0.0,0.25,0.25
0.113219574094,0.0,0.248956546187,0.25
0.00582386553288,0.0,0.25,0.0447870492935
0.0,0.0,0.25,-0.105596080422
0.0,0.0,0.25,-0.25
0.0,0.0,0.222951740026,-0.25
0.0,0.0,-0.204360887408,-0.25
0.0,0.0,-0.0633695498109,-0.25
0.0,0.0,0.116928569973,-0.25
0.0,0.0,-0.132418736815,-0.25
0.0,0.0,0.25,-0.25
0.0,0.0,0.25,-0.0588812939823
0.00470509473234,0.0,0.25,-0.187617912889
0.104350246489,0.0,0.25,-0.25
0.234854638577,0.0,0.25,-0.25
0.121983021498,0.0,0.25,-0.25
0.0631294026971,0.0,0.241118788719,-0.041535615921
0.0176491532475,0.0,0.25,0.00319996941835
0.0441716201603,0.0,0.25,0.25
0.0,0.0,0.0,0.0
0.0,14.415357,0.0,0.0
0.0331210382283,0.0,0.25,0.25
0.0243965536356,0.0,0.147696882486,0.25
0.192666918039,0.0,0.25,0.0840419977903
0.25,0.0,0.25,0.25
0.163375124335,0.0,-0.0553809031844,0.25
0.153882905841,0.0,-0.25,0.25
0.231591418386,0.0,-0.23997426033,0.25
0.25,0.0,0.00142024434172,0.25
0.25,0.0,-0.12375292927,0.25
0.25,0.0,0.17439211905,0.25
0.25,0.0,0.153910562396,0.25
0.25,0.0,0.151405677199,0.25
0.25,0.0,0.25,0.25
0.25,0.0,0.25,0.25
0.25,0.0,0.25,0.25
0.25,0.0,0.25,0.25
0.25,0.0,0.25,0.25
0.25,0.0,0.161233738065,0.25
0.25,0.0,0.24695520103,0.25
0.25,0.0,0.0570565462112,0.25
0.25,0.0,0.0316299907863,0.194187760353
0.25,0.0,-0.214321628213,0.25
0.25,0.0,-0.124038733542,0.25
0.25,0.0,0.25,0.0379341393709
0.25,0.0,0.25,0.0171392951161
0.25,0.0,0.25,-0.243102192879
0.25,0.0,0.25,-0.206300005317
0.25,0.0,0.25,-0.25
0.25,0.0,0.25,-0.25
0.25,0.0,0.25,-0.150016158819
0.0,0.0,0.0,0.0
0.0,22.390388,0.0,0.0
0.25,0.0,0.213127017021,-0.25
0.25,0.0,0.234288558364,-0.249511137605
0.128086000681,0.0,0.0612178333104,-0.25
0.205962896347,0.0,-0.0597670301795,-0.25
0.25,0.0,0.0768672525883,-0.25
0.237503692508,0.0,0.110065877438,-0.25
0.25,0.0,0.24387870729,-0.25
0.221984937787,0.0,0.25,-0.25
0.14528849721,0.0,0.25,-0.25
0.16066133976,0.0,0.25,-0.25
0.229108870029,0.0,0.186209455132,-0.25
0.204417422414,0.0,0.127872541547,-0.25
0.0775594934821,0.0,0.194661617279,-0.25
0.202362284064,0.0,0.159941732883,-0.25
0.18770378828,0.0,0.0175046660006,-0.25
0.21519087255,0.0,-0.0713300928473,-0.25
0.193556919694,0.0,0.0225373711437,-0.25
0.0614489428699,0.0,-0.158487096429,-0.25
0.0,0.0,-0.0158749353141,-0.25
0.0905588194728,0.0,0.0832055583596,-0.25
0.219378247857,0.0,-0.0332190208137,-0.25
0.115541733801,0.0,-0.157809466124,-0.25
0.109428100288,0.0,-0.222533002496,-0.25
0.168265834451,0.0,-0.220085024834,-0.25
0.25,0.0,-0.25,-0.25
0.20559579134,0.0,-0.25,-0.25
0.0654759630561,0.0,0.111277028918,-0.25
0.0,0.0,0.19496755302,-0.25
0.0391033515334,0.0,0.25,-0.235622376204
0.147974640131,0.0,0.25,-0.167674005032
0.0,0.0,0.25,-0.25
0.0676620304585,0.0,0.166943058372,-0.25
0.199584066868,0.0,0.108707517385,-0.25
0.25,0.0,-0.13196413219,-0.25
0.25,0.0,-0.0421109497547,-0.25
0.25,0.0,0.00622237240896,-0.25
0.25,0.0,0.157325953245,-0.25
0.25,0.0,0.141229867935,-0.204595968127
0.25,0.0,0.25,-0.25
0.25,0.0,0.25,-0.25
0.25,0.0,0.25,-0.25
0.25,0.0,0.25,-0.25
0.25,0.0,0.25,-0.21009761095
0.0,0.0,0.0,0.0
0.0,35.655482,0.0,0.0
0.25,0.0,0.25,-0.148865461349
0.25,0.0,0.25,-0.247244298458
0.25,0.0,0.25,-0.25
0.25,0.0,0.25,-0.25
0.25,0.0,0.25,0.0335766300559
0.25,0.0,0.242362454534,-0.191267997026
0.25,0.0,0.160616233945,-0.233326911926
0.25,0.0,0.203120723367,-0.25
0.21330229938,0.0,0.186044454575,-0.25
0.237068995833,0.0,0.25,-0.25
0.227107450366,0.0,0.25,-0.25
0.25,0.0,0.25,-0.25
0.25,0.0,0.25,-0.25
0.208784818649,0.0,0.141133874655,-0.25
0.146743878722,0.0,0.197709366679,-0.25
0.139110580087,0.0,0.25,-0.25
0.25,0.0,0.25,-0.25
0.25,0.0,0.25,-0.25
0.0,0.0,0.0,0.0
0.0,12.318809,0.0,0.0
0.25,0.0,0.25,-0.25
0.25,0.0,0.25,-0.25
0.25,0.0,0.25,-0.22812153399
0.25,0.0,0.25,-0.101348653436
0.25,0.0,0.25,-0.0792796239257
0.25,0.0,0.25,-0.101405203342
0.25,0.0,0.25,0.0172239616513
0.23981975019,0.0,0.177879169583,-0.25
0.070687815547,0.0,0.152324363589,-0.25
0.0,0.0,-0.111773252487,-0.25
0.0,0.0,0.0323831103742,-0.25
0.107181951404,0.0,-0.0695176571608,-0.25
0.105897769332,0.0,-0.25,-0.25
0.161404430866,0.0,0.25,-0.25
0.0,0.0,0.094515658915,-0.25
0.0342168062925,0.0,0.25,-0.25
0.0119857126847,0.0,0.144877195358,-0.25
0.0856805667281,0.0,0.25,-0.216149508953
0.0,0.0,0.25,-0.0924410969019
0.0,0.0,0.25,-0.0539714917541
0.0,0.0,0.25,-0.25
0.0,0.0,0.25,-0.25
0.03558890149,0.0,0.25,-0.25
0.158194020391,0.0,0.25,-0.25
0.0,0.0,0.0,0.0
0.0,16.452661,0.0,0.0
0.0719227194786,0.0,0.25,-0.25
0.144950836897,0.0,0.25,-0.25
0.222731232643,0.0,0.25,-0.25
0.25,0.0,0.25,-0.25
0.25,0.0,0.25,-0.25
0.25,0.0,0.25,-0.25
0.25,0.0,0.204655081034,-0.25
0.25,0.0,0.235081136227,-0.25
0.25,0.0,0.0846186578274,-0.25
0.25,0.0,-0.0953879728913,-0.150500744581
0.25,0.0,-0.0655832886696,-0.0330560840666
0.25,0.0,0.211257129908,-0.236651718616
0.25,0.0,0.25,-0.25
0.25,0.0,0.25,-0.25
0.25,0.0,0.25,-0.248497977853
0.25,0.0,0.25,-0.211906835437
0.165927022696,0.0,0.25,-0.25
0.0813216716051,0.0,0.25,-0.25
0.0810748711228,0.0,0.25,-0.199961870909
0.244917958975,0.0,0.25,0.0355056002736
0.0,0.0,0.0,0.0
0.0,13.794585,0.0,0.0
0.200205728412,0.0,0.25,0.14044380188
0.119447253644,0.0,0.245797857642,0.202805474401
0.0,0.0,0.104964159429,-0.0807985886931
0.130028486252,0.0,0.25,-0.149569585919
0.132522255182,0.0,0.25,-0.25
0.181914448738,0.0,0.25,-0.124424740672
0.0944430530071,0.0,0.25,0.0577072799206
0.175143390894,0.0,-0.0353181175888,0.142661124468
0.25,0.0,-0.0655863508582,0.25
0.25,0.0,0.25,-0.24008500576
0.25,0.0,0.25,0.00725141866133
0.163688331842,0.0,0.124644905329,-0.082015350461
0.25,0.0,0.25,-0.101361863315
0.25,0.0,0.25,-0.107961721718
0.25,0.0,0.204132288694,-0.0301814973354
0.25,0.0,0.198106959462,-0.0875821560621
0.25,0.0,0.189043313265,-0.25
0.25,0.0,0.25,-0.138314262033
0.25,0.0,0.25,-0.0589605234563
0.226362839341,0.0,0.25,0.0218291804194
0.231905072927,0.0,0.25,-0.0513105094433
0.25,0.0,0.25,0.234499871731
0.0,0.0,0.0,0.0
0.0,14.805701,0.0,0.0
0.21930553019,0.0,0.25,0.209107026458
0.25,0.0,0.25,0.161672219634
0.148653939366,0.0,0.25,0.159650400281
0.0432442091405,0.0,0.25,-0.029262656346
0.0091895237565,0.0,0.25,-0.25
0.0,0.0,0.25,-0.25
0.0,0.0,0.25,-0.226427182555
0.0622859634459,0.0,0.25,-0.0491161867976
0.123764269054,0.0,0.25,0.0571321621537
0.0936360284686,0.0,0.25,-0.25
0.25,0.0,0.25,-0.25
0.25,0.0,0.25,-0.25
0.129052504897,0.0,0.25,-0.25
0.162342816591,0.0,0.25,-0.0975022763014
0.165232300758,0.0,0.25,-0.25
0.17893050611,0.0,0.25,-0.25
0.230717360973,0.0,0.25,-0.25
0.0,0.0,0.0,0.0
0.0,12.15276,0.0,0.0
0.25,0.0,0.25,-0.25
0.25,0.0,0.25,-0.25
0.25,0.0,0.25,-0.25
0.25,0.0,0.25,-0.25
0.25,0.0,0.25,-0.25
0.25,0.0,0.25,-0.25
0.25,0.0,0.25,-0.25
0.25,0.0,0.25,-0.25
0.25,0.0,0.25,-0.25
0.25,0.0,0.25,-0.25
0.25,0.0,0.25,-0.25
0.25,0.0,0.25,-0.25
0.25,0.0,0.25,-0.25
0.25,0.0,0.25,-0.25
0.25,0.0,0.25,-0.25
0.25,0.0,0.25,-0.25
0.25,0.0,0.25,-0.25
0.25,0.0,0.25,-0.25
0.25,0.0,0.25,-0.25
0.25,0.0,0.25,-0.25
0.25,0.0,0.25,-0.25
0.25,0.0,0.25,-0.25
0.25,0.0,0.25,-0.25
0.25,0.0,0.25,-0.25
0.25,0.0,0.25,-0.25
0.25,0.0,0.25,-0.25
0.25,0.0,0.25,-0.25
0.25,0.0,0.25,-0.25
0.25,0.0,0.25,-0.25
0.25,0.0,0.25,-0.25
0.25,0.0,0.25,-0.25
0.25,0.0,0.25,-0.25
0.25,0.0,0.25,-0.25
0.25,0.0,0.25,-0.25
0.25,0.0,0.25,-0.25
0.25,0.0,0.25,-0.25
0.25,0.0,0.25,-0.25
0.25,0.0,0.25,-0.25
0.25,0.0,0.25,-0.25
0.25,0.0,0.25,-0.25
0.25,0.0,0.25,-0.25
0.25,0.0,0.25,-0.25
0.25,0.0,0.25,-0.25
0.25,0.0,0.25,-0.25
0.25,0.0,0.25,-0.25
0.25,0.0,0.25,-0.25
0.25,0.0,0.25,-0.25
0.25,0.0,0.25,-0.25
0.0,0.0,0.0,0.0
0.0,10.702509,0.0,0.0
0.133811831474,0.0,0.25,-0.25
0.199715688825,0.0,0.25,-0.0165715422481
0.207256197929,0.0,0.25,0.0189917441458
0.243263334036,0.0,0.20513728261,-0.12364783138
0.25,0.0,-0.226872384548,-0.120987594128
0.25,0.0,-0.00285311671905,-0.247791692615
0.210512936115,0.0,-0.0385898761451,-0.0987038314342
0.25,0.0,-0.00364295742474,-0.136362090707
0.249059140682,0.0,0.0769016966224,-0.181296721101
0.25,0.0,0.0719081088901,-0.25
0.25,0.0,-0.0474063307047,-0.236884251237
0.25,0.0,-0.105692774057,-0.184239655733
0.25,0.0,0.00577677041292,-0.14770744741
0.25,0.0,-0.0471544712782,-0.0228152573109
0.25,0.0,0.0709127858281,0.0134015409276
0.25,0.0,0.25,-0.0476474761963
0.25,0.0,0.25,-0.242852896452
0.25,0.0,0.142369240522,-0.25
0.25,0.0,0.124629564583,-0.0959932431579
0.25,0.0,0.0111417211592,-0.18279825151
0.25,0.0,-0.052469111979,-0.14161631465
0.25,0.0,0.010520610027,-0.200792908669
0.25,0.0,-0.0638707056642,-0.0155401276425
0.25,0.0,0.180965185165,0.138990491629
0.25,0.0,0.22591252625,-0.0673436447978
0.25,0.0,0.25,-0.25
0.25,0.0,0.25,-0.25
0.25,0.0,0.25,-0.25
0.25,0.0,0.25,-0.25
0.25,0.0,0.127683639526,-0.25
0.25,0.0,0.0563028268516,-0.25
0.223021119833,0.0,-0.117853634059,-0.25
0.151236906648,0.0,-0.155663743615,-0.25
0.234363928437,0.0,-0.233574748039,-0.25
0.25,0.0,-0.243841290474,-0.25
0.217273250222,0.0,-0.116797462106,-0.25
0.217096924782,0.0,-0.25,-0.25
0.25,0.0,-0.25,-0.25
0.150229394436,0.0,-0.25,-0.25
0.0399219579995,0.0,0.0749031305313,-0.25
0.0,0.0,0.25,-0.25
0.0,0.0,0.0884350091219,-0.25
0.0,0.0,-0.0940084084868,-0.25
0.0,0.0,-0.0474401526153,-0.25
0.0,0.0,0.25,-0.25
0.0579062178731,0.0,0.25,-0.25
0.11202737689,0.0,0.219552248716,-0.25
0.0215265117586,0.0,0.25,-0.25
0.0,0.0,0.25,-0.25
0.0,0.0,0.25,-0.25
0.0,0.0,0.25,-0.25
0.0,0.0,0.25,-0.25
0.0,0.0,0.25,-0.25
0.12686277926,0.0,0.25,-0.190251886845
0.173656031489,0.0,0.25,-0.25
0.0,0.0,0.0,0.0
0.0,36.378845,0.0,0.0
0.0832866877317,0.0,0.150736778975,-0.25
0.165821835399,0.0,0.200376778841,-0.25
0.130490496755,0.0,-0.0369489602745,-0.159888595343
0.19429038465,0.0,-0.0444907732308,-0.157957583666
0.101901590824,0.0,-0.25,0.0277695376426
0.233167663217,0.0,-0.135925754905,0.0307039748877
0.207037895918,0.0,-0.25,0.0907866731286
0.25,0.0,-0.0906362980604,-0.0385097451508
0.2350910604,0.0,-0.25,0.0233844853938
0.180881813169,0.0,-0.25,-0.20022559166
0.191235870123,0.0,-0.239468559623,-0.21131144464
0.25,0.0,-0.25,-0.218921750784
0.183935627341,0.0,-0.25,-0.113202095032
0.230865955353,0.0,-0.168403401971,-0.25
0.23824544251,0.0,0.0845110192895,-0.25
0.25,0.0,0.25,-0.192971602082
0.25,0.0,0.00679140817374,-0.25
0.175765126944,0.0,0.0911077111959,-0.25
0.0550044365227,0.0,0.229549184442,-0.25
0.206527292728,0.0,0.145179465413,-0.25
0.25,0.0,-0.103855401278,-0.25
0.25,0.0,-0.25,-0.25
0.0988870337605,0.0,-0.125945299864,0.017799757421
0.066740244627,0.0,-0.025408949703,-0.25
0.0,0.0,0.0177370216697,-0.25
0.0423492081463,0.0,-0.158296555281,-0.25
0.0160077027977,0.0,-0.0182526931167,-0.25
0.089989759028,0.0,0.18804076314,-0.25
0.25,0.0,-0.074514195323,-0.25
0.25,0.0,-0.145688146353,-0.25
0.25,0.0,0.122257843614,-0.25
0.25,0.0,0.25,-0.0822859406471
0.186289146543,0.0,0.25,-0.151374652982
0.166186466813,0.0,0.25,0.122182540596
0.25,0.0,0.25,0.0150429457426
0.239990770817,0.0,0.0830036923289,-0.0942032784224
0.25,0.0,-0.223625779152,0.187395989895
0.25,0.0,0.133181333542,-0.25
0.0917278751731,0.0,0.25,-0.119126193225
0.0,0.0,0.076297044754,-0.121774658561
0.0,0.0,0.0598653480411,-0.0645845085382
0.0,0.0,0.0495277605951,-0.152269199491
0.0,0.0,0.25,-0.145755454898
0.0,0.0,0.25,-0.232045501471
0.0,0.0,0.25,-0.25
0.0,0.0,0.25,-0.25
0.0,0.0,0.25,-0.25
0.0176693145186,0.0,0.25,-0.25
0.0601710565388,0.0,0.155045121908,-0.25
0.148204982281,0.0,-0.03566345945,-0.25
0.132273212075,0.0,0.0616826415062,-0.25
0.171080693603,0.0,-0.0303200185299,-0.215053319931
0.207470685244,0.0,0.219988808036,-0.25
0.248646914959,0.0,0.25,-0.25
0.25,0.0,0.25,-0.25
0.223227933049,0.0,0.25,-0.25
0.155225634575,0.0,0.0630822703242,-0.25
0.219237968326,0.0,-0.118266388774,-0.25
0.25,0.0,-0.224463120103,-0.25
0.25,0.0,-0.0413988083601,-0.25
0.25,0.0,0.0273810233921,-0.25
0.232574313879,0.0,-0.0497123450041,-0.25
0.146243587136,0.0,-0.0660620182753,-0.25
0.25,0.0,-0.143027156591,-0.25
0.25,0.0,-0.25,-0.25
0.25,0.0,-0.25,-0.25
0.25,0.0,-0.153826773167,-0.25
0.25,0.0,0.0687745139003,-0.25
0.25,0.0,-0.25,-0.25
0.238582551479,0.0,-0.25,-0.25
0.25,0.0,-0.25,-0.25
0.25,0.0,-0.25,-0.25
0.25,0.0,-0.015069052577,-0.25
0.25,0.0,0.225097775459,-0.25
0.25,0.0,0.224429085851,-0.25
0.25,0.0,0.25,-0.25
0.25,0.0,-0.0442832410336,-0.25
0.16122071445,0.0,0.0684732347727,-0.25
0.0125733204186,0.0,-0.001134853228,-0.25
0.0176942534745,0.0,-0.220802873373,-0.25
0.25,0.0,-0.25,-0.25
0.225574612617,0.0,-0.25,-0.25
0.25,0.0,-0.25,-0.25
0.217327833176,0.0,-0.25,-0.25
0.25,0.0,-0.0195855498314,-0.186799794436
0.234640702605,0.0,0.0453338325024,-0.25
0.233791664243,0.0,0.188263297081,-0.227152377367
0.25,0.0,0.25,-0.192997723818
0.25,0.0,0.25,-0.25
0.25,0.0,0.25,-0.25
0.226277828217,0.0,0.25,-0.25
0.198586419225,0.0,0.25,-0.25
0.25,0.0,0.0202318038791,-0.25
0.195959106088,0.0,0.0287538412958,-0.25
0.15790528059,0.0,0.214353531599,-0.25
0.151917040348,0.0,0.25,-0.25
0.163674488664,0.0,0.25,-0.25
0.237568497658,0.0,0.0916452854872,-0.25
0.173098549247,0.0,0.219518840313,-0.25
0.25,0.0,0.25,-0.25
0.0989390164614,0.0,0.25,-0.25
0.198554113507,0.0,0.245891332626,-0.25
0.0738799795508,0.0,0.0287220645696,-0.25
0.0883098989725,0.0,0.208964586258,-0.25
0.0,0.0,0.0,0.0
0.0,67.744683,0.0,0.0
0.163586854935,0.0,0.25,-0.25
0.208124697208,0.0,0.25,-0.106680251658
0.100146815181,0.0,0.25,-0.12327092886
0.184075549245,0.0,0.241897240281,-0.102820798755
0.113798081875,0.0,0.0536437034607,-0.00105955533218
0.25,0.0,0.25,0.0802613273263
0.233462378383,0.0,0.25,-0.194169729948
0.124733127654,0.0,0.25,-0.25
0.138469129801,0.0,0.25,-0.25
0.18491192162,0.0,0.194135427475,-0.25
0.246707245708,0.0,0.214825958014,-0.25
0.25,0.0,0.25,-0.190434902906
0.25,0.0,0.25,0.195898130536
0.25,0.0,0.25,-0.0645650476217
0.25,0.0,0.244465097785,0.117138065398
0.25,0.0,0.25,0.25
0.25,0.0,0.25,0.25
0.0,0.0,0.0,0.0
0.0,12.772,0.0,0.0
0.222662463784,0.0,0.25,0.012933883816
0.208935499191,0.0,0.25,-0.0805137977004
0.25,0.0,0.25,-0.193131223321
0.206440582871,0.0,0.25,-0.25
0.198703601956,0.0,0.25,-0.25
0.121400862932,0.0,0.25,-0.168082207441
0.25,0.0,0.25,-0.154294237494
0.25,0.0,0.25,-0.215131148696
0.25,0.0,0.25,-0.25
0.25,0.0,0.25,0.037704654038
0.25,0.0,0.25,-0.120738536119
0.25,0.0,0.25,-0.151326656342
0.25,0.0,0.25,-0.0402249507606
0.234411373734,0.0,0.25,-0.231553629041
0.25,0.0,0.25,-0.028085205704
0.219039782882,0.0,0.25,0.25
0.25,0.0,0.25,0.0638760104775
0.0,0.0,0.0,0.0
0.0,11.765339,0.0,0.0
0.25,0.0,0.25,0.25
0.25,0.0,0.25,0.226253733039
0.0234083496034,0.0,0.25,0.15845747292
0.108306854963,0.0,0.25,0.0648497566581
0.0638980939984,0.0,0.25,-0.198479101062
0.0440112575889,0.0,0.25,-0.146985411644
0.142920613289,0.0,0.25,0.193766534328
0.152370333672,0.0,0.25,0.0808046534657
0.162972226739,0.0,0.25,0.131282493472
0.148621186614,0.0,0.25,0.130440443754
0.25,0.0,0.25,0.105934791267
0.0904848203063,0.0,0.25,-0.154928103089
0.131673246622,0.0,0.25,-0.25
0.0,0.0,0.25,-0.25
0.0,0.0,0.25,-0.25
0.0,0.0,0.25,-0.186994016171
0.0,0.0,0.0,0.0
0.0,11.352266,0.0,0.0
0.0,0.0,0.25,0.059358227998
0.10414686799,0.0,0.25,0.0548813417554
0.084808729589,0.0,0.25,-0.0017366373213
0.161104679108,0.0,0.25,0.25
0.0714631602168,0.0,0.25,0.25
0.25,0.0,0.25,-0.205163881183
0.25,0.0,0.25,-0.25
0.25,0.0,0.25,-0.228736549616
0.25,0.0,0.186092913151,-0.25
0.25,0.0,0.25,-0.22858273983
0.25,0.0,0.105903692544,-0.191482663155
0.25,0.0,0.10578174144,0.0522767677903
0.25,0.0,0.207058787346,-0.25
0.25,0.0,0.25,-0.167745053768
0.25,0.0,0.0111981546506,-0.25
0.25,0.0,0.178472921252,-0.174362152815
0.231050536036,0.0,0.230637192726,0.0472746528685
0.196375265718,0.0,0.25,0.0135186808184
0.0,0.0,0.0,0.0
0.0,13.204299,0.0,0.0
0.165479302406,0.0,0.25,0.130520746112
0.0758876800537,0.0,0.25,-0.00350113352761
0.152562856674,0.0,0.25,-0.0155195109546
0.25,0.0,0.25,-0.0478765293956
0.216888666153,0.0,0.219757899642,-0.0766747444868
0.14050655067,0.0,0.197461113334,-0.228462100029
0.25,0.0,-0.199097752571,-0.0634615570307
0.25,0.0,-0.0707994997501,0.183856323361
0.25,0.0,-0.212229564786,0.25
0.25,0.0,-0.18424808979,0.25
0.25,0.0,-0.117047652602,0.229983687401
0.25,0.0,-0.120888464153,-0.0280072111636
0.25,0.0,0.181684866548,-0.25
0.25,0.0,0.0452841408551,-0.25
0.25,0.0,0.160353407264,-0.25
0.25,0.0,0.219048395753,-0.25
0.25,0.0,0.117499865592,-0.25
0.0832525938749,0.0,0.183172821999,-0.25
0.0764575600624,0.0,0.25,-0.25
0.187640413642,0.0,0.25,-0.25
0.221641182899,0.0,0.239095956087,-0.25
0.204176306725,0.0,-0.125926360488,-0.25
0.25,0.0,-0.069371573627,-0.25
0.25,0.0,0.0889802873135,-0.25
0.25,0.0,-0.102125309408,-0.25
0.25,0.0,-0.106974631548,-0.25
0.211951181293,0.0,-0.0314744785428,-0.25
0.211618691683,0.0,0.25,-0.25
0.193713456392,0.0,0.246606871486,0.0348893068731
0.187052533031,0.0,0.25,0.0988004282117
0.25,0.0,0.223933547735,-0.0817794576287
0.239026769996,0.0,0.186741530895,-0.00244714901783
0.238353520632,0.0,-0.00751253031194,0.25
0.216418847442,0.0,-0.163429707289,0.130302682519
0.138393610716,0.0,-0.240496531129,0.248050495982
0.195134699345,0.0,-0.202010273933,0.25
0.194245353341,0.0,-0.25,0.102716907859
0.124629423022,0.0,-0.25,-0.0826982557774
0.12805390358,0.0,-0.25,-0.174418717623
0.25,0.0,-0.25,-0.206508651376
0.25,0.0,-0.235816761851,-0.244042485952
0.25,0.0,-0.135423079133,-0.25
0.25,0.0,0.165130257607,-0.25
0.25,0.0,0.25,-0.202060997486
0.25,0.0,0.230292111635,-0.179871112108
0.25,0.0,0.25,-0.0739326998591
0.25,0.0,0.166076749563,-0.000189013531781
0.25,0.0,0.153781190515,0.145845204592
0.25,0.0,0.25,-0.127198204398
0.25,0.0,0.25,-0.25
0.25,0.0,0.25,-0.0670295283198
0.25,0.0,0.25,-0.25
0.25,0.0,0.25,-0.25
0.178966522217,0.0,0.25,-0.25
0.0,0.0,0.0,0.0
0.0,37.861309,0.0,0.0
0.222634270787,0.0,0.25,-0.25
0.156448051333,0.0,0.25,-0.25
0.0196045562625,0.0,0.25,-0.25
0.178540766239,0.0,0.0880837142467,-0.25
0.0958431214094,0.0,0.197329223156,-0.25
0.0,0.0,0.0418893620372,-0.25
0.0,0.0,0.25,-0.25
0.0,0.0,0.25,-0.25
0.0,0.0,0.117600925267,-0.25
0.0,0.0,-0.0660132318735,-0.25
0.0,0.0,0.204799994826,-0.25
0.0768633931875,0.0,0.25,-0.25
0.143536761403,0.0,0.25,-0.25
0.0408105142415,0.0,0.25,-0.25
0.192145243287,0.0,0.25,-0.25
0.203487679362,0.0,0.25,-0.25
0.162269830704,0.0,0.25,-0.25
0.0791672542691,0.0,0.25,-0.25
0.0688733607531,0.0,0.25,-0.25
0.0,0.0,0.0,0.0
0.0,14.211357,0.0,0.0
0.187448054552,0.0,0.25,-0.25
0.25,0.0,0.25,-0.25
0.25,0.0,0.25,-0.25
0.25,0.0,0.25,-0.25
0.25,0.0,0.25,-0.25
0.25,0.0,0.25,-0.25
0.25,0.0,0.25,-0.230191722512
0.25,0.0,0.25,-0.25
0.25,0.0,0.25,-0.25
0.25,0.0,0.25,-0.249808818102
0.25,0.0,0.25,-0.25
0.25,0.0,0.25,-0.25
0.25,0.0,0.25,-0.25
0.25,0.0,0.187907993793,-0.25
0.191471934319,0.0,0.25,-0.25
0.0,0.0,0.0,0.0
0.0,11.750575,0.0,0.0
0.25,0.0,0.25,-0.25
0.25,0.0,0.25,-0.25
0.25,0.0,0.25,-0.25
0.25,0.0,0.25,-0.25
0.25,0.0,0.25,-0.25
0.25,0.0,0.25,-0.25
0.25,0.0,0.25,-0.25
0.25,0.0,0.25,-0.25
0.25,0.0,0.25,-0.25
0.25,0.0,0.25,-0.25
0.25,0.0,0.25,-0.25
0.25,0.0,0.25,-0.25
0.25,0.0,0.25,-0.25
0.25,0.0,0.25,-0.25
0.25,0.0,0.25,-0.25
0.25,0.0,0.25,-0.25
0.25,0.0,0.25,-0.25
0.25,0.0,0.25,-0.25
0.25,0.0,0.25,-0.25
0.25,0.0,0.25,-0.25
0.25,0.0,0.25,-0.25
0.25,0.0,0.25,-0.25
0.25,0.0,0.25,-0.25
0.25,0.0,0.25,-0.25
0.25,0.0,0.25,-0.25
0.25,0.0,0.25,-0.25
0.25,0.0,0.25,-0.25
0.25,0.0,0.25,-0.25
0.25,0.0,0.25,-0.25
0.25,0.0,0.25,-0.25
0.25,0.0,0.25,-0.25
0.25,0.0,0.25,-0.25
0.25,0.0,0.25,-0.25
0.25,0.0,0.25,-0.25
0.25,0.0,0.25,-0.25
0.25,0.0,0.25,-0.25
0.25,0.0,0.25,-0.25
0.25,0.0,0.25,-0.25
0.25,0.0,0.25,-0.25
0.25,0.0,0.25,-0.25
0.25,0.0,0.25,-0.25
0.25,0.0,0.25,-0.25
0.25,0.0,0.25,-0.25
0.25,0.0,0.25,-0.25
0.25,0.0,0.25,-0.25
0.25,0.0,0.25,-0.25
0.25,0.0,0.25,-0.25
0.25,0.0,0.25,-0.25
0.0,0.0,0.0,0.0
0.0,10.711234,0.0,0.0
0.25,0.0,0.25,-0.148951023817
0.25,0.0,0.25,-0.100133508444
0.25,0.0,0.25,-0.25
0.25,0.0,0.25,-0.25
0.236555546522,0.0,0.25,-0.25
0.25,0.0,0.25,-0.25
0.25,0.0,0.25,-0.25
0.25,0.0,0.25,-0.25
0.25,0.0,0.25,-0.25
0.25,0.0,0.25,-0.25
0.191304698586,0.0,-0.000234243489103,-0.25
0.174960568547,0.0,-0.189979746938,-0.25
0.130502402782,0.0,-0.25,-0.25
0.245022177696,0.0,-0.25,-0.25
0.104976221919,0.0,-0.222139894962,-0.25
0.0874838158488,0.0,-0.223069295287,-0.25
0.25,0.0,-0.25,-0.25
0.225250139832,0.0,0.0838836580515,-0.25
0.25,0.0,0.25,-0.156682893634
0.25,0.0,0.0806755423546,-0.25
0.25,0.0,-0.142177134752,-0.25
0.25,0.0,-0.25,-0.25
0.25,0.0,-0.218734800816,-0.25
0.25,0.0,-0.206678152084,-0.25
0.25,0.0,-0.225102007389,-0.25
0.25,0.0,-0.0799352005124,-0.25
0.25,0.0,-0.246475055814,-0.25
0.25,0.0,-0.25,-0.25
0.25,0.0,-0.25,-0.25
0.25,0.0,-0.25,-0.25
0.25,0.0,-0.25,-0.25
0.25,0.0,-0.25,-0.25
0.25,0.0,-0.25,-0.25
0.25,0.0,-0.189633280039,-0.25
0.25,0.0,-0.183113500476,-0.25
0.25,0.0,0.143435388803,-0.25
0.25,0.0,-0.00381597643718,-0.25
0.25,0.0,0.0984983965755,-0.25
0.25,0.0,0.25,-0.25
0.25,0.0,0.221580773592,-0.25
0.25,0.0,0.103417463601,-0.25
0.25,0.0,0.206063553691,-0.25
0.25,0.0,0.0027379959356,-0.25
0.25,0.0,-0.104846924543,-0.25
0.25,0.0,-0.234221413732,-0.25
0.25,0.0,-0.229971811175,-0.25
0.25,0.0,-0.25,-0.25
0.25,0.0,-0.25,-0.25
0.248541235924,0.0,-0.0381891950965,-0.25
0.25,0.0,-0.0165463816375,-0.25
0.25,0.0,0.143516361713,-0.25
0.240086913109,0.0,0.25,-0.25
0.0117495581508,0.0,0.25,-0.25
0.0334550067782,0.0,0.25,-0.23810352385
0.130447670817,0.0,0.25,-0.241248756647
0.129929885268,0.0,0.25,0.0488079898059
0.149003341794,0.0,0.25,0.0373853817582
0.15679115057,0.0,0.25,-0.25
0.0947850570083,0.0,0.25,-0.25
0.203133702278,0.0,0.25,-0.135661885142
0.25,0.0,0.25,-0.0194131620228
0.25,0.0,0.25,-0.242962568998
0.25,0.0,0.25,-0.187371239066
0.237766444683,0.0,0.25,0.0866117551923
0.246094480157,0.0,0.25,0.1191938743
0.25,0.0,0.25,0.0650341510773
0.25,0.0,0.25,0.196256354451
0.211444199085,0.0,0.25,-0.0400536842644
0.0403540097177,0.0,0.25,0.063616938889
0.078556008637,0.0,0.25,-0.118118792772
0.0672363713384,0.0,0.25,-0.156073585153
0.0,0.0,0.0,0.0
0.0,51.355436,0.0,0.0
0.197742715478,0.0,0.25,-0.00671368651092
0.233424633741,0.0,0.25,0.12027092278
0.141671806574,0.0,0.25,0.0130375530571
0.171602725983,0.0,0.25,0.0635690242052
0.186790019274,0.0,0.25,0.0815081074834
0.25,0.0,0.25,0.155088603497
0.25,0.0,0.118839874864,0.184044420719
0.189425930381,0.0,0.1287907511,-0.0998248904943
0.25,0.0,0.220123723149,-0.25
0.25,0.0,0.25,-0.115146435797
0.25,0.0,0.00545124616474,0.151024535298
0.248617589474,0.0,-0.0982551723719,-0.11320669204
0.25,0.0,0.226270481944,-0.243590697646
0.25,0.0,0.103260420263,-0.207993507385
0.25,0.0,-0.0291373059154,-0.052988063544
0.25,0.0,0.224312841892,-0.104718185961
0.25,0.0,0.169103831053,0.244925156236
0.25,0.0,0.0138797434047,0.10006070137
0.25,0.0,0.25,-0.125780165195
0.25,0.0,0.150121152401,-0.195891812444
0.25,0.0,0.25,0.0325172245502
0.25,0.0,0.25,0.0122225135565
0.0,0.0,0.0,0.0
0.0,16.002376,0.0,0.0
0.25,0.0,0.25,0.0464908778667
0.25,0.0,0.25,-0.00168147392105
0.25,0.0,0.25,0.170858457685
0.25,0.0,0.25,0.147350013256
0.25,0.0,0.25,0.0910402163863
0.25,0.0,0.25,0.0107401162386
0.25,0.0,0.25,0.0898496359587
0.25,0.0,0.25,0.180186733603
0.160050451756,0.0,0.25,-0.033778693527
0.227628096938,0.0,0.25,0.067241795361
0.25,0.0,0.25,-0.175286322832
0.25,0.0,0.117199115455,0.25
0.25,0.0,0.128028810024,0.25
0.25,0.0,0.0417680069804,-0.0349059253931
0.218339949846,0.0,-0.25,-0.0257145296782
0.241018310189,0.0,0.0741656571627,0.00934096798301
0.167197406292,0.0,0.25,-0.0864176154137
0.0518328174949,0.0,0.25,0.0133856162429
0.0,0.0,-0.012698078528,-0.239645153284
0.0,0.0,0.25,0.0584266632795
0.00161820836365,0.0,-0.0816287845373,0.00290418718942
0.0,0.0,0.0,0.0
0.0,15.411186,0.0,0.0
0.0424775704741,0.0,-0.25,-0.25
0.0,0.0,-0.25,-0.25
0.0,0.0,-0.25,-0.25
0.0,0.0,-0.25,-0.25
0.0,0.0,-0.25,-0.25
0.0,0.0,-0.25,-0.25
0.0,0.0,-0.25,-0.25
0.0506272353232,0.0,-0.25,-0.25
0.197097212076,0.0,-0.25,-0.25
0.230952888727,0.0,-0.25,-0.25
0.25,0.0,-0.25,-0.25
0.25,0.0,0.122506782413,-0.0915028229356
0.25,0.0,0.193214550614,-0.126548275352
0.25,0.0,0.136543318629,-0.25
0.25,0.0,0.25,-0.25
0.25,0.0,0.0345761850476,-0.225755572319
0.25,0.0,-0.138744264841,-0.163293376565
0.22938285768,0.0,0.0262607447803,0.168312579393
0.25,0.0,0.0976512730122,0.0243790280074
0.25,0.0,0.0858778432012,-0.0744262263179
0.25,0.0,0.25,-0.0182360820472
0.25,0.0,0.25,-0.112976960838
0.13515111804,0.0,0.25,0.0876479893923
0.178715363145,0.0,0.25,0.197495162487
0.25,0.0,0.25,0.102654449642
0.25,0.0,0.25,0.25
0.25,0.0,0.25,0.25
0.25,0.0,0.25,0.25
0.25,0.0,0.25,0.0347617380321
0.25,0.0,0.187858104706,-0.25
0.25,0.0,0.25,-0.25
0.25,0.0,0.25,-0.25
0.228000372648,0.0,0.25,-0.25
0.25,0.0,0.25,-0.25
0.25,0.0,0.219078838825,-0.21058832109
0.25,0.0,0.040407449007,-0.25
0.25,0.0,0.042819544673,-0.25
0.25,0.0,0.240377783775,-0.25
0.138530939817,0.0,0.25,-0.25
0.180296316743,0.0,0.25,-0.0719338059425
0.10701417923,0.0,0.21293567121,-0.25
0.0916372686625,0.0,0.0885394588113,-0.25
0.161715224385,0.0,0.140337407589,-0.25
0.0836115255952,0.0,0.146922022104,-0.25
0.19141818583,0.0,0.184096366167,-0.25
0.25,0.0,0.25,-0.25
0.25,0.0,0.25,-0.25
0.0,0.0,0.0,0.0
0.0,33.263026,0.0,0.0
0.247217193246,0.0,0.178155973554,-0.25
0.21887178719,0.0,0.204383775592,-0.25
0.180610775948,0.0,0.25,-0.25
0.25,0.0,0.236571058631,-0.25
0.25,0.0,-0.093049235642,-0.25
0.25,0.0,-0.00433628447354,-0.0429988317192
0.25,0.0,-0.0307102240622,0.0205784719437
0.25,0.0,0.0663874968886,-0.1428270787
0.13934636116,0.0,0.154581129551,-0.122188478708
0.216735959053,0.0,0.15824611485,-0.123482108116
0.116713665426,0.0,0.144381865859,-0.192696064711
0.0849152803421,0.0,0.25,-0.222737669945
0.00256701186299,0.0,0.25,-0.0817304998636
0.131077677011,0.0,0.123605586588,0.100003615022
0.25,0.0,0.0207827240229,0.105928696692
0.25,0.0,0.171783164144,-0.25
0.25,0.0,0.25,-0.156668633223
0.25,0.0,0.0255497954786,-0.22917971015
0.25,0.0,-0.016868410632,-0.25
0.192833542824,0.0,-0.0649584457278,-0.25
0.25,0.0,0.206483975053,-0.25
0.25,0.0,0.0258800070733,-0.25
0.232899740338,0.0,0.0372538976371,-0.25
0.239853814244,0.0,-0.0193693712354,-0.25
0.25,0.0,0.0702426061034,-0.25
0.193699762225,0.0,0.232650667429,-0.25
0.116490222514,0.0,-0.0014889818849,-0.25
0.112370826304,0.0,0.183939769864,-0.25
0.0778676271439,0.0,0.178914755583,-0.25
0.25,0.0,0.113344147801,-0.24982149899
0.25,0.0,0.25,-0.25
0.0,0.0,0.0,0.0
0.0,22.1929,0.0,0.0
0.216420441866,0.0,0.0605381503701,-0.144911974669
0.15523596108,0.0,-0.228775367141,-0.166693195701
0.0700356662273,0.0,-0.0773339569569,-0.25
0.148304343224,0.0,0.0273414310068,-0.25
0.0592762008309,0.0,0.0324571467936,-0.141015946865
0.162204578519,0.0,0.0802060514688,0.0315883494914
0.0846592634916,0.0,0.170372202992,0.25
0.0981214717031,0.0,-0.00584808643907,0.25
0.161786004901,0.0,-0.0883583575487,0.25
0.155863195658,0.0,-0.0386523716152,-0.117126882076
0.0452932938933,0.0,-0.0435300469398,-0.0115182846785
0.0712552815676,0.0,-0.238322764635,0.247818574309
0.216585621238,0.0,-0.0770451202989,0.0439160056412
0.0937421917915,0.0,0.240222856402,0.0636573582888
0.186959326267,0.0,0.25,0.25
0.138923540711,0.0,0.25,-0.19032843411
0.192072376609,0.0,0.25,-0.25
0.24095569551,0.0,0.25,-0.213272973895
0.25,0.0,0.169898658991,-0.25
0.25,0.0,0.0777838081121,-0.25
0.25,0.0,0.219168752432,-0.0551389679313
0.25,0.0,0.224728226662,0.166876330972
0.25,0.0,0.25,-0.0543980002403
0.25,0.0,0.150811508298,-0.190844759345
0.25,0.0,0.25,-0.25
0.25,0.0,0.25,-0.25
0.25,0.0,0.25,-0.25
0.188180834055,0.0,0.25,-0.25
0.237034603953,0.0,0.25,-0.25
0.161208122969,0.0,0.0294418577105,-0.25
0.25,0.0,0.25,-0.25
0.25,0.0,0.25,-0.243017867208
0.25,0.0,0.25,-0.25
0.0,0.0,0.0,0.0
0.0,25.116005,0.0,0.0
0.25,0.0,0.25,-0.25
0.25,0.0,0.25,-0.197954177856
0.207800105214,0.0,0.25,-0.0288645345718
0.25,0.0,0.25,-0.192697122693
0.219835206866,0.0,0.25,-0.106037177145
0.235057115555,0.0,0.25,-0.216432064772
0.25,0.0,0.25,-0.25
0.158606022596,0.0,0.25,-0.125974535942
0.151165008545,0.0,0.25,0.0112617425621
0.146515056491,0.0,0.25,-0.191694691777
0.0751508101821,0.0,0.25,-0.25
0.25,0.0,0.25,-0.25
0.25,0.0,0.25,-0.25
0.25,0.0,0.25,-0.185167208314
0.25,0.0,0.25,-0.158864319324
0.0,0.0,0.0,0.0
0.0,11.927775,0.0,0.0
0.25,0.0,0.25,-0.25
0.25,0.0,0.234979763627,-0.25
0.203133225441,0.0,0.25,-0.204693287611
0.228998079896,0.0,0.25,-0.25
0.25,0.0,0.25,-0.25
0.25,0.0,0.25,-0.237021118402
0.190351471305,0.0,0.25,-0.25
0.14537717402,0.0,0.25,-0.2254640311
0.210217282176,0.0,0.25,-0.25
0.15889814496,0.0,0.25,-0.25
0.171535179019,0.0,0.25,-0.161888033152
0.0252866242081,0.0,0.25,0.046516045928
0.186258137226,0.0,0.25,0.11212220788
0.25,0.0,0.25,0.0408462248743
0.0,0.0,0.0,0.0
0.0,11.578484,0.0,0.0
0.25,0.0,0.25,-0.0469728149474
0.25,0.0,0.25,-0.25
0.25,0.0,0.25,-0.25
0.25,0.0,0.25,-0.25
0.25,0.0,0.25,-0.25
0.25,0.0,0.132136076689,0.200782671571
0.25,0.0,0.0693033784628,0.180761232972
0.25,0.0,0.25,0.25
0.25,0.0,0.25,0.25
0.193701371551,0.0,0.25,0.25
0.125735089183,0.0,0.25,0.25
0.0871157497168,0.0,0.25,0.25
0.226905301213,0.0,0.25,0.102905862033
0.0514435321093,0.0,0.25,0.111997462809
0.161432176828,0.0,0.25,-0.162592127919
0.141206741333,0.0,0.25,-0.0941142514348
0.0,0.0,0.0,0.0
0.0,11.769763,0.0,0.0
0.25,0.0,0.25,-0.25
0.25,0.0,0.25,-0.25
0.25,0.0,0.25,-0.25
0.25,0.0,0.25,-0.25
0.25,0.0,0.25,-0.25
0.25,0.0,0.25,-0.25
0.25,0.0,0.25,-0.25
0.25,0.0,0.25,-0.25
0.25,0.0,0.25,-0.25
0.25,0.0,0.25,-0.25
0.25,0.0,0.25,-0.25
0.25,0.0,0.25,-0.25
0.25,0.0,0.25,-0.25
0.25,0.0,0.25,-0.25
0.25,0.0,0.25,-0.25
0.25,0.0,0.25,-0.25
0.25,0.0,0.25,-0.25
0.25,0.0,0.25,-0.25
0.25,0.0,0.25,-0.25
0.25,0.0,0.25,-0.25
0.25,0.0,0.25,-0.25
0.25,0.0,0.25,-0.25
0.25,0.0,0.25,-0.25
0.25,0.0,0.25,-0.25
0.25,0.0,0.25,-0.25
0.25,0.0,0.25,-0.25
0.25,0.0,0.25,-0.25
0.25,0.0,0.25,-0.25
0.25,0.0,0.25,-0.25
0.25,0.0,0.25,-0.25
0.25,0.0,0.25,-0.25
0.25,0.0,0.25,-0.25
0.25,0.0,0.25,-0.25
0.25,0.0,0.25,-0.25
0.25,0.0,0.25,-0.25
0.25,0.0,0.25,-0.25
0.25,0.0,0.25,-0.25
0.25,0.0,0.25,-0.25
0.25,0.0,0.25,-0.25
0.25,0.0,0.25,-0.25
0.25,0.0,0.25,-0.25
0.25,0.0,0.25,-0.25
0.25,0.0,0.25,-0.25
0.25,0.0,0.25,-0.25
0.25,0.0,0.25,-0.25
0.25,0.0,0.25,-0.25
0.25,0.0,0.25,-0.25
0.25,0.0,0.25,-0.25
0.0,0.0,0.0,0.0
0.0,10.71783,0.0,0.0
0.0917543843389,0.0,0.243677899241,-0.110572524369
0.0,0.0,0.25,-0.25
0.0150002939627,0.0,0.185093179345,-0.25
0.144154638052,0.0,0.25,-0.25
0.229574203491,0.0,0.226181745529,-0.25
0.25,0.0,0.25,-0.25
0.25,0.0,0.25,-0.25
0.125570133328,0.0,0.25,-0.25
0.00924011413008,0.0,0.25,-0.25
0.0150279151276,0.0,0.25,-0.25
0.00783167313784,0.0,0.220933288336,-0.25
0.056493781507,0.0,0.17191849649,-0.25
0.0,0.0,0.130030468106,-0.25
0.0476894937456,0.0,0.103755034506,-0.25
0.25,0.0,0.25,-0.25
0.234515205026,0.0,0.25,-0.25
0.0,0.0,0.0,0.0
0.0,12.729021,0.0,0.0
0.122328825295,0.0,0.25,-0.25
0.180452480912,0.0,0.25,-0.0882163196802
0.0628269016743,0.0,0.25,-0.186793074012
0.032110966742,0.0,0.25,0.140938848257
0.0,0.0,0.25,0.0981486663222
0.0,0.0,0.25,-0.165619522333
0.048439476639,0.0,0.25,-0.127114906907
0.197843015194,0.0,0.25,-0.119764022529
0.228628993034,0.0,0.25,-0.0159418713301
0.25,0.0,0.25,0.124668523669
0.25,0.0,0.228933632374,0.238670304418
0.25,0.0,0.25,0.25
0.25,0.0,0.25,0.119759581983
0.230943351984,0.0,0.25,-0.175553411245
0.117689922452,0.0,0.25,-0.0805976241827
0.025405658409,0.0,0.25,-0.172151252627
0.0,0.0,0.0,0.0
0.0,11.511529,0.0,0.0
0.0839682072401,0.0,0.25,-0.0188812166452
0.0522521361709,0.0,0.25,-0.0738352239132
0.222937941551,0.0,0.25,-0.0184015072882
0.25,0.0,0.25,-0.25
0.13292632997,0.0,0.25,-0.25
0.164000436664,0.0,0.25,-0.25
0.197099938989,0.0,0.25,-0.25
0.17974190414,0.0,0.25,-0.0791597962379
0.205982863903,0.0,0.25,-0.0198024269193
0.24873894453,0.0,0.25,-0.136667609215
0.0465089343488,0.0,0.25,-0.0357995405793
0.25,0.0,0.25,0.0849159434438
0.25,0.0,0.25,0.231597885489
0.25,0.0,0.25,-0.0489378906786
0.25,0.0,0.25,-0.0843089297414
0.25,0.0,0.25,-0.0484849475324
0.25,0.0,0.220075711608,-0.222263783216
0.0,0.0,0.0,0.0
0.0,11.934102,0.0,0.0
0.25,0.0,0.158065885305,-0.2290379107
0.25,0.0,0.185993760824,-0.168924763799
0.25,0.0,0.25,0.100274540484
0.25,0.0,0.25,0.0229036007077
0.25,0.0,0.25,-0.173626467586
0.208882421255,0.0,0.25,-0.25
0.25,0.0,0.2017121315,-0.25
0.25,0.0,0.25,-0.25
0.25,0.0,0.25,-0.25
0.25,0.0,0.25,-0.25
0.25,0.0,0.25,-0.0157743096352
0.230592668056,0.0,0.206362769008,-0.228311777115
0.0108337439597,0.0,0.25,0.184808880091
0.140801802278,0.0,0.25,0.225547119975
0.0383684001863,0.0,0.25,0.25
0.160344898701,0.0,0.25,0.25
0.24825425446,0.0,0.224264591932,0.137644931674
0.120473183692,0.0,0.172170519829,-0.0635704249144
0.0,0.0,0.0,0.0
0.0,12.524123,0.0,0.0
0.169718489051,0.0,-0.229901835322,-0.25
0.25,0.0,-0.25,-0.25
0.25,0.0,-0.25,-0.25
0.25,0.0,-0.25,-0.25
0.25,0.0,-0.218416124582,-0.25
0.25,0.0,-0.124600462615,-0.25
0.123891174793,0.0,-0.11456079036,-0.25
0.161485090852,0.0,0.0866758227348,-0.25
0.168094679713,0.0,-0.147627741098,-0.25
0.190670415759,0.0,-0.126145094633,-0.25
0.183282718062,0.0,-0.162998601794,-0.25
0.235025584698,0.0,-0.016085492447,-0.25
0.25,0.0,0.147404313087,-0.192041650414
0.25,0.0,0.239739581943,-0.22518748045
0.25,0.0,0.224328294396,-0.25
0.25,0.0,-0.0184325370938,-0.25
0.179627180099,0.0,0.00960132945329,-0.25
0.0685067772865,0.0,-0.25,-0.1730876863
0.0,0.0,-0.0822839736938,0.25
0.00403200788423,0.0,0.0946882218122,0.25
0.141516089439,0.0,-0.0324969440699,0.25
0.143075421453,0.0,-0.25,0.25
0.10762732476,0.0,-0.25,0.25
0.124772846699,0.0,-0.235602781177,-0.0500648953021
0.0310844704509,0.0,-0.25,-0.203723013401
0.0,0.0,-0.14519777894,0.0436781980097
0.150217205286,0.0,-0.25,0.0352456271648
0.0,0.0,-0.25,0.193529561162
0.0692178234458,0.0,-0.25,0.25
0.049403257668,0.0,-0.25,0.25
0.234265819192,0.0,-0.25,0.246568888426
0.249029651284,0.0,-0.0281848553568,-0.100710563362
0.0893791392446,0.0,-0.00457064667717,0.25
0.25,0.0,0.0364413373172,0.25
0.25,0.0,0.0106931291521,0.25
0.25,0.0,0.0295268297195,0.25
0.25,0.0,0.132002174854,0.25
0.25,0.0,0.25,0.25
0.25,0.0,0.25,0.25
0.25,0.0,0.25,-0.021062316373
0.25,0.0,0.25,-0.25
0.25,0.0,0.25,-0.25
0.25,0.0,0.25,-0.201919302344
0.25,0.0,0.25,0.132033467293
0.25,0.0,0.25,-0.0604963935912
0.25,0.0,0.25,-0.240449488163
