0.0,0.731129,0.0,0.0
0.25,0.0,0.0,0.249733805656
0.25,0.0,0.0,0.249780729413
0.25,0.0,0.0,0.240794181824
0.25,0.0,0.0,-0.245759189129
0.25,0.0,0.0,-0.249568521976
0.25,0.0,0.0,-0.0466607362032
0.25,0.0,0.0,-0.0551581680775
0.25,0.0,0.0,-0.213398367167
0.25,0.0,0.0,-0.219390526414
0.25,0.0,0.0,-0.0873552337289
0.25,0.0,0.0,0.25
0.25,0.0,0.0,0.249999985099
0.25,0.0,0.0,0.249997034669
0.25,0.0,0.0,0.249988123775
0.25,0.0,0.0,0.249999895692
0.25,0.0,0.0,0.249999955297
0.25,0.0,0.0,0.249971583486
0.25,0.0,0.0,0.166731894016
0.249998986721,0.0,0.0,-0.25
0.25,0.0,0.0,-0.249999657273
0.249999970198,0.0,0.0,-0.249983176589
0.249999970198,0.0,0.0,-0.249985828996
0.249999940395,0.0,0.0,-0.249990820885
0.249990701675,0.0,0.0,-0.25
0.249994412065,0.0,0.0,-0.25
0.25,0.0,0.0,0.242061555386
0.25,0.0,0.0,0.244109719992
0.25,0.0,0.0,0.242642864585
0.25,0.0,0.0,0.239771232009
0.25,0.0,0.0,0.234602287412
0.25,0.0,0.0,0.222386986017
0.25,0.0,0.0,0.185857117176
0.25,0.0,0.0,-0.24984960258
0.249999910593,0.0,0.0,-0.249999985099
0.249999940395,0.0,0.0,-0.25
0.249999970198,0.0,0.0,-0.25
0.25,0.0,0.0,-0.248835071921
0.25,0.0,0.0,-0.249543309212
0.25,0.0,0.0,-0.249999985099
0.25,0.0,0.0,-0.249996602535
0.25,0.0,0.0,-0.232187375426
0.25,0.0,0.0,-0.129571318626
0.25,0.0,0.0,0.134017020464
0.25,0.0,0.0,0.248221248388
0.25,0.0,0.0,0.197725892067
0.25,0.0,0.0,0.10111887008
0.25,0.0,0.0,0.249999940395
0.249999970198,0.0,0.0,0.249849662185
0.249999985099,0.0,0.0,0.248422130942
0.25,0.0,0.0,0.242362767458
0.25,0.0,0.0,-0.192947238684
0.25,0.0,0.0,-0.24998305738
0.249994114041,0.0,0.0,-0.249667465687
0.249957680702,0.0,0.0,0.249672964215
0.249961197376,0.0,0.0,0.249869927764
0.249994695187,0.0,0.0,0.247749328613
0.249995499849,0.0,0.0,0.246975854039
0.249996736646,0.0,0.0,0.24295116961
0.249998390675,0.0,0.0,0.220507234335
0.249999940395,0.0,0.0,-0.249841734767
0.249999970198,0.0,0.0,-0.249795898795
0.249999880791,0.0,0.0,-0.248237624764
0.249999880791,0.0,0.0,-0.248646304011
0.249999850988,0.0,0.0,-0.249205842614
0.249999761581,0.0,0.0,-0.248989880085
0.249970301986,0.0,0.0,0.24995328486
0.249999150634,0.0,0.0,0.192619636655
0.249999582767,0.0,0.0,-0.231701880693
0.249999493361,0.0,0.0,-0.22307549417
0.249997586012,0.0,0.0,0.212804242969
0.24999986589,0.0,0.0,0.25
0.249999701977,0.0,0.0,0.25
0.249999493361,0.0,0.0,0.25
0.249998956919,0.0,0.0,0.249999895692
0.249996840954,0.0,0.0,0.249996885657
0.249989539385,0.0,0.0,0.249999716878
0.249933987856,0.0,0.0,0.249994948506
0.053593955934,0.0,0.0,-0.25
0.00680643320084,0.0,0.0,-0.25
0.000608421862125,0.0,0.0,-0.25
0.000739499926567,0.0,0.0,-0.25
0.108256071806,0.0,0.0,-0.249819785357
0.249976605177,0.0,0.0,-0.249981999397
0.249980926514,0.0,0.0,-0.249974474311
0.249958977103,0.0,0.0,0.249883934855
0.249443203211,0.0,0.0,0.249882876873
0.249972894788,0.0,0.0,0.249966099858
0.24992787838,0.0,0.0,0.249906793237
0.24987745285,0.0,0.0,0.249720603228
0.249864578247,0.0,0.0,0.24945166707
0.248824179173,0.0,0.0,0.249482542276
0.247732445598,0.0,0.0,0.249307334423
0.247243851423,0.0,0.0,0.249937921762
0.0,0.0,0.0,-0.249812692404
0.0,0.0,0.0,-0.24949900806
7.45058059692e-09,0.0,0.0,0.24473194778
0.0,0.0,0.0,0.246179655194
0.233677119017,0.0,0.0,0.249999240041
0.245324552059,0.0,0.0,0.249999329448
0.0011910572648,0.0,0.0,0.24999307096
0.00105429440737,0.0,0.0,0.249999210238
0.242636412382,0.0,0.0,0.249999970198
0.248675405979,0.0,0.0,0.249907299876
0.0145046487451,0.0,0.0,0.249889075756
0.225810036063,0.0,0.0,0.249999925494
0.249984234571,0.0,0.0,0.249999806285
0.249731972814,0.0,0.0,0.249999836087
0.0129438191652,0.0,0.0,-0.234545588493
7.45058059692e-08,0.0,0.0,-0.249999433756
3.72529029846e-08,0.0,0.0,-0.24998870492
1.49011611938e-08,0.0,0.0,-0.24999293685
7.45058059692e-09,0.0,0.0,-0.249979928136
0.000141903758049,0.0,0.0,-0.244407936931
9.90927219391e-07,0.0,0.0,0.249999463558
3.35276126862e-07,0.0,0.0,0.24999961257
0.249965488911,0.0,0.0,0.249999582767
0.0392420738935,0.0,0.0,0.249999567866
1.98781490326e-05,0.0,0.0,0.249999672174
0.0598674640059,0.0,0.0,0.249997392297
0.247078940272,0.0,0.0,-0.249995186925
8.79168510437e-07,0.0,0.0,-0.25
0.0,0.0,0.0,-0.249983370304
0.0,0.0,0.0,-0.249999284744
0.000322140753269,0.0,0.0,-0.249844238162
2.1755695343e-05,0.0,0.0,-0.247418835759
6.70552253723e-08,0.0,0.0,0.249999046326
1.49011611938e-08,0.0,0.0,0.249999299645
0.00122547149658,0.0,0.0,0.249999016523
0.00133003294468,0.0,0.0,0.249998882413
0.00350921601057,0.0,0.0,0.249998092651
0.0150127261877,0.0,0.0,0.249995812774
0.233913272619,0.0,0.0,-0.249989181757
0.245997726917,0.0,0.0,-0.249999493361
0.0,0.0,0.0,-0.249971732497
0.0,0.0,0.0,-0.248817965388
1.47596001625e-05,0.0,0.0,-0.249426364899
1.49011611938e-08,0.0,0.0,0.249998480082
7.45058059692e-09,0.0,0.0,0.249998852611
0.000258788466454,0.0,0.0,0.249996200204
0.000272750854492,0.0,0.0,0.249995678663
0.00049552321434,0.0,0.0,0.249993652105
0.00130937993526,0.0,0.0,0.249987766147
0.204765588045,0.0,0.0,-0.249999389052
2.98023223877e-08,0.0,0.0,-0.25
7.45058059692e-09,0.0,0.0,-0.249868109822
1.63912773132e-07,0.0,0.0,-0.249987125397
4.93973493576e-06,0.0,0.0,-0.249914884567
5.28991222382e-07,0.0,0.0,-0.248061239719
0.0,0.0,0.0,0.249998301268
0.0,0.0,0.0,0.249998793006
3.68729233742e-05,0.0,0.0,0.249996557832
4.67672944069e-05,0.0,0.0,0.249996602535
0.000164307653904,0.0,0.0,0.249995589256
0.000831305980682,0.0,0.0,0.249992981553
0.00347639620304,0.0,0.0,0.249986425042
0.237243562937,0.0,0.0,-0.249999523163
7.92741775513e-06,0.0,0.0,-0.249999985099
1.49011611938e-08,0.0,0.0,-0.249970555305
2.16066837311e-07,0.0,0.0,-0.249996870756
1.49011611938e-07,0.0,0.0,-0.249997794628
0.00265073031187,0.0,0.0,-0.24992904067
8.79168510437e-07,0.0,0.0,0.249998867512
1.72853469849e-06,0.0,0.0,0.249999031425
0.141641780734,0.0,0.0,0.249993339181
0.175915360451,0.0,0.0,0.249992802739
0.0165031850338,0.0,0.0,0.24999640882
0.00663501024246,0.0,0.0,0.249995857477
0.249827176332,0.0,0.0,-0.249997392297
0.249893695116,0.0,0.0,-0.249998509884
0.00458036363125,0.0,0.0,-0.24635720253
0.0040465965867,0.0,0.0,-0.244438514113
0.204030692577,0.0,0.0,-0.248984932899
6.10202550888e-06,0.0,0.0,0.249991878867
5.21540641785e-08,0.0,0.0,0.249999761581
0.0982765704393,0.0,0.0,0.249992996454
0.0938235744834,0.0,0.0,0.24999204278
0.0248769298196,0.0,0.0,0.249994516373
0.0239851251245,0.0,0.0,0.249286532402
0.249924808741,0.0,0.0,-0.249992579222
0.249934285879,0.0,0.0,-0.249998152256
0.0800880640745,0.0,0.0,-0.211601421237
0.0716505274177,0.0,0.0,-0.16476047039
0.23384039104,0.0,0.0,-0.199433580041
0.000349074602127,0.0,0.0,0.249966099858
2.20537185669e-06,0.0,0.0,0.249998405576
6.04242086411e-06,0.0,0.0,0.242730662227
0.097544297576,0.0,0.0,0.249575600028
0.0928562283516,0.0,0.0,0.248546436429
0.0391849130392,0.0,0.0,0.246047824621
0.157881826162,0.0,0.0,0.100892983377
0.249980464578,0.0,0.0,-0.24999922514
7.97212123871e-07,0.0,0.0,-0.249769642949
7.45058059692e-07,0.0,0.0,-0.249204009771
1.48266553879e-06,0.0,0.0,-0.248513698578
0.249404132366,0.0,0.0,-0.194511145353
0.238735973835,0.0,0.0,0.188754037023
0.0200640633702,0.0,0.0,0.24961425364
0.127926886082,0.0,0.0,0.238321661949
0.246027439833,0.0,0.0,-0.0201889649034
0.226114541292,0.0,0.0,0.167123302817
0.0119449421763,0.0,0.0,0.249627530575
0.0363861322403,0.0,0.0,0.245541915298
0.160430431366,0.0,0.0,0.0780007764697
8.40201973915e-05,0.0,0.0,0.249921381474
0.249893590808,0.0,0.0,0.249999284744
0.249955281615,0.0,0.0,0.249971553683
1.56462192535e-07,0.0,0.0,-0.249991029501
8.94069671631e-08,0.0,0.0,-0.249999672174
0.0,0.0,0.0,0.0
0.0,43.657851,0.0,0.0
1.49011611938e-08,0.0,0.0,-0.249995604157
0.25,0.0,0.0,0.249951422215
0.25,0.0,0.0,0.249962449074
0.25,0.0,0.0,0.0994820073247
0.25,0.0,0.0,-0.249004617333
0.25,0.0,0.0,-0.246804460883
0.25,0.0,0.0,-0.102035850286
0.25,0.0,0.0,-0.14265999198
0.25,0.0,0.0,-0.236544162035
0.25,0.0,0.0,0.249999970198
0.25,0.0,0.0,0.249996960163
0.25,0.0,0.0,0.249899819493
0.25,0.0,0.0,0.249999970198
0.25,0.0,0.0,0.249999940395
0.25,0.0,0.0,0.249999761581
0.249999910593,0.0,0.0,0.249712988734
0.249999985099,0.0,0.0,-0.226446986198
0.249995142221,0.0,0.0,-0.25
0.249994456768,0.0,0.0,-0.25
0.249992221594,0.0,0.0,-0.25
0.249993830919,0.0,0.0,-0.25
0.249984294176,0.0,0.0,-0.25
0.249999970198,0.0,0.0,0.218060195446
0.249999985099,0.0,0.0,0.22584143281
0.25,0.0,0.0,-0.249997407198
0.25,0.0,0.0,-0.249996885657
0.25,0.0,0.0,-0.249972164631
0.25,0.0,0.0,-0.2497369349
0.25,0.0,0.0,0.236448377371
0.25,0.0,0.0,0.233919814229
0.25,0.0,0.0,0.201688051224
0.25,0.0,0.0,0.248890772462
0.25,0.0,0.0,0.210796102881
0.25,0.0,0.0,0.129462063313
0.25,0.0,0.0,0.113497830927
0.25,0.0,0.0,-0.23710052669
0.25,0.0,0.0,-0.150462388992
0.25,0.0,0.0,0.198134586215
0.25,0.0,0.0,0.133262366056
0.25,0.0,0.0,-0.237090304494
0.25,0.0,0.0,-0.238140031695
0.25,0.0,0.0,0.152961432934
0.25,0.0,0.0,0.241992026567
0.25,0.0,0.0,-0.116649873555
0.25,0.0,0.0,-0.249971553683
0.25,0.0,0.0,-0.249520048499
0.249999985099,0.0,0.0,0.223467126489
0.249999985099,0.0,0.0,0.246844649315
0.25,0.0,0.0,0.232216700912
0.249997064471,0.0,0.0,0.249912574887
0.249997451901,0.0,0.0,0.249878972769
0.249998316169,0.0,0.0,0.249656707048
0.249999791384,0.0,0.0,-0.240437299013
0.249999850988,0.0,0.0,-0.248732805252
0.249997496605,0.0,0.0,-0.248003557324
0.249996066093,0.0,0.0,-0.24370585382
0.249991446733,0.0,0.0,0.249957710505
0.2499910146,0.0,0.0,0.249950245023
0.249990642071,0.0,0.0,0.249933898449
0.249992504716,0.0,0.0,0.249957486987
0.249995470047,0.0,0.0,0.24996741116
0.249997317791,0.0,0.0,0.249943554401
0.25,0.0,0.0,0.0854319930077
0.25,0.0,0.0,0.112194567919
0.25,0.0,0.0,0.0817090496421
0.25,0.0,0.0,0.249854028225
0.25,0.0,0.0,0.249954894185
0.25,0.0,0.0,0.249998241663
0.25,0.0,0.0,0.249999925494
0.249999806285,0.0,0.0,0.249982729554
0.249999001622,0.0,0.0,0.249988168478
0.249517649412,0.0,0.0,-0.249999001622
0.25,0.0,0.0,-0.24745324254
0.25,0.0,0.0,-0.247779414058
0.25,0.0,0.0,-0.24629957974
0.249954104424,0.0,0.0,-0.249999538064
0.249451130629,0.0,0.0,-0.249999925494
0.219502568245,0.0,0.0,0.249977499247
0.168713271618,0.0,0.0,0.249999985099
0.245483785868,0.0,0.0,0.249981328845
0.243973195553,0.0,0.0,0.249976277351
0.232395455241,0.0,0.0,0.249991029501
0.229107901454,0.0,0.0,0.249999403954
0.213882148266,0.0,0.0,0.24977324903
0.248462095857,0.0,0.0,0.249999657273
0.249557971954,0.0,0.0,0.249999985099
0.249764114618,0.0,0.0,0.249999985099
0.249916166067,0.0,0.0,0.249999910593
0.249975115061,0.0,0.0,-0.247573599219
0.047710776329,0.0,0.0,-0.247431635857
0.0,0.0,0.0,-0.210588485003
2.77981162071e-05,0.0,0.0,-0.224352270365
2.47582793236e-05,0.0,0.0,-0.184209167957
2.30967998505e-07,0.0,0.0,0.249999538064
0.0117306262255,0.0,0.0,0.249999508262
0.249898985028,0.0,0.0,0.249999806285
0.00507732480764,0.0,0.0,0.249999538064
7.97212123871e-07,0.0,0.0,0.249999523163
0.00544670969248,0.0,0.0,0.249995976686
0.193389162421,0.0,0.0,-0.249996528029
8.94069671631e-08,0.0,0.0,-0.25
0.0,0.0,0.0,-0.249988794327
0.0,0.0,0.0,-0.249998942018
0.0,0.0,0.0,-0.249994546175
2.98023223877e-08,0.0,0.0,-0.246554136276
0.0,0.0,0.0,0.249998837709
0.0,0.0,0.0,0.249999135733
5.73694705963e-07,0.0,0.0,0.249998196959
3.12924385071e-07,0.0,0.0,0.249998003244
3.20374965668e-07,0.0,0.0,0.249997124076
4.76837158203e-07,0.0,0.0,0.249994918704
8.56816768646e-07,0.0,0.0,0.249988049269
0.000109888613224,0.0,0.0,-0.249999761581
2.16066837311e-07,0.0,0.0,-0.249999940395
1.49011611938e-08,0.0,0.0,-0.249693855643
7.45058059692e-09,0.0,0.0,-0.249641388655
0.0,0.0,0.0,-0.249558672309
0.0,0.0,0.0,-0.249989554286
0.0,0.0,0.0,-0.24468035996
0.0,0.0,0.0,0.249998509884
0.0,0.0,0.0,0.249999061227
0.0,0.0,0.0,0.249997317791
0.0,0.0,0.0,0.249997124076
7.45058059692e-09,0.0,0.0,0.249996140599
1.49011611938e-08,0.0,0.0,0.249993398786
4.47034835815e-08,0.0,0.0,0.249984353781
0.0,0.0,0.0,-0.25
2.68220901489e-07,0.0,0.0,-0.249999850988
2.23517417908e-08,0.0,0.0,-0.249698355794
2.23517417908e-08,0.0,0.0,-0.249710351229
7.45058059692e-09,0.0,0.0,-0.2495803684
0.0,0.0,0.0,-0.249631300569
0.0,0.0,0.0,-0.249975994229
0.0,0.0,0.0,0.249997854233
0.0,0.0,0.0,0.249998807907
7.45058059692e-09,0.0,0.0,0.249995976686
7.45058059692e-09,0.0,0.0,0.249995842576
1.49011611938e-08,0.0,0.0,0.249994292855
2.98023223877e-08,0.0,0.0,0.249989584088
4.49270009995e-06,0.0,0.0,-0.24999910593
0.0,0.0,0.0,-0.25
0.0,0.0,0.0,-0.249438539147
0.0,0.0,0.0,-0.249482452869
0.0,0.0,0.0,-0.249994367361
0.0,0.0,0.0,-0.24995559454
0.0,0.0,0.0,0.249997869134
0.0,0.0,0.0,0.249998778105
7.45058059692e-09,0.0,0.0,0.249995902181
7.45058059692e-09,0.0,0.0,0.249995753169
1.49011611938e-08,0.0,0.0,0.249994218349
4.47034835815e-08,0.0,0.0,0.249989658594
1.00061297417e-05,0.0,0.0,-0.249998673797
0.0,0.0,0.0,-0.25
0.0,0.0,0.0,-0.249628096819
0.0,0.0,0.0,-0.249617561698
0.0,0.0,0.0,-0.249992057681
0.0,0.0,0.0,-0.248315498233
0.0,0.0,0.0,0.24999794364
0.0,0.0,0.0,0.249998688698
7.45058059692e-09,0.0,0.0,0.249995291233
7.45058059692e-09,0.0,0.0,0.249994933605
7.45058059692e-09,0.0,0.0,0.249992862344
2.23517417908e-08,0.0,0.0,0.249986976385
5.29736280441e-06,0.0,0.0,-0.249998852611
7.45058059692e-08,0.0,0.0,-0.249999940395
7.45058059692e-09,0.0,0.0,-0.249787986279
7.45058059692e-09,0.0,0.0,-0.249822974205
0.0,0.0,0.0,-0.249723985791
0.0,0.0,0.0,-0.249651268125
0.0,0.0,0.0,0.249997064471
0.0,0.0,0.0,0.249998196959
4.47034835815e-08,0.0,0.0,0.249993115664
4.47034835815e-08,0.0,0.0,0.24999268353
8.19563865662e-08,0.0,0.0,0.249989911914
1.78813934326e-07,0.0,0.0,0.249981433153
5.29140233994e-05,0.0,0.0,-0.24999922514
2.45869159698e-07,0.0,0.0,-0.249999970198
7.45058059692e-09,0.0,0.0,-0.24989593029
7.45058059692e-09,0.0,0.0,-0.249839633703
7.45058059692e-09,0.0,0.0,-0.240790843964
0.0,0.0,0.0,0.249996304512
0.0,0.0,0.0,0.249997496605
2.98023223877e-08,0.0,0.0,0.249989077449
3.72529029846e-08,0.0,0.0,0.249988406897
5.21540641785e-08,0.0,0.0,0.249983847141
1.04308128357e-07,0.0,0.0,0.249969705939
0.000409796833992,0.0,0.0,-0.249985560775
2.68220901489e-07,0.0,0.0,-0.249999985099
7.45058059692e-09,0.0,0.0,-0.249990597367
7.45058059692e-09,0.0,0.0,-0.24998922646
7.45058059692e-09,0.0,0.0,-0.249960020185
4.47034835815e-08,0.0,0.0,-0.239220276475
0.0,0.0,0.0,0.249996870756
0.0,0.0,0.0,0.249997675419
5.66244125366e-07,0.0,0.0,0.249989613891
1.06543302536e-06,0.0,0.0,0.249988988042
3.10689210892e-06,0.0,0.0,0.249984249473
5.93811273575e-06,0.0,0.0,0.249973043799
0.0309169590473,0.0,0.0,-0.249992787838
5.06639480591e-07,0.0,0.0,-0.249999985099
3.72529029846e-08,0.0,0.0,-0.249991625547
5.21540641785e-08,0.0,0.0,-0.249994501472
3.72529029846e-08,0.0,0.0,-0.249994948506
1.21369957924e-05,0.0,0.0,-0.247179165483
0.0,0.0,0.0,0.249998047948
7.45058059692e-09,0.0,0.0,0.249998405576
0.000547796487808,0.0,0.0,0.249993294477
0.00107713788748,0.0,0.0,0.249993309379
0.00288973748684,0.0,0.0,0.249991312623
0.00698228925467,0.0,0.0,0.249985828996
0.241250827909,0.0,0.0,-0.249999523163
4.47779893875e-06,0.0,0.0,-0.249999985099
1.49011611938e-08,0.0,0.0,-0.249963745475
2.08616256714e-07,0.0,0.0,-0.249997437
0.00342388451099,0.0,0.0,-0.249624863267
0.00460111349821,0.0,0.0,-0.249862790108
2.12341547012e-06,0.0,0.0,0.249998882413
2.60025262833e-06,0.0,0.0,0.249998986721
0.160173296928,0.0,0.0,0.249994307756
0.182063192129,0.0,0.0,0.249993860722
0.00932290405035,0.0,0.0,0.249996855855
0.00859798491001,0.0,0.0,0.24999576807
0.249617606401,0.0,0.0,-0.249999672174
0.249682411551,0.0,0.0,-0.249998807907
4.47034835815e-08,0.0,0.0,-0.249969124794
3.72529029846e-08,0.0,0.0,-0.249964803457
0.0488288253546,0.0,0.0,-0.24972191453
0.0273728370667,0.0,0.0,-0.249850988388
1.14738941193e-06,0.0,0.0,0.249999240041
1.36345624924e-06,0.0,0.0,0.24999922514
0.109056636691,0.0,0.0,0.24999563396
0.101313278079,0.0,0.0,0.24999551475
0.00543216615915,0.0,0.0,0.249997198582
0.00686163455248,0.0,0.0,0.249995917082
0.0385700762272,0.0,0.0,0.249987140298
0.248784810305,0.0,0.0,-0.24999666214
3.33040952682e-06,0.0,0.0,-0.249999970198
7.45058059692e-09,0.0,0.0,-0.0172856952995
4.47034835815e-08,0.0,0.0,-0.224991589785
1.04308128357e-07,0.0,0.0,-0.249403387308
3.72529029846e-08,0.0,0.0,-0.234145507216
0.0066242814064,0.0,0.0,-0.249198406935
0.00408400595188,0.0,0.0,-0.248902186751
1.49011611938e-07,0.0,0.0,0.249999195337
3.20374965668e-07,0.0,0.0,0.249999180436
0.028134137392,0.0,0.0,0.249994531274
0.0305715128779,0.0,0.0,0.249994158745
0.0125031247735,0.0,0.0,0.249993860722
0.00645389407873,0.0,0.0,0.249990567565
0.247871443629,0.0,0.0,-0.249994724989
0.248053610325,0.0,0.0,-0.249997630715
3.4973025322e-05,0.0,0.0,-0.242064505816
1.92672014236e-05,0.0,0.0,-0.23658195138
0.00238665938377,0.0,0.0,-0.247929856181
7.45058059692e-09,0.0,0.0,0.249996885657
1.49011611938e-08,0.0,0.0,0.249999403954
0.000524252653122,0.0,0.0,0.249994233251
0.00025537610054,0.0,0.0,0.249994024634
8.84309411049e-05,0.0,0.0,0.249991387129
4.09334897995e-05,0.0,0.0,0.249394863844
0.218825340271,0.0,0.0,-0.249989911914
0.180030286312,0.0,0.0,-0.249996289611
0.0,0.0,0.0,0.21886909008
0.0,0.0,0.0,0.213866651058
7.45058059692e-09,0.0,0.0,-0.249876439571
0.0,0.0,0.0,-0.249780207872
0.0,0.0,0.0,0.150777429342
0.0,0.0,0.0,0.160706177354
0.0,0.0,0.0,-0.249303817749
0.0,0.0,0.0,-0.249269649386
0.0,0.0,0.0,0.189804375172
1.50501728058e-06,0.0,0.0,-0.213364690542
0.000748202204704,0.0,0.0,-0.249951094389
2.1904706955e-06,0.0,0.0,-0.185497134924
0.0,0.0,0.0,0.24999833107
0.0,0.0,0.0,0.249998092651
2.98023223877e-08,0.0,0.0,0.2499486655
2.23517417908e-08,0.0,0.0,0.249947413802
1.49011611938e-08,0.0,0.0,0.249920114875
7.45058059692e-09,0.0,0.0,0.249830722809
5.84423542023e-05,0.0,0.0,-0.249889969826
0.0,0.0,0.0,-0.239887267351
0.0,0.0,0.0,-0.117768913507
0.0,0.0,0.0,-0.114704541862
0.0,0.0,0.0,-0.185061946511
0.0,0.0,0.0,-0.194630026817
0.0,0.0,0.0,-0.19139380753
2.23517417908e-08,0.0,0.0,-0.0599081665277
0.0,0.0,0.0,0.249998793006
0.0,0.0,0.0,0.249997392297
0.0,0.0,0.0,0.0
0.0,61.452744,0.0,0.0
0.25,0.0,0.0,0.25
0.25,0.0,0.0,0.25
0.25,0.0,0.0,0.25
0.25,0.0,0.0,-0.0620688386261
0.25,0.0,0.0,0.25
0.25,0.0,0.0,0.140572443604
0.25,0.0,0.0,-0.173350840807
0.25,0.0,0.0,0.25
0.25,0.0,0.0,0.25
0.25,0.0,0.0,0.25
0.25,0.0,0.0,0.25
0.25,0.0,0.0,0.25
0.25,0.0,0.0,0.25
0.25,0.0,0.0,0.25
0.25,0.0,0.0,-0.25
0.25,0.0,0.0,-0.25
0.25,0.0,0.0,-0.25
0.25,0.0,0.0,-0.25
0.25,0.0,0.0,-0.25
0.25,0.0,0.0,-0.25
0.188514307141,0.0,0.0,-0.25
0.129442945123,0.0,0.0,-0.25
0.147911399603,0.0,0.0,-0.25
0.0961709395051,0.0,0.0,-0.25
0.0,0.0,0.0,-0.245251119137
0.091578990221,0.0,0.0,-0.149845272303
0.166920945048,0.0,0.0,0.0158252343535
0.131011769176,0.0,0.0,0.25
0.25,0.0,0.0,0.25
0.157431781292,0.0,0.0,0.25
0.149374634027,0.0,0.0,0.25
0.0612361989915,0.0,0.0,0.25
0.0674693733454,0.0,0.0,0.25
0.0538168363273,0.0,0.0,0.0793698132038
0.12431652844,0.0,0.0,0.0588779635727
0.0532624386251,0.0,0.0,-0.25
0.166522592306,0.0,0.0,-0.25
0.0876128673553,0.0,0.0,-0.25
0.0127070043236,0.0,0.0,-0.25
0.0774127170444,0.0,0.0,-0.213363841176
0.0629859492183,0.0,0.0,-0.0236195679754
0.103969961405,0.0,0.0,-0.25
0.223196014762,0.0,0.0,-0.25
0.173939809203,0.0,0.0,-0.25
0.25,0.0,0.0,-0.25
0.181096479297,0.0,0.0,-0.25
0.0,0.0,0.0,-0.25
0.0,0.0,0.0,-0.25
0.0,0.0,0.0,-0.25
0.0272169988602,0.0,0.0,-0.25
0.0,0.0,0.0,-0.25
0.113557428122,0.0,0.0,-0.122458383441
0.123946204782,0.0,0.0,0.132238253951
0.141510933638,0.0,0.0,0.0746014714241
0.0391709432006,0.0,0.0,0.119362331927
0.0380748286843,0.0,0.0,0.045993745327
0.0,0.0,0.0,0.000591547286604
0.0,0.0,0.0,0.25
0.0,0.0,0.0,-0.188497543335
0.0,0.0,0.0,-0.018293691799
0.0,0.0,0.0,-0.0651448741555
0.0,0.0,0.0,0.0556814335287
0.0,0.0,0.0,-0.122338473797
0.0,0.0,0.0,0.191809788346
0.0,0.0,0.0,-0.00184914004058
0.170391187072,0.0,0.0,0.210419490933
0.0,0.0,0.0,0.218517869711
0.0420083813369,0.0,0.0,0.195273041725
0.100817799568,0.0,0.0,0.25
0.214569464326,0.0,0.0,0.25
0.140983089805,0.0,0.0,0.25
0.25,0.0,0.0,0.25
0.237245857716,0.0,0.0,0.25
0.163320675492,0.0,0.0,0.25
0.18577131629,0.0,0.0,0.25
0.230485156178,0.0,0.0,0.25
0.228917360306,0.0,0.0,0.126635044813
0.25,0.0,0.0,-0.25
0.25,0.0,0.0,-0.25
0.25,0.0,0.0,-0.25
0.198068574071,0.0,0.0,-0.25
0.117160886526,0.0,0.0,-0.25
0.0527435354888,0.0,0.0,-0.25
0.111778832972,0.0,0.0,-0.25
0.103228278458,0.0,0.0,-0.25
0.106834068894,0.0,0.0,-0.25
0.0262703038752,0.0,0.0,-0.25
0.0113667687401,0.0,0.0,-0.25
0.1761482656,0.0,0.0,-0.25
0.0230476651341,0.0,0.0,-0.15771637857
0.0891463980079,0.0,0.0,0.232427790761
0.0,0.0,0.0,0.25
0.0,0.0,0.0,0.230281203985
0.0,0.0,0.0,0.25
0.0,0.0,0.0,0.25
0.0,0.0,0.0,0.243927598
0.0,0.0,0.0,0.25
0.0,0.0,0.0,0.25
0.0,0.0,0.0,0.25
0.0,0.0,0.0,0.25
0.0,0.0,0.0,0.25
0.00136087427381,0.0,0.0,0.25
0.0,0.0,0.0,0.25
0.0,0.0,0.0,0.25
0.0,0.0,0.0,0.25
0.0,0.0,0.0,-0.25
0.0,0.0,0.0,-0.141972765326
0.0,0.0,0.0,0.25
0.0,0.0,0.0,0.25
0.0,0.0,0.0,0.25
0.0569382421672,0.0,0.0,0.171512722969
0.0,0.0,0.0,-0.189844459295
0.00548149552196,0.0,0.0,-0.0848180502653
0.0295527558774,0.0,0.0,0.25
0.0534680821002,0.0,0.0,0.25
0.0773613378406,0.0,0.0,0.25
0.0704114288092,0.0,0.0,0.25
0.236631125212,0.0,0.0,0.25
0.156630530953,0.0,0.0,0.25
0.25,0.0,0.0,0.25
0.157671317458,0.0,0.0,-0.162097603083
0.25,0.0,0.0,-0.177748411894
0.25,0.0,0.0,-0.25
0.0952521786094,0.0,0.0,0.25
0.0860976353288,0.0,0.0,0.25
0.23069639504,0.0,0.0,-0.0660129263997
0.151495233178,0.0,0.0,0.108313329518
0.149781867862,0.0,0.0,0.25
0.25,0.0,0.0,0.25
0.25,0.0,0.0,0.0811779424548
0.25,0.0,0.0,0.25
0.25,0.0,0.0,0.25
0.157370090485,0.0,0.0,0.25
0.25,0.0,0.0,0.25
0.107219204307,0.0,0.0,0.25
0.158041670918,0.0,0.0,-0.102761484683
0.241759046912,0.0,0.0,-0.25
0.25,0.0,0.0,-0.118989691138
0.085506722331,0.0,0.0,-0.25
0.0,0.0,0.0,-0.25
0.0738484859467,0.0,0.0,-0.25
0.176673606038,0.0,0.0,-0.25
0.203099235892,0.0,0.0,0.180678799748
0.161489903927,0.0,0.0,0.0404421910644
0.0368357561529,0.0,0.0,0.0151468915865
0.130049273372,0.0,0.0,0.25
0.112589463592,0.0,0.0,0.25
0.109360918403,0.0,0.0,0.25
0.0296979732811,0.0,0.0,0.25
0.071195051074,0.0,0.0,0.25
0.162704750896,0.0,0.0,0.25
0.25,0.0,0.0,0.25
0.25,0.0,0.0,0.25
0.25,0.0,0.0,0.25
0.25,0.0,0.0,0.25
0.25,0.0,0.0,0.25
0.204244092107,0.0,0.0,0.163854837418
0.111979290843,0.0,0.0,0.0714985355735
0.25,0.0,0.0,0.153832763433
0.171324655414,0.0,0.0,-0.133183568716
0.199732273817,0.0,0.0,-0.25
0.0304408650845,0.0,0.0,-0.25
0.148371487856,0.0,0.0,-0.25
0.223271071911,0.0,0.0,-0.25
0.166639268398,0.0,0.0,-0.25
0.18748383224,0.0,0.0,-0.25
0.145951405168,0.0,0.0,-0.25
0.193119287491,0.0,0.0,-0.25
0.121242634952,0.0,0.0,-0.25
0.0,0.0,0.0,0.0
0.0,36.020093,0.0,0.0
0.25,0.0,0.0,0.0718576610088
0.25,0.0,0.0,0.00911362562329
0.25,0.0,0.0,-0.00836922414601
0.25,0.0,0.0,-0.25
0.25,0.0,0.0,-0.25
0.25,0.0,0.0,-0.229201287031
0.25,0.0,0.0,0.0156716350466
0.25,0.0,0.0,0.199095353484
0.25,0.0,0.0,0.18381844461
0.25,0.0,0.0,0.0912782847881
0.112249918282,0.0,0.0,-0.200415700674
0.209623873234,0.0,0.0,-0.040408782661
0.209607437253,0.0,0.0,0.0606532841921
0.25,0.0,0.0,0.0338558256626
0.230280071497,0.0,0.0,0.0809785798192
0.25,0.0,0.0,0.0643972977996
0.25,0.0,0.0,-0.127036109567
0.25,0.0,0.0,-0.0806610733271
0.25,0.0,0.0,0.161354988813
0.218980044127,0.0,0.0,0.152188494802
0.1639277637,0.0,0.0,0.25
0.0861508846283,0.0,0.0,0.232078447938
0.187213093042,0.0,0.0,0.123840987682
0.25,0.0,0.0,0.25
0.25,0.0,0.0,0.25
0.25,0.0,0.0,0.25
0.25,0.0,0.0,0.25
0.25,0.0,0.0,0.25
0.25,0.0,0.0,0.245435327291
0.25,0.0,0.0,0.0900120586157
0.25,0.0,0.0,0.0464324019849
0.25,0.0,0.0,-0.106479696929
0.25,0.0,0.0,0.0857675895095
0.247832581401,0.0,0.0,0.25
0.174333974719,0.0,0.0,0.103644125164
0.153459995985,0.0,0.0,0.00287985592149
0.0776288807392,0.0,0.0,0.0759002268314
0.213011577725,0.0,0.0,-0.0187413152307
0.25,0.0,0.0,-0.0354970730841
0.126151889563,0.0,0.0,-0.25
0.166827991605,0.0,0.0,-0.237943992019
0.193246454,0.0,0.0,-0.0855376794934
0.24105283618,0.0,0.0,-0.25
0.25,0.0,0.0,-0.25
0.25,0.0,0.0,-0.25
0.175460383296,0.0,0.0,-0.25
0.178413227201,0.0,0.0,-0.25
0.164812803268,0.0,0.0,-0.25
0.207131385803,0.0,0.0,-0.25
0.135244458914,0.0,0.0,-0.25
0.0591824874282,0.0,0.0,-0.25
0.049358792603,0.0,0.0,-0.25
0.25,0.0,0.0,-0.25
0.186189293861,0.0,0.0,-0.240216225386
0.10611256212,0.0,0.0,-0.25
0.0,0.0,0.0,-0.209485143423
0.0,0.0,0.0,-0.175566136837
0.0,0.0,0.0,0.111523203552
0.0,0.0,0.0,-0.0110173886642
0.0,0.0,0.0,0.0886948779225
0.00866079702973,0.0,0.0,0.0478818416595
0.0,0.0,0.0,0.25
0.0,0.0,0.0,0.25
0.0,0.0,0.0,0.25
0.0972876176238,0.0,0.0,0.25
0.222519248724,0.0,0.0,0.25
0.246694028378,0.0,0.0,0.25
0.180401206017,0.0,0.0,0.25
0.25,0.0,0.0,0.25
0.153673663735,0.0,0.0,0.25
0.0341083034873,0.0,0.0,0.25
0.244220390916,0.0,0.0,0.25
0.134847685695,0.0,0.0,0.25
0.107510447502,0.0,0.0,0.25
0.00987430848181,0.0,0.0,0.25
0.0,0.0,0.0,0.25
0.0,0.0,0.0,0.25
0.0,0.0,0.0,0.25
0.121109321713,0.0,0.0,0.25
0.0659302547574,0.0,0.0,0.0230659227818
0.122766673565,0.0,0.0,-0.25
0.125009059906,0.0,0.0,-0.246614068747
0.0845887884498,0.0,0.0,-0.135939970613
0.00625558104366,0.0,0.0,-0.215817734599
0.0,0.0,0.0,-0.25
0.0,0.0,0.0,0.0944453403354
0.0,0.0,0.0,0.154354423285
0.0,0.0,0.0,-0.25
0.0,0.0,0.0,-0.25
0.0,0.0,0.0,0.239902719855
0.0,0.0,0.0,0.25
0.0,0.0,0.0,0.25
0.0543811954558,0.0,0.0,0.25
0.0955706387758,0.0,0.0,0.25
0.25,0.0,0.0,0.25
0.25,0.0,0.0,0.013509336859
0.25,0.0,0.0,0.1560908705
0.223375678062,0.0,0.0,0.23043449223
0.0881569162011,0.0,0.0,0.0641152635217
0.081759236753,0.0,0.0,-0.0477913282812
0.175738573074,0.0,0.0,-0.15038689971
0.106466539204,0.0,0.0,-0.25
0.0159538071603,0.0,0.0,-0.25
0.00653636176139,0.0,0.0,-0.22499576211
0.160072609782,0.0,0.0,-0.096854865551
0.0132460566238,0.0,0.0,0.25
0.125346556306,0.0,0.0,0.25
0.244194969535,0.0,0.0,0.25
0.19927868247,0.0,0.0,0.246997922659
0.111414805055,0.0,0.0,0.126679167151
0.142234995961,0.0,0.0,0.25
0.191763520241,0.0,0.0,0.25
0.220008909702,0.0,0.0,0.214860141277
0.194288104773,0.0,0.0,0.25
0.239749968052,0.0,0.0,0.0912463665009
0.162941798568,0.0,0.0,0.181706100702
0.0541778951883,0.0,0.0,0.0548188127577
0.190025448799,0.0,0.0,-0.25
0.0747028961778,0.0,0.0,-0.17254896462
0.0,0.0,0.0,-0.25
0.0,0.0,0.0,-0.00545544736087
0.0,0.0,0.0,-0.143080815673
0.0,0.0,0.0,0.0413130410016
0.0,0.0,0.0,0.0690507665277
0.0,0.0,0.0,-0.103557504714
0.0,0.0,0.0,-0.25
0.0,0.0,0.0,-0.25
0.122952602804,0.0,0.0,-0.0714952349663
0.107436902821,0.0,0.0,0.0397456325591
0.10367937386,0.0,0.0,-0.25
0.140300422907,0.0,0.0,-0.25
0.140953168273,0.0,0.0,-0.143633455038
0.18511351943,0.0,0.0,-0.0252153538167
0.220545083284,0.0,0.0,0.199402987957
0.190210655332,0.0,0.0,0.25
0.25,0.0,0.0,0.165381461382
0.25,0.0,0.0,0.0367081947625
0.124148383737,0.0,0.0,-0.135203570127
0.25,0.0,0.0,0.25
0.25,0.0,0.0,0.25
0.25,0.0,0.0,0.25
0.25,0.0,0.0,0.25
0.25,0.0,0.0,0.25
0.25,0.0,0.0,-0.160609766841
0.25,0.0,0.0,-0.154716953635
0.25,0.0,0.0,-0.25
0.25,0.0,0.0,-0.25
0.231549218297,0.0,0.0,-0.25
0.25,0.0,0.0,-0.25
0.193456232548,0.0,0.0,0.212394148111
0.25,0.0,0.0,0.25
0.25,0.0,0.0,0.25
0.25,0.0,0.0,0.25
0.25,0.0,0.0,0.25
0.25,0.0,0.0,0.25
0.25,0.0,0.0,0.25
0.25,0.0,0.0,0.25
0.0,0.0,0.0,0.0
0.0,33.514103,0.0,0.0
0.25,0.0,0.0,0.25
0.231499955058,0.0,0.0,0.0917871668935
0.21253105998,0.0,0.0,-0.133429303765
0.25,0.0,0.0,-0.23971785605
0.25,0.0,0.0,-0.2089715451
0.25,0.0,0.0,-0.150183305144
0.221182331443,0.0,0.0,0.126363709569
0.177338480949,0.0,0.0,0.233375564218
0.0840529873967,0.0,0.0,0.25
0.0,0.0,0.0,0.248552411795
0.0,0.0,0.0,0.246660217643
0.0,0.0,0.0,0.0768678560853
0.0689191743731,0.0,0.0,0.155333518982
0.0988348796964,0.0,0.0,-0.0110056782141
0.25,0.0,0.0,-0.221077620983
0.191801846027,0.0,0.0,-0.0982805565
0.25,0.0,0.0,0.0805916935205
0.25,0.0,0.0,0.25
0.25,0.0,0.0,0.25
0.25,0.0,0.0,0.25
0.25,0.0,0.0,0.25
0.25,0.0,0.0,0.0665140375495
0.25,0.0,0.0,-0.24608887732
0.25,0.0,0.0,-0.25
0.213172376156,0.0,0.0,-0.246305778623
0.201674133539,0.0,0.0,-0.188173636794
0.121792301536,0.0,0.0,-0.25
0.204110696912,0.0,0.0,0.0841596499085
0.188699871302,0.0,0.0,-0.0323770418763
0.0,0.0,0.0,-0.227902293205
0.124717056751,0.0,0.0,-0.25
0.236473605037,0.0,0.0,-0.25
0.216218665242,0.0,0.0,-0.100175641477
0.00245133112185,0.0,0.0,-0.220619544387
0.0,0.0,0.0,0.25
0.111897863448,0.0,0.0,-0.108060948551
0.117482610047,0.0,0.0,0.00312079442665
0.064222946763,0.0,0.0,-0.222850397229
0.224472776055,0.0,0.0,-0.0944094732404
0.25,0.0,0.0,-0.142154231668
0.25,0.0,0.0,-0.0283065214753
0.25,0.0,0.0,0.136363252997
0.25,0.0,0.0,0.25
0.25,0.0,0.0,0.25
0.25,0.0,0.0,0.0709875673056
0.25,0.0,0.0,-0.188612580299
0.25,0.0,0.0,-0.145554274321
0.25,0.0,0.0,0.156034141779
0.25,0.0,0.0,-0.117942005396
0.25,0.0,0.0,-0.25
0.199271932244,0.0,0.0,-0.243667468429
0.11283300072,0.0,0.0,-0.131502777338
0.118442103267,0.0,0.0,0.066177546978
0.145209342241,0.0,0.0,0.124411597848
0.146728530526,0.0,0.0,0.160314157605
0.25,0.0,0.0,0.152129843831
0.25,0.0,0.0,0.137391209602
0.25,0.0,0.0,0.217608317733
0.25,0.0,0.0,0.198006808758
0.25,0.0,0.0,-0.0349410437047
0.25,0.0,0.0,0.25
0.25,0.0,0.0,0.25
0.25,0.0,0.0,0.25
0.25,0.0,0.0,-0.00607171654701
0.25,0.0,0.0,0.00050770159578
0.25,0.0,0.0,0.00608834298328
0.25,0.0,0.0,0.244290038943
0.25,0.0,0.0,0.185528859496
0.25,0.0,0.0,0.25
0.25,0.0,0.0,0.20319879055
0.25,0.0,0.0,0.25
0.25,0.0,0.0,0.25
0.25,0.0,0.0,0.19644728303
0.25,0.0,0.0,0.0720654353499
0.25,0.0,0.0,0.0580680072308
0.25,0.0,0.0,0.147749066353
0.25,0.0,0.0,-0.0598410815001
0.25,0.0,0.0,-0.25
0.123936481774,0.0,0.0,-0.0626099258661
0.0375163964927,0.0,0.0,-0.117191590369
0.0,0.0,0.0,-0.209323644638
0.0399240702391,0.0,0.0,-0.25
0.0523229315877,0.0,0.0,-0.0710233524442
0.0248361118138,0.0,0.0,0.25
0.0963813140988,0.0,0.0,0.25
0.177975311875,0.0,0.0,0.25
0.0933188870549,0.0,0.0,0.25
0.219681888819,0.0,0.0,0.25
0.25,0.0,0.0,0.0890755355358
0.25,0.0,0.0,0.0600296035409
0.25,0.0,0.0,-0.0513987019658
0.21618463099,0.0,0.0,-0.227960541844
0.198518186808,0.0,0.0,-0.25
0.182567059994,0.0,0.0,-0.25
0.25,0.0,0.0,-0.160713404417
0.25,0.0,0.0,0.0874265357852
0.234194159508,0.0,0.0,0.239159211516
0.25,0.0,0.0,0.25
0.23823466897,0.0,0.0,0.198776468635
0.211267188191,0.0,0.0,0.176998600364
0.127941161394,0.0,0.0,0.193620324135
0.0,0.0,0.0,0.25
0.0,0.0,0.0,0.25
0.0,0.0,0.0,0.25
0.0,0.0,0.0,0.25
0.0,0.0,0.0,0.25
0.0820190235972,0.0,0.0,-0.0875135287642
0.0,0.0,0.0,-0.214902102947
0.0161971990019,0.0,0.0,-0.25
0.0615713000298,0.0,0.0,-0.25
0.12925837934,0.0,0.0,-0.25
0.000946378568187,0.0,0.0,-0.25
0.0,0.0,0.0,-0.25
0.0,0.0,0.0,0.0556025654078
0.0,0.0,0.0,0.25
0.127581059933,0.0,0.0,0.25
0.185414746404,0.0,0.0,0.25
0.229632601142,0.0,0.0,0.106430932879
0.136289015412,0.0,0.0,0.25
0.21208101511,0.0,0.0,0.25
0.00550193991512,0.0,0.0,0.25
0.0,0.0,0.0,0.25
0.0,0.0,0.0,0.0710676908493
0.0,0.0,0.0,-0.165921077132
0.0,0.0,0.0,-0.168978631496
0.0,0.0,0.0,-0.0839689522982
0.0,0.0,0.0,0.0223912540823
0.0,0.0,0.0,0.25
0.0,0.0,0.0,0.104525916278
0.0,0.0,0.0,0.232289522886
0.0,0.0,0.0,0.25
0.0,0.0,0.0,0.101969331503
0.0,0.0,0.0,-0.0455262772739
0.0,0.0,0.0,-0.0360264927149
0.0,0.0,0.0,0.0301280189306
0.0402561984956,0.0,0.0,0.25
0.0,0.0,0.0,0.17287351191
0.142585143447,0.0,0.0,0.25
0.127287238836,0.0,0.0,0.25
0.131987005472,0.0,0.0,0.25
0.25,0.0,0.0,0.25
0.0,0.0,0.0,0.0
0.0,31.090629,0.0,0.0
0.25,0.0,0.0,0.25
0.177167952061,0.0,0.0,0.174970850348
0.222812026739,0.0,0.0,0.23975045979
0.200455665588,0.0,0.0,0.25
0.162095367908,0.0,0.0,0.25
0.0323711931705,0.0,0.0,0.25
0.0677127614617,0.0,0.0,0.25
0.204673111439,0.0,0.0,0.25
0.189118251204,0.0,0.0,0.25
0.198768913746,0.0,0.0,0.25
0.24204865098,0.0,0.0,0.25
0.25,0.0,0.0,0.25
0.25,0.0,0.0,0.25
0.25,0.0,0.0,0.25
0.25,0.0,0.0,0.25
0.25,0.0,0.0,-0.00570892076939
0.25,0.0,0.0,0.214910283685
0.25,0.0,0.0,0.25
0.25,0.0,0.0,0.0516604147851
0.25,0.0,0.0,0.0234615653753
0.25,0.0,0.0,-0.25
0.25,0.0,0.0,0.190996453166
0.25,0.0,0.0,0.0701689496636
0.25,0.0,0.0,-0.25
0.25,0.0,0.0,-0.25
0.25,0.0,0.0,-0.25
0.25,0.0,0.0,-0.160131037235
0.25,0.0,0.0,-0.139042541385
0.25,0.0,0.0,-0.118388600647
0.25,0.0,0.0,-0.143042877316
0.177979454398,0.0,0.0,-0.25
0.108248241246,0.0,0.0,-0.20790630579
0.0116239571944,0.0,0.0,-0.25
0.0,0.0,0.0,-0.25
0.0,0.0,0.0,-0.25
0.0,0.0,0.0,-0.25
0.0,0.0,0.0,-0.25
0.0,0.0,0.0,-0.25
0.0731844082475,0.0,0.0,-0.25
0.0120504852384,0.0,0.0,-0.25
0.152738213539,0.0,0.0,-0.25
0.0156227629632,0.0,0.0,-0.25
0.25,0.0,0.0,-0.25
0.0394760593772,0.0,0.0,-0.25
0.117259904742,0.0,0.0,-0.25
0.103436760604,0.0,0.0,-0.131145656109
0.136066198349,0.0,0.0,-0.0379050262272
0.0129593005404,0.0,0.0,-0.104827098548
0.0761064291,0.0,0.0,-0.25
0.126621738076,0.0,0.0,-0.25
0.0526055656374,0.0,0.0,-0.25
0.25,0.0,0.0,-0.25
0.118743427098,0.0,0.0,-0.25
0.0,0.0,0.0,-0.25
0.247959986329,0.0,0.0,-0.25
0.25,0.0,0.0,0.0320047698915
0.25,0.0,0.0,-0.25
0.25,0.0,0.0,-0.25
0.25,0.0,0.0,0.0757461041212
0.25,0.0,0.0,0.135120794177
0.181613981724,0.0,0.0,0.134211435914
0.25,0.0,0.0,0.0823155120015
0.25,0.0,0.0,0.00117367168423
0.193123534322,0.0,0.0,-0.0531141161919
0.156361147761,0.0,0.0,-0.248278960586
0.167539700866,0.0,0.0,-0.123956091702
0.25,0.0,0.0,0.0450000278652
0.170133262873,0.0,0.0,0.214055761695
0.155895233154,0.0,0.0,0.0950582101941
0.0521953329444,0.0,0.0,0.177617877722
0.0159782562405,0.0,0.0,0.182182744145
0.0647616684437,0.0,0.0,-0.0963620617986
0.0,0.0,0.0,-0.156835123897
0.0,0.0,0.0,-0.25
0.0,0.0,0.0,-0.25
0.0,0.0,0.0,-0.147610381246
0.0,0.0,0.0,-0.159226536751
0.0,0.0,0.0,0.0240333601832
0.0,0.0,0.0,-0.0784809812903
0.0,0.0,0.0,0.15523070097
0.0,0.0,0.0,0.23804885149
0.0,0.0,0.0,0.227330505848
0.0,0.0,0.0,0.25
0.0,0.0,0.0,0.235583305359
0.0,0.0,0.0,0.25
0.00182458257768,0.0,0.0,0.14446207881
0.0745983868837,0.0,0.0,0.141512438655
0.156283661723,0.0,0.0,0.25
0.140901744366,0.0,0.0,0.145142555237
0.168787583709,0.0,0.0,0.160696357489
0.241567209363,0.0,0.0,0.25
0.15987868607,0.0,0.0,-0.189446419477
0.209497913718,0.0,0.0,0.19580116868
0.0609892830253,0.0,0.0,0.25
0.173870205879,0.0,0.0,0.25
0.0651328265667,0.0,0.0,0.25
0.0504844784737,0.0,0.0,0.25
0.0422015860677,0.0,0.0,0.25
0.163710355759,0.0,0.0,0.0200787130743
0.215552970767,0.0,0.0,-0.116061709821
0.25,0.0,0.0,-0.156585887074
0.25,0.0,0.0,-0.137746676803
0.25,0.0,0.0,0.0825225189328
0.24942086637,0.0,0.0,0.196456700563
0.151859134436,0.0,0.0,0.25
0.138648986816,0.0,0.0,0.186150506139
0.214836210012,0.0,0.0,0.25
0.25,0.0,0.0,0.25
0.25,0.0,0.0,0.25
0.25,0.0,0.0,0.25
0.0,0.0,0.0,0.0
0.0,55.637213,0.0,0.0
0.25,0.0,0.0,0.25
0.25,0.0,0.0,0.25
0.25,0.0,0.0,0.25
0.25,0.0,0.0,0.25
0.25,0.0,0.0,0.25
0.25,0.0,0.0,-0.225144311786
0.0,0.0,0.0,-0.25
0.0,0.0,0.0,0.25
0.0,0.0,0.0,0.0642431825399
0.0,0.0,0.0,-0.23665727675
0.0,0.0,0.0,-0.136806443334
0.0,0.0,0.0,-0.0953713133931
0.0,0.0,0.0,-0.0774936974049
0.142883956432,0.0,0.0,-0.20793107152
0.0535294935107,0.0,0.0,-0.108251310885
0.04705170542,0.0,0.0,-0.25
0.0,0.0,0.0,-0.25
0.0,0.0,0.0,-0.25
0.0274457857013,0.0,0.0,0.0398946739733
0.102594859898,0.0,0.0,0.25
0.13442504406,0.0,0.0,0.25
0.108052946627,0.0,0.0,0.25
0.202622056007,0.0,0.0,0.25
0.242362186313,0.0,0.0,0.223859623075
0.249575927854,0.0,0.0,0.237142071128
0.0,0.0,0.0,0.0204943306744
0.0,0.0,0.0,0.230862423778
0.0,0.0,0.0,0.0
0.0,25.549109,0.0,0.0
0.115343354642,0.0,0.0,0.219057515264
0.138696789742,0.0,0.0,-0.0843925103545
0.25,0.0,0.0,0.18488907814
0.171736106277,0.0,0.0,0.240573018789
0.25,0.0,0.0,0.25
0.25,0.0,0.0,0.25
0.25,0.0,0.0,-0.079239487648
0.0,0.0,0.0,0.0261622667313
0.0,0.0,0.0,-0.082974344492
0.0525431334972,0.0,0.0,-0.0272022914141
0.0691877901554,0.0,0.0,-0.0634130239487
0.0708552524447,0.0,0.0,-0.149686172605
0.0523238442838,0.0,0.0,-0.25
0.0,0.0,0.0,-0.25
0.0,0.0,0.0,-0.25
0.0,0.0,0.0,-0.25
0.25,0.0,0.0,-0.25
0.25,0.0,0.0,-0.157593503594
0.204756170511,0.0,0.0,-0.00650553358719
0.0949935689569,0.0,0.0,-0.124842882156
0.0,0.0,0.0,0.25
0.0142369261011,0.0,0.0,0.25
0.037181481719,0.0,0.0,0.25
0.0,0.0,0.0,0.25
0.237231478095,0.0,0.0,0.25
0.25,0.0,0.0,0.25
0.109785735607,0.0,0.0,-0.0525351911783
0.137178108096,0.0,0.0,-0.109195791185
0.164759293199,0.0,0.0,0.25
0.25,0.0,0.0,0.25
0.143678024411,0.0,0.0,-0.144543498755
0.157214716077,0.0,0.0,-0.199392035604
0.0810488164425,0.0,0.0,-0.190471813083
0.0202789381146,0.0,0.0,-0.0796191170812
0.1135071069,0.0,0.0,0.0725067406893
0.125516697764,0.0,0.0,-0.25
0.0,0.0,0.0,-0.25
0.115158207715,0.0,0.0,-0.125885143876
0.063710860908,0.0,0.0,-0.25
0.173699036241,0.0,0.0,-0.25
0.0,0.0,0.0,0.0363533347845
0.0,0.0,0.0,0.19972127676
0.0,0.0,0.0,-0.0705893859267
0.0,0.0,0.0,-0.174102559686
0.0,0.0,0.0,-0.25
0.0,0.0,0.0,-0.126493066549
0.0,0.0,0.0,-0.25
0.0,0.0,0.0,-0.25
0.0,0.0,0.0,-0.25
0.126897946,0.0,0.0,-0.25
0.129060342908,0.0,0.0,-0.25
0.25,0.0,0.0,-0.25
0.0,0.0,0.0,-0.25
0.0,0.0,0.0,-0.25
0.0,0.0,0.0,-0.25
0.0,0.0,0.0,-0.25
0.25,0.0,0.0,-0.163639098406
0.25,0.0,0.0,-0.0581364482641
0.162512794137,0.0,0.0,-0.25
0.0834528505802,0.0,0.0,-0.0408286117017
0.123889029026,0.0,0.0,0.0330698154867
0.156361863017,0.0,0.0,0.0692874565721
0.238086655736,0.0,0.0,-0.17751891911
0.25,0.0,0.0,-0.25
0.25,0.0,0.0,-0.25
0.25,0.0,0.0,0.119714409113
0.224768355489,0.0,0.0,0.25
0.25,0.0,0.0,0.25
0.25,0.0,0.0,0.25
0.241479232907,0.0,0.0,0.25
0.0,0.0,0.0,0.0
0.0,68.456662,0.0,0.0
0.25,0.0,0.0,-0.209275215864
0.25,0.0,0.0,-0.20001205802
0.0447169616818,0.0,0.0,0.25
0.25,0.0,0.0,0.25
0.25,0.0,0.0,0.25
0.203760758042,0.0,0.0,0.25
0.13785611093,0.0,0.0,-0.1772659868
0.204844757915,0.0,0.0,-0.209260210395
0.170686036348,0.0,0.0,0.0186920501292
0.22855271399,0.0,0.0,0.0106220021844
0.0652481764555,0.0,0.0,-0.179577603936
0.25,0.0,0.0,-0.25
0.25,0.0,0.0,-0.25
0.25,0.0,0.0,-0.25
0.25,0.0,0.0,-0.25
0.25,0.0,0.0,0.111787326634
0.25,0.0,0.0,0.0341333448887
0.25,0.0,0.0,-0.142727419734
0.124313361943,0.0,0.0,-0.222929030657
0.0488026402891,0.0,0.0,-0.0523220263422
0.112665019929,0.0,0.0,-0.0599547289312
0.0313815101981,0.0,0.0,-0.107394181192
0.0227614492178,0.0,0.0,-0.00327610061504
0.0,0.0,0.0,0.171462535858
0.0,0.0,0.0,-0.0802568793297
0.0,0.0,0.0,-0.25
0.0,0.0,0.0,-0.0911440104246
0.0,0.0,0.0,-0.070137001574
0.0,0.0,0.0,-0.25
0.0,0.0,0.0,-0.25
0.0,0.0,0.0,-0.25
0.0,0.0,0.0,-0.25
0.0511265397072,0.0,0.0,-0.25
0.0,0.0,0.0,-0.25
0.124492779374,0.0,0.0,-0.25
0.0,0.0,0.0,-0.25
0.25,0.0,0.0,-0.25
0.25,0.0,0.0,-0.25
0.149457156658,0.0,0.0,-0.25
0.218513786793,0.0,0.0,-0.25
0.25,0.0,0.0,-0.0194973237813
0.0,0.0,0.0,0.108044758439
0.0338669866323,0.0,0.0,-0.25
0.0,0.0,0.0,-0.239505618811
0.0,0.0,0.0,0.25
0.116195365787,0.0,0.0,0.236718580127
0.0,0.0,0.0,0.151326745749
0.0,0.0,0.0,0.25
0.0,0.0,0.0,0.25
0.0307769067585,0.0,0.0,0.25
0.1065171808,0.0,0.0,0.25
0.218837872148,0.0,0.0,0.25
0.25,0.0,0.0,0.25
0.25,0.0,0.0,0.25
0.223361343145,0.0,0.0,0.25
0.0,0.0,0.0,0.25
0.0,0.0,0.0,0.25
0.0,0.0,0.0,-0.0422831624746
0.0,0.0,0.0,-0.25
0.0,0.0,0.0,-0.25
0.0,0.0,0.0,-0.25
0.0,0.0,0.0,-0.25
0.0,0.0,0.0,-0.25
0.0,0.0,0.0,-0.25
0.14099983871,0.0,0.0,-0.25
0.0,0.0,0.0,-0.25
0.0352215766907,0.0,0.0,-0.25
0.0602513290942,0.0,0.0,-0.25
0.066976249218,0.0,0.0,-0.25
0.0130357695743,0.0,0.0,-0.054025568068
0.0,0.0,0.0,-0.148569986224
0.0,0.0,0.0,-0.25
0.0616802871227,0.0,0.0,-0.25
0.11366160959,0.0,0.0,-0.0332191549242
0.0871279388666,0.0,0.0,-0.25
0.0,0.0,0.0,-0.25
0.0,0.0,0.0,-0.25
0.0,0.0,0.0,0.122514732182
0.0,0.0,0.0,-0.25
0.0,0.0,0.0,0.25
0.0,0.0,0.0,0.18128477037
0.0,0.0,0.0,0.0543210729957
0.0,0.0,0.0,0.0223557651043
0.0,0.0,0.0,-0.25
0.0,0.0,0.0,-0.16051530838
0.0,0.0,0.0,-0.25
0.0,0.0,0.0,-0.212717592716
0.0,0.0,0.0,-0.25
0.0520298965275,0.0,0.0,-0.25
0.0,0.0,0.0,-0.25
0.0,0.0,0.0,-0.25
0.0,0.0,0.0,-0.25
0.0,0.0,0.0,-0.25
0.0,0.0,0.0,-0.25
0.0,0.0,0.0,-0.25
0.0,0.0,0.0,0.25
0.0,0.0,0.0,0.25
0.0,0.0,0.0,0.25
0.0,0.0,0.0,-0.25
0.0,0.0,0.0,-0.25
0.0,0.0,0.0,-0.112846836448
0.0,0.0,0.0,0.25
0.0,0.0,0.0,0.234763026237
0.0,0.0,0.0,-0.220686763525
0.0,0.0,0.0,-0.00937036797404
0.0177210383117,0.0,0.0,-0.0278203301132
0.0,0.0,0.0,-0.0464796200395
0.0,0.0,0.0,0.00633284403011
0.0,0.0,0.0,0.25
0.0,0.0,0.0,0.25
0.0,0.0,0.0,0.25
0.127180635929,0.0,0.0,0.16421481967
0.14042507112,0.0,0.0,0.228792980313
0.0,0.0,0.0,0.25
0.0,0.0,0.0,0.25
0.0,0.0,0.0,0.25
0.0,0.0,0.0,0.155450731516
0.0,0.0,0.0,0.25
0.0,0.0,0.0,0.25
0.0567131415009,0.0,0.0,-0.080398671329
0.0,0.0,0.0,-0.168022707105
0.0,0.0,0.0,-0.0656872466207
0.0,0.0,0.0,-0.0949002951384
0.0,0.0,0.0,-0.126353040338
0.0806362777948,0.0,0.0,0.150716766715
0.177616551518,0.0,0.0,0.114508196712
0.181404545903,0.0,0.0,0.17061072588
0.25,0.0,0.0,0.228750020266
0.25,0.0,0.0,0.0918036699295
0.210232719779,0.0,0.0,0.042203027755
0.187046468258,0.0,0.0,-0.150826051831
0.0732570663095,0.0,0.0,0.111519753933
0.0,0.0,0.0,0.0
0.0,132.513625,0.0,0.0
0.25,0.0,0.0,-0.0525643415749
0.25,0.0,0.0,0.132946297526
0.25,0.0,0.0,0.25
0.25,0.0,0.0,0.128283500671
0.25,0.0,0.0,-0.0651259794831
0.25,0.0,0.0,0.135168105364
0.25,0.0,0.0,-0.0342456363142
0.25,0.0,0.0,-0.159841775894
0.25,0.0,0.0,-0.227531909943
0.0973000153899,0.0,0.0,-0.0278535485268
0.25,0.0,0.0,0.0038659053389
0.213430300355,0.0,0.0,0.25
0.25,0.0,0.0,0.25
0.177380770445,0.0,0.0,-0.173937186599
0.198781996965,0.0,0.0,0.25
0.25,0.0,0.0,0.25
0.25,0.0,0.0,-0.25
0.218012839556,0.0,0.0,-0.227751597762
0.228800281882,0.0,0.0,0.0310965683311
0.143438562751,0.0,0.0,-0.00428918236867
0.0289390217513,0.0,0.0,0.25
0.0,0.0,0.0,-0.0412616543472
0.0,0.0,0.0,-0.25
0.132377564907,0.0,0.0,-0.25
0.0,0.0,0.0,-0.179571375251
0.0,0.0,0.0,-0.25
0.0,0.0,0.0,-0.25
0.0,0.0,0.0,-0.25
0.0,0.0,0.0,-0.25
0.0,0.0,0.0,-0.25
0.0,0.0,0.0,-0.223791226745
0.0,0.0,0.0,-0.25
0.0,0.0,0.0,-0.208649456501
0.0512505024672,0.0,0.0,-0.230851307511
0.0,0.0,0.0,-0.25
0.0,0.0,0.0,-0.25
0.0185727123171,0.0,0.0,-0.25
0.0938416942954,0.0,0.0,-0.25
0.25,0.0,0.0,-0.25
0.25,0.0,0.0,-0.25
0.0,0.0,0.0,0.0
0.0,40.524041,0.0,0.0
0.0,0.0,0.0,0.126753747463
0.134657010436,0.0,0.0,-0.136484950781
0.165195897222,0.0,0.0,-0.25
0.236419901252,0.0,0.0,0.0731985270977
0.243478238583,0.0,0.0,-0.25
0.25,0.0,0.0,0.102431111038
0.25,0.0,0.0,0.214377835393
0.25,0.0,0.0,0.25
0.25,0.0,0.0,0.25
0.25,0.0,0.0,0.0962675735354
0.217278763652,0.0,0.0,0.25
0.25,0.0,0.0,-0.111735716462
0.25,0.0,0.0,0.15289068222
0.0,0.0,0.0,-0.0390796251595
0.0,0.0,0.0,0.10674251616
0.0272155869752,0.0,0.0,0.0154133038595
0.130308449268,0.0,0.0,-0.0131640192121
0.107069522142,0.0,0.0,0.115810312331
0.0840973779559,0.0,0.0,0.239271715283
0.0,0.0,0.0,-0.150778308511
0.0416372008622,0.0,0.0,-0.223012566566
0.0,0.0,0.0,0.0
0.0,24.789078,0.0,0.0
0.25,0.0,0.0,0.0567504018545
0.219924196601,0.0,0.0,0.220857545733
0.21091490984,0.0,0.0,-0.25
0.25,0.0,0.0,-0.25
0.25,0.0,0.0,-0.25
0.25,0.0,0.0,0.25
0.0,0.0,0.0,0.25
0.191186159849,0.0,0.0,0.25
0.138632372022,0.0,0.0,0.25
0.158739775419,0.0,0.0,0.0706454887986
0.17382158339,0.0,0.0,-0.25
0.225606307387,0.0,0.0,0.178074255586
0.175217628479,0.0,0.0,0.152724176645
0.0,0.0,0.0,-0.25
0.0416424125433,0.0,0.0,-0.25
0.0,0.0,0.0,-0.25
0.106188841164,0.0,0.0,-0.25
0.25,0.0,0.0,-0.0237809419632
0.223662957549,0.0,0.0,0.184934586287
0.25,0.0,0.0,0.25
0.212151840329,0.0,0.0,0.25
0.25,0.0,0.0,0.25
0.182882502675,0.0,0.0,0.25
0.25,0.0,0.0,0.171668305993
0.25,0.0,0.0,0.162981837988
0.25,0.0,0.0,0.100611053407
0.25,0.0,0.0,0.25
0.25,0.0,0.0,0.203427001834
0.25,0.0,0.0,0.00692406017333
0.25,0.0,0.0,0.028333235532
0.0,0.0,0.0,0.0
0.0,31.131453,0.0,0.0
0.25,0.0,0.0,0.133107587695
0.25,0.0,0.0,0.178354546428
0.25,0.0,0.0,0.25
0.25,0.0,0.0,0.145740151405
0.25,0.0,0.0,0.13138705492
0.199939146638,0.0,0.0,0.25
0.0619406737387,0.0,0.0,0.25
0.0,0.0,0.0,0.25
0.0,0.0,0.0,0.0590250119567
0.25,0.0,0.0,0.107159778476
0.204490363598,0.0,0.0,-0.12096118927
0.25,0.0,0.0,-0.125354617834
0.25,0.0,0.0,-0.25
0.25,0.0,0.0,-0.25
0.193898290396,0.0,0.0,-0.25
0.115641124547,0.0,0.0,-0.25
0.0938175469637,0.0,0.0,-0.25
0.17104293406,0.0,0.0,-0.25
0.0,0.0,0.0,-0.179167285562
0.0,0.0,0.0,0.0
0.0,20.581407,0.0,0.0
0.25,0.0,0.0,-0.00379336928017
0.25,0.0,0.0,0.230187907815
0.25,0.0,0.0,0.195233866572
0.25,0.0,0.0,-0.0622992813587
0.25,0.0,0.0,-0.0638241544366
0.25,0.0,0.0,-0.249904543161
0.25,0.0,0.0,-0.249906092882
0.25,0.0,0.0,0.249976754189
0.25,0.0,0.0,0.249868795276
0.25,0.0,0.0,-0.248374953866
0.25,0.0,0.0,0.0521040670574
0.25,0.0,0.0,-0.113287165761
0.25,0.0,0.0,0.0931269973516
0.25,0.0,0.0,0.0683564841747
0.25,0.0,0.0,0.230307161808
0.25,0.0,0.0,0.240551233292
0.25,0.0,0.0,0.249985724688
0.25,0.0,0.0,0.249973133206
0.25,0.0,0.0,0.249011874199
0.25,0.0,0.0,-0.233410209417
0.25,0.0,0.0,-0.242393657565
0.25,0.0,0.0,-0.166392698884
0.25,0.0,0.0,-0.185710281134
0.25,0.0,0.0,-0.215969011188
0.25,0.0,0.0,-0.212802544236
0.25,0.0,0.0,-0.192286252975
0.25,0.0,0.0,-0.169031620026
0.249999880791,0.0,0.0,-0.0422199368477
0.25,0.0,0.0,-0.156548708677
0.25,0.0,0.0,-0.182702556252
0.25,0.0,0.0,-0.0864391326904
0.25,0.0,0.0,0.00268209492788
0.25,0.0,0.0,0.249951630831
0.25,0.0,0.0,0.249414205551
0.25,0.0,0.0,0.128073453903
0.25,0.0,0.0,0.0656745061278
0.25,0.0,0.0,0.249766290188
0.25,0.0,0.0,0.249830558896
0.25,0.0,0.0,0.245165869594
0.25,0.0,0.0,-0.159392401576
0.25,0.0,0.0,-0.249695077538
0.25,0.0,0.0,-0.247793912888
0.25,0.0,0.0,-0.246354922652
0.25,0.0,0.0,-0.243974223733
0.25,0.0,0.0,-0.230277270079
0.249999970198,0.0,0.0,0.246631368995
0.249997884035,0.0,0.0,0.249986201525
0.249999940395,0.0,0.0,0.249963060021
0.249999940395,0.0,0.0,0.249959170818
0.249999895692,0.0,0.0,0.249947875738
0.249991998076,0.0,0.0,0.249971404672
0.249997019768,0.0,0.0,0.249999955297
0.249998658895,0.0,0.0,0.249999910593
0.249886006117,0.0,0.0,0.249938040972
0.249969467521,0.0,0.0,-0.249860331416
0.25,0.0,0.0,0.249999985099
0.25,0.0,0.0,0.25
0.249999627471,0.0,0.0,0.249999985099
0.249999791384,0.0,0.0,0.249999418855
0.249999791384,0.0,0.0,0.249930515885
0.249999284744,0.0,0.0,0.240692973137
0.249877735972,0.0,0.0,-0.172675266862
0.249999508262,0.0,0.0,0.00509018497542
0.249997064471,0.0,0.0,-0.122171930969
0.249999463558,0.0,0.0,-0.232668846846
0.249991953373,0.0,0.0,-0.249522104859
0.249973595142,0.0,0.0,-0.249769985676
0.249877184629,0.0,0.0,-0.249911859632
0.24917909503,0.0,0.0,-0.249925240874
0.248973220587,0.0,0.0,-0.249723866582
0.249070078135,0.0,0.0,0.249999985099
0.245767772198,0.0,0.0,0.249999925494
0.242768660188,0.0,0.0,0.249998554587
0.225615695119,0.0,0.0,0.249998196959
0.212787657976,0.0,0.0,0.249999180436
0.0985349789262,0.0,0.0,0.248673021793
0.120828509331,0.0,0.0,0.249696880579
0.231551244855,0.0,0.0,0.249931275845
0.223537936807,0.0,0.0,0.249057009816
0.249906480312,0.0,0.0,0.244132518768
0.249999821186,0.0,0.0,0.24827966094
0.249999955297,0.0,0.0,0.249974191189
0.249999761581,0.0,0.0,0.249996259809
0.218136027455,0.0,0.0,0.243980109692
0.249853566289,0.0,0.0,0.00166872271802
0.249999970198,0.0,0.0,-0.225483849645
0.249998345971,0.0,0.0,0.249999210238
0.249989151955,0.0,0.0,0.249998107553
0.249999582767,0.0,0.0,0.25
0.249998942018,0.0,0.0,0.25
0.248241648078,0.0,0.0,0.249999985099
0.241644710302,0.0,0.0,-0.2471434623
0.246815532446,0.0,0.0,-0.249496266246
0.00467839837074,0.0,0.0,0.0629824921489
0.00170502066612,0.0,0.0,0.0868446007371
0.245591729879,0.0,0.0,-0.248828157783
0.24230286479,0.0,0.0,-0.249178349972
0.000116743147373,0.0,0.0,0.148494631052
3.26633453369e-05,0.0,0.0,0.193948015571
0.0433059707284,0.0,0.0,-0.247471153736
0.0307692289352,0.0,0.0,-0.247972607613
2.6598572731e-05,0.0,0.0,-0.249775871634
1.90585851669e-05,0.0,0.0,-0.249629378319
0.000151820480824,0.0,0.0,0.249911800027
0.0124704167247,0.0,0.0,0.248734161258
0.231246560812,0.0,0.0,-0.249928846955
0.228734299541,0.0,0.0,-0.249926939607
5.96046447754e-08,0.0,0.0,-0.238772019744
7.45058059692e-09,0.0,0.0,-0.233050823212
1.4528632164e-06,0.0,0.0,-0.248189270496
0.0280679911375,0.0,0.0,-0.248812675476
0.000181525945663,0.0,0.0,0.24999935925
0.00277452915907,0.0,0.0,0.249999895692
0.249913901091,0.0,0.0,0.249999508262
0.249880164862,0.0,0.0,0.249999538064
0.0833671092987,0.0,0.0,0.249999970198
0.0816486924887,0.0,0.0,0.249999985099
0.157572478056,0.0,0.0,0.249999389052
0.243406876922,0.0,0.0,-0.249960780144
0.243392154574,0.0,0.0,-0.249990150332
1.55940651894e-05,0.0,0.0,-0.238498330116
3.51667404175e-06,0.0,0.0,-0.221749931574
0.00825477391481,0.0,0.0,-0.238943815231
1.22115015984e-05,0.0,0.0,0.249999582767
1.2069940567e-06,0.0,0.0,0.249999642372
0.0420707166195,0.0,0.0,0.249999195337
0.0460227578878,0.0,0.0,0.249998986721
0.0204959660769,0.0,0.0,0.249998942018
0.0241656452417,0.0,0.0,0.249998375773
0.249111786485,0.0,0.0,-0.249988287687
0.249745070934,0.0,0.0,-0.249997511506
0.000139631330967,0.0,0.0,-0.248206675053
5.55142760277e-05,0.0,0.0,-0.246793732047
0.0379764139652,0.0,0.0,-0.248188346624
0.0015732422471,0.0,0.0,-0.213547483087
1.49011611938e-08,0.0,0.0,0.24999986589
3.72529029846e-08,0.0,0.0,0.249999806285
0.0011240914464,0.0,0.0,0.249999523163
0.00116867572069,0.0,0.0,0.249999508262
0.00145427882671,0.0,0.0,0.249999403954
0.00183997303247,0.0,0.0,0.249999165535
0.00156185775995,0.0,0.0,0.249998688698
0.249021410942,0.0,0.0,-0.249995470047
2.32383608818e-05,0.0,0.0,-0.177431762218
1.49011611938e-08,0.0,0.0,0.249151781201
3.57627868652e-07,0.0,0.0,0.224621787667
1.04308128357e-07,0.0,0.0,0.248717367649
6.70552253723e-08,0.0,0.0,0.249562382698
2.23517417908e-08,0.0,0.0,0.24982303381
0.0,0.0,0.0,0.00176159734838
1.49011611938e-08,0.0,0.0,0.248540431261
7.45058059692e-09,0.0,0.0,-0.106926336884
0.0638168752193,0.0,0.0,0.249921992421
0.225621074438,0.0,0.0,0.249999478459
0.249930530787,0.0,0.0,0.249998852611
0.244978278875,0.0,0.0,0.249998793006
3.55392694473e-06,0.0,0.0,-0.249931335449
5.58793544769e-07,0.0,0.0,-0.249059006572
0.25,0.0,0.0,-0.249999985099
0.25,0.0,0.0,-0.249999985099
1.41561031342e-07,0.0,0.0,-0.109416924417
2.30967998505e-07,0.0,0.0,-0.248188495636
3.28496098518e-05,0.0,0.0,-0.249608054757
0.231653004885,0.0,0.0,0.249995112419
0.169998392463,0.0,0.0,0.249999165535
0.088227532804,0.0,0.0,0.249999955297
0.000113949179649,0.0,0.0,-0.247792616487
0.00382838398218,0.0,0.0,-0.249410390854
2.13831663132e-06,0.0,0.0,0.0275006182492
7.82310962677e-07,0.0,0.0,0.144470199943
0.000183016061783,0.0,0.0,-0.223104283214
0.000971727073193,0.0,0.0,-0.241941601038
1.41561031342e-07,0.0,0.0,0.229195967317
1.49011611938e-08,0.0,0.0,0.247354209423
8.31559300423e-05,0.0,0.0,-0.209111750126
0.00012269616127,0.0,0.0,-0.22167570889
0.0,0.0,0.0,0.248285248876
0.0,0.0,0.0,0.249999314547
0.0,0.0,0.0,0.249450847507
0.0,0.0,0.0,0.249441355467
8.65608453751e-05,0.0,0.0,-0.231697648764
0.000529214739799,0.0,0.0,-0.24595400691
4.47034835815e-08,0.0,0.0,0.197626441717
2.98023223877e-08,0.0,0.0,0.207401007414
0.000419974327087,0.0,0.0,-0.247232675552
0.00135600566864,0.0,0.0,-0.24890846014
5.96046447754e-08,0.0,0.0,0.147795945406
2.23517417908e-08,0.0,0.0,0.182006001472
6.26668334007e-05,0.0,0.0,-0.244944527745
0.000155486166477,0.0,0.0,-0.247562065721
7.45058059692e-09,0.0,0.0,0.191767036915
0.0,0.0,0.0,0.221437111497
1.12056732178e-05,0.0,0.0,-0.242279410362
2.78502702713e-05,0.0,0.0,-0.24636349082
0.0,0.0,0.0,0.217199444771
0.0,0.0,0.0,0.233053326607
5.02914190292e-06,0.0,0.0,-0.243722081184
1.19209289551e-05,0.0,0.0,-0.246590986848
0.0,0.0,0.0,0.223694056273
0.0,0.0,0.0,0.237671658397
5.28991222382e-07,0.0,0.0,-0.239464700222
8.27014446259e-07,0.0,0.0,-0.243269383907
0.0,0.0,0.0,0.237479805946
0.0,0.0,0.0,0.244704768062
4.47034835815e-08,0.0,0.0,-0.230804055929
5.96046447754e-08,0.0,0.0,-0.237636938691
0.0,0.0,0.0,0.242331534624
0.0,0.0,0.0,0.246060848236
7.45058059692e-09,0.0,0.0,-0.220967650414
7.45058059692e-09,0.0,0.0,-0.230480596423
0.00658408552408,0.0,0.0,0.249999970198
0.0,0.0,0.0,0.246189922094
0.199902996421,0.0,0.0,0.249999970198
0.241685569286,0.0,0.0,0.24999986589
0.0283881276846,0.0,0.0,0.249999955297
1.41635537148e-05,0.0,0.0,-0.249784424901
0.000457040965557,0.0,0.0,-0.249985843897
1.56685709953e-05,0.0,0.0,-0.238909944892
0.000518761575222,0.0,0.0,-0.249397143722
0.000431045889854,0.0,0.0,-0.24908798933
0.000385046005249,0.0,0.0,-0.24704015255
0.093940705061,0.0,0.0,0.249999567866
0.00811156630516,0.0,0.0,0.249999940395
0.0,0.0,0.0,-0.104853600264
0.0,0.0,0.0,-0.181743681431
0.0,0.0,0.0,0.24217261374
0.0,0.0,0.0,0.249071225524
0.0,0.0,0.0,-0.0959340110421
0.0,0.0,0.0,-0.150012463331
0.00190119445324,0.0,0.0,0.249999985099
0.00162835419178,0.0,0.0,0.249999985099
0.0669846832752,0.0,0.0,0.249999970198
0.184650287032,0.0,0.0,0.249999821186
0.0680003762245,0.0,0.0,-0.248372867703
0.000669084489346,0.0,0.0,-0.249801069498
0.002650141716,0.0,0.0,-0.247704416513
0.00797355175018,0.0,0.0,-0.248288169503
0.00639288127422,0.0,0.0,-0.246531054378
0.0558430701494,0.0,0.0,-0.232761844993
0.0309451818466,0.0,0.0,0.24999986589
0.000953681766987,0.0,0.0,0.249999985099
0.0,0.0,0.0,-0.0185151845217
0.00434023141861,0.0,0.0,0.25
0.00174183398485,0.0,0.0,0.249999985099
0.0165849179029,0.0,0.0,0.249999985099
0.0917392447591,0.0,0.0,0.249999895692
0.0450813323259,0.0,0.0,-0.248547747731
0.0126060172915,0.0,0.0,-0.249748319387
0.013653844595,0.0,0.0,-0.246673718095
0.0213947966695,0.0,0.0,-0.247094988823
0.0173019170761,0.0,0.0,-0.244785174727
0.0126448869705,0.0,0.0,-0.231771141291
0.0699412673712,0.0,0.0,0.249999821186
0.00647200644016,0.0,0.0,0.249999970198
0.000594839453697,0.0,0.0,0.25
0.00348132103682,0.0,0.0,0.25
0.0156091451645,0.0,0.0,0.249999985099
0.0760854035616,0.0,0.0,0.249999910593
0.0806419700384,0.0,0.0,-0.247854709625
0.0259298831224,0.0,0.0,-0.249697372317
0.0,0.0,0.0,0.0607189647853
0.00351726263762,0.0,0.0,0.0355786345899
0.00169333070517,0.0,0.0,-0.232556909323
0.0016904771328,0.0,0.0,-0.227726757526
0.0,0.0,0.0,0.0151054179296
0.0363519564271,0.0,0.0,-0.244526311755
0.0474927276373,0.0,0.0,-0.248211219907
0.0168744698167,0.0,0.0,-0.19433888793
0.0328731387854,0.0,0.0,0.249999970198
0.00308924913406,0.0,0.0,0.25
0.0,0.0,0.0,0.125631153584
0.0,0.0,0.0,0.0633162409067
0.0,0.0,0.0,0.21090862155
0.00505639612675,0.0,0.0,0.249999985099
0.0219310373068,0.0,0.0,0.249999985099
0.0,0.0,0.0,0.0
0.0,56.539747,0.0,0.0
0.214097306132,0.0,0.0,-0.25
0.25,0.0,0.0,-0.25
0.249443382025,0.0,0.0,-0.167706608772
0.231454476714,0.0,0.0,-0.190198853612
0.0,0.0,0.0,-0.0827627331018
0.0875428840518,0.0,0.0,-0.105132430792
0.179629966617,0.0,0.0,0.0846968963742
0.103111132979,0.0,0.0,0.0954490154982
0.162940636277,0.0,0.0,-0.22160346806
0.25,0.0,0.0,0.25
0.25,0.0,0.0,0.25
0.25,0.0,0.0,0.25
0.11507293582,0.0,0.0,0.25
0.0,0.0,0.0,0.0
0.0,14.40023,0.0,0.0
0.25,0.0,0.0,0.25
0.25,0.0,0.0,0.25
0.25,0.0,0.0,0.25
0.25,0.0,0.0,0.25
0.25,0.0,0.0,0.25
0.0,0.0,0.0,0.25
0.0,0.0,0.0,0.137783333659
0.0,0.0,0.0,0.0860835388303
0.0,0.0,0.0,0.25
0.0234228782356,0.0,0.0,0.25
0.00930519215763,0.0,0.0,0.25
0.0522375144064,0.0,0.0,0.15136501193
0.0225697662681,0.0,0.0,0.25
0.0,0.0,0.0,0.25
0.0,0.0,0.0,0.25
0.0,0.0,0.0,0.212339535356
0.0,0.0,0.0,0.25
0.0,0.0,0.0,0.25
0.109607405961,0.0,0.0,0.25
0.114362157881,0.0,0.0,0.25
0.25,0.0,0.0,0.25
0.25,0.0,0.0,0.25
0.25,0.0,0.0,0.0088135432452
0.25,0.0,0.0,-0.25
0.174940124154,0.0,0.0,0.0303326863796
0.0891229808331,0.0,0.0,-0.247937917709
0.25,0.0,0.0,-0.248383775353
0.227115273476,0.0,0.0,0.25
0.25,0.0,0.0,0.25
0.25,0.0,0.0,0.25
0.25,0.0,0.0,0.25
0.25,0.0,0.0,0.25
0.25,0.0,0.0,0.25
0.25,0.0,0.0,0.25
0.25,0.0,0.0,-0.172081530094
0.25,0.0,0.0,-0.25
0.238043412566,0.0,0.0,-0.0587630607188
0.25,0.0,0.0,0.15230627358
0.25,0.0,0.0,0.25
0.25,0.0,0.0,-0.25
0.25,0.0,0.0,-0.25
0.0,0.0,0.0,0.0
0.0,42.83333,0.0,0.0
0.25,0.0,0.0,-0.15238262713
0.25,0.0,0.0,-0.227670699358
0.25,0.0,0.0,-0.109146147966
0.25,0.0,0.0,-0.141367644072
0.25,0.0,0.0,-0.00141458655708
0.25,0.0,0.0,0.0216926820576
0.25,0.0,0.0,0.147848248482
0.172529563308,0.0,0.0,-0.25
0.0,0.0,0.0,-0.113107450306
0.0,0.0,0.0,0.0429838262498
0.0,0.0,0.0,-0.0430921018124
0.0,0.0,0.0,0.154905363917
0.0,0.0,0.0,0.25
0.0,0.0,0.0,0.0307163260877
0.0,0.0,0.0,0.25
0.0,0.0,0.0,0.179481461644
0.0,0.0,0.0,0.209857866168
0.0,0.0,0.0,0.0116078965366
0.0,0.0,0.0,0.157011389732
0.0,0.0,0.0,0.0106756305322
0.0151289189234,0.0,0.0,-0.168213203549
0.244167804718,0.0,0.0,-0.244681075215
0.133333325386,0.0,0.0,0.0212753172964
0.25,0.0,0.0,-0.25
0.14443333447,0.0,0.0,-0.216579571366
0.0,0.0,0.0,-0.110716760159
0.0,0.0,0.0,0.0
0.0,29.483996,0.0,0.0
0.25,0.0,0.0,-0.0457798466086
0.25,0.0,0.0,-0.0195866301656
0.25,0.0,0.0,-0.012527609244
0.20554600656,0.0,0.0,-0.0572437569499
0.141873478889,0.0,0.0,0.0584120079875
0.0862346738577,0.0,0.0,0.0643375366926
0.153272509575,0.0,0.0,-0.0520681366324
0.197965458035,0.0,0.0,0.111783258617
0.25,0.0,0.0,-0.18193629384
0.25,0.0,0.0,-0.25
0.233132779598,0.0,0.0,-0.156830355525
0.0,0.0,0.0,0.122490972281
0.0,0.0,0.0,0.0
0.0,14.257449,0.0,0.0
0.25,0.0,0.0,-0.204424038529
0.173476815224,0.0,0.0,0.0421777330339
0.184839904308,0.0,0.0,0.25
0.25,0.0,0.0,0.25
0.25,0.0,0.0,0.25
0.25,0.0,0.0,-0.188739314675
0.25,0.0,0.0,-0.151279211044
0.25,0.0,0.0,-0.203057646751
0.25,0.0,0.0,0.150217145681
0.25,0.0,0.0,-0.25
0.25,0.0,0.0,-0.25
0.124899536371,0.0,0.0,-0.152316391468
0.159051850438,0.0,0.0,0.25
0.139164194465,0.0,0.0,0.147777274251
0.00088188186055,0.0,0.0,0.0242750588804
0.0,0.0,0.0,0.25
0.0,0.0,0.0,0.25
0.117318168283,0.0,0.0,0.25
0.0984473600984,0.0,0.0,0.25
0.107926927507,0.0,0.0,0.25
0.170543909073,0.0,0.0,0.113433137536
0.138535827398,0.0,0.0,-0.25
0.2461232692,0.0,0.0,0.249957919121
0.148917943239,0.0,0.0,-0.25
0.244666948915,0.0,0.0,-0.110345087945
0.25,0.0,0.0,-0.220033019781
0.25,0.0,0.0,-0.25
0.25,0.0,0.0,-0.226792857051
0.25,0.0,0.0,0.00942730903625
0.25,0.0,0.0,-0.25
0.25,0.0,0.0,-0.0702282041311
0.0,0.0,0.0,0.0
0.0,32.724811,0.0,0.0
0.25,0.0,0.0,-0.25
0.25,0.0,0.0,-0.25
0.25,0.0,0.0,-0.0857325866818
0.25,0.0,0.0,-0.0412920638919
0.25,0.0,0.0,-0.0372159965336
0.25,0.0,0.0,-0.25
0.204300001264,0.0,0.0,-0.25
0.204676046968,0.0,0.0,-0.0267573595047
0.203189730644,0.0,0.0,0.154037997127
0.199822843075,0.0,0.0,0.19200848043
0.00139784405474,0.0,0.0,0.0276205688715
0.0,0.0,0.0,0.0
0.0,12.806443,0.0,0.0
0.25,0.0,0.0,0.25
0.25,0.0,0.0,0.178609997034
0.25,0.0,0.0,0.25
0.25,0.0,0.0,0.25
0.0550471283495,0.0,0.0,0.25
0.0705516040325,0.0,0.0,0.25
0.00126380287111,0.0,0.0,0.25
0.249557986856,0.0,0.0,0.25
0.25,0.0,0.0,0.25
0.25,0.0,0.0,0.25
0.012093834579,0.0,0.0,0.196407899261
0.0,0.0,0.0,-0.021292809397
0.0,0.0,0.0,0.0587840303779
0.0555582046509,0.0,0.0,0.193509742618
0.0720846056938,0.0,0.0,0.25
0.12352848053,0.0,0.0,0.25
0.0,0.0,0.0,0.25
0.0,0.0,0.0,0.25
0.038660723716,0.0,0.0,0.25
0.104241617024,0.0,0.0,0.25
0.25,0.0,0.0,0.25
0.25,0.0,0.0,0.25
0.25,0.0,0.0,0.25
0.25,0.0,0.0,0.25
0.145655706525,0.0,0.0,0.0175928473473
0.0,0.0,0.0,0.220035627484
0.0,0.0,0.0,-0.0482143685222
0.0,0.0,0.0,-0.0956190302968
0.0,0.0,0.0,-0.0277125332505
0.0920504555106,0.0,0.0,-0.25
0.0871566832066,0.0,0.0,-0.25
0.0280369203538,0.0,0.0,-0.25
0.00849309097975,0.0,0.0,-0.25
0.0361243262887,0.0,0.0,-0.25
0.21798825264,0.0,0.0,-0.124225907028
0.170003399253,0.0,0.0,0.25
0.141367152333,0.0,0.0,0.184410333633
0.222779795527,0.0,0.0,0.25
0.169943615794,0.0,0.0,0.25
0.180629253387,0.0,0.0,0.25
0.168537765741,0.0,0.0,0.138854026794
0.25,0.0,0.0,0.25
0.25,0.0,0.0,0.25
0.0,0.0,0.0,-0.121014893055
0.0,0.0,0.0,-0.175361022353
0.0,0.0,0.0,0.0
0.0,51.062952,0.0,0.0
0.221061617136,0.0,0.0,-0.25
0.206975713372,0.0,0.0,-0.184637084603
0.132096767426,0.0,0.0,-0.128056615591
0.109001614153,0.0,0.0,0.25
0.0,0.0,0.0,0.25
0.0,0.0,0.0,0.25
0.00655437586829,0.0,0.0,0.25
0.0665238425136,0.0,0.0,0.25
0.155337765813,0.0,0.0,-0.0168063566089
0.0988610312343,0.0,0.0,0.043622802943
0.0884639695287,0.0,0.0,0.25
0.061127435416,0.0,0.0,0.25
0.0,0.0,0.0,-0.25
0.0,0.0,0.0,-0.25
0.0,0.0,0.0,-0.221093386412
0.0,0.0,0.0,-0.25
0.0278921797872,0.0,0.0,-0.25
0.25,0.0,0.0,-0.10858502239
0.25,0.0,0.0,-0.25
0.25,0.0,0.0,-0.159385100007
0.25,0.0,0.0,0.206511840224
0.25,0.0,0.0,0.0301609355956
0.25,0.0,0.0,0.193228930235
0.25,0.0,0.0,0.148404493928
0.25,0.0,0.0,0.166674554348
0.25,0.0,0.0,0.25
0.25,0.0,0.0,0.234698995948
0.137581288815,0.0,0.0,-0.00425880681723
0.163843929768,0.0,0.0,0.25
0.166269123554,0.0,0.0,0.25
0.0545515008271,0.0,0.0,-0.239098757505
0.0,0.0,0.0,-0.0135436756536
0.133691012859,0.0,0.0,-0.234482243657
0.20403572917,0.0,0.0,-0.25
0.22220890224,0.0,0.0,-0.25
0.0822850763798,0.0,0.0,0.204583719373
0.093239583075,0.0,0.0,0.165888920426
0.0497377663851,0.0,0.0,0.25
0.0,0.0,0.0,0.216604217887
0.202161476016,0.0,0.0,-0.0950173810124
0.235383093357,0.0,0.0,0.221381261945
0.25,0.0,0.0,0.25
0.25,0.0,0.0,0.25
0.25,0.0,0.0,-0.25
0.25,0.0,0.0,0.0197738651186
0.25,0.0,0.0,-0.25
0.100125044584,0.0,0.0,-0.25
0.0,0.0,0.0,0.0
0.0,54.410234,0.0,0.0
0.0,0.0,0.0,0.168025508523
0.107531018555,0.0,0.0,0.236841067672
0.0681244432926,0.0,0.0,-0.247924119234
0.0,0.0,0.0,0.25
0.0,0.0,0.0,0.249369516969
0.0,0.0,0.0,0.25
0.0,0.0,0.0,0.172237634659
0.0,0.0,0.0,0.0684775188565
0.0,0.0,0.0,0.014702597633
0.0,0.0,0.0,-0.242578729987
0.108219251037,0.0,0.0,-0.0670902207494
0.0,0.0,0.0,-0.198031440377
0.0347709804773,0.0,0.0,0.107154265046
0.137631669641,0.0,0.0,0.25
0.14105887711,0.0,0.0,0.25
0.131292790174,0.0,0.0,-0.0273571759462
0.130190104246,0.0,0.0,-0.25
0.180015683174,0.0,0.0,-0.25
0.0807530134916,0.0,0.0,-0.148257672787
0.0,0.0,0.0,-0.25
0.0877248495817,0.0,0.0,-0.185611873865
0.0853267759085,0.0,0.0,-0.25
0.0,0.0,0.0,-0.25
0.0,0.0,0.0,0.0439716689289
0.0,0.0,0.0,0.139050737023
0.0,0.0,0.0,0.25
0.0,0.0,0.0,0.25
0.0,0.0,0.0,0.25
0.0,0.0,0.0,0.0491591282189
0.0,0.0,0.0,0.25
0.0,0.0,0.0,0.25
0.105356194079,0.0,0.0,0.25
0.0,0.0,0.0,0.25
0.0267950911075,0.0,0.0,0.108040399849
0.0334085188806,0.0,0.0,0.0600993856788
0.108324997127,0.0,0.0,-0.127354770899
0.0,0.0,0.0,-0.19555260241
0.0,0.0,0.0,-0.25
0.160053104162,0.0,0.0,-0.25
0.0,0.0,0.0,-0.223462805152
0.0,0.0,0.0,-0.25
0.0,0.0,0.0,-0.0219473652542
0.187861800194,0.0,0.0,0.19274802506
0.21706853807,0.0,0.0,0.25
0.25,0.0,0.0,0.15052960813
0.0,0.0,0.0,0.25
0.0,0.0,0.0,-0.25
0.0,0.0,0.0,-0.0571959502995
0.0,0.0,0.0,0.25
0.0,0.0,0.0,0.145622804761
0.0,0.0,0.0,0.25
0.0,0.0,0.0,0.158337950706
0.25,0.0,0.0,-0.25
0.204335853457,0.0,0.0,-0.25
0.187794581056,0.0,0.0,-0.25
0.0938059613109,0.0,0.0,-0.25
0.0,0.0,0.0,0.223832085729
0.0,0.0,0.0,-0.115044005215
0.0,0.0,0.0,-0.0604708604515
0.0,0.0,0.0,0.25
0.0,0.0,0.0,-0.182541936636
0.0,0.0,0.0,-0.154780432582
0.106447592378,0.0,0.0,-0.0686016157269
0.0172019451857,0.0,0.0,0.25
0.0632152333856,0.0,0.0,0.25
0.0,0.0,0.0,0.25
0.0,0.0,0.0,0.0
0.0,81.118404,0.0,0.0
0.170107394457,0.0,0.0,0.25
0.073118917644,0.0,0.0,0.25
0.0491372197866,0.0,0.0,0.17798191309
0.212564170361,0.0,0.0,0.25
0.0737018212676,0.0,0.0,0.25
0.0,0.0,0.0,0.171127587557
0.0,0.0,0.0,0.25
0.147365674376,0.0,0.0,0.16502854228
0.25,0.0,0.0,0.25
0.25,0.0,0.0,0.25
0.120702177286,0.0,0.0,0.230215996504
0.0322693251073,0.0,0.0,0.0390285924077
0.0,0.0,0.0,0.046837463975
0.0136063257232,0.0,0.0,0.25
0.0,0.0,0.0,0.13474945724
0.0,0.0,0.0,0.25
0.0,0.0,0.0,0.233679518104
0.25,0.0,0.0,0.25
0.25,0.0,0.0,0.25
0.25,0.0,0.0,0.135514572263
0.216338172555,0.0,0.0,-0.25
0.18514367938,0.0,0.0,-0.25
0.25,0.0,0.0,-0.229851022363
0.127827525139,0.0,0.0,0.00141392135993
0.0183131955564,0.0,0.0,0.196152120829
0.0,0.0,0.0,0.25
0.0,0.0,0.0,0.25
0.0,0.0,0.0,0.25
0.0,0.0,0.0,0.25
0.183047771454,0.0,0.0,0.25
0.0,0.0,0.0,0.25
0.0,0.0,0.0,-0.100027374923
0.0,0.0,0.0,-0.0250719003379
0.0,0.0,0.0,0.103993050754
0.0,0.0,0.0,-0.237460419536
0.0,0.0,0.0,-0.25
0.00110467115883,0.0,0.0,-0.25
0.118592329323,0.0,0.0,-0.176827147603
0.219135582447,0.0,0.0,0.25
0.130126029253,0.0,0.0,0.25
0.25,0.0,0.0,0.25
0.25,0.0,0.0,-0.075011998415
0.25,0.0,0.0,0.25
0.25,0.0,0.0,0.0591760315001
0.25,0.0,0.0,-0.216067448258
0.223215326667,0.0,0.0,-0.25
0.25,0.0,0.0,-0.0133002381772
0.25,0.0,0.0,-0.0861757770181
0.25,0.0,0.0,0.205874428153
0.226768180728,0.0,0.0,-0.0373778864741
0.25,0.0,0.0,0.25
0.25,0.0,0.0,0.25
0.25,0.0,0.0,0.25
0.25,0.0,0.0,0.25
0.23880469799,0.0,0.0,-0.14846932888
0.220333367586,0.0,0.0,0.137494340539
0.25,0.0,0.0,0.106237694621
0.25,0.0,0.0,0.090757034719
0.0,0.0,0.0,0.0
0.0,66.982531,0.0,0.0
0.242067456245,0.0,0.0,0.25
0.25,0.0,0.0,-0.25
0.25,0.0,0.0,-0.25
0.25,0.0,0.0,-0.25
0.25,0.0,0.0,-0.0218711290509
0.169157132506,0.0,0.0,-0.0386284738779
0.0,0.0,0.0,0.0526860766113
0.0,0.0,0.0,-0.16113370657
0.0408039465547,0.0,0.0,-0.0955204367638
0.171667829156,0.0,0.0,-0.0936187878251
0.103201441467,0.0,0.0,0.000763504125644
0.105006664991,0.0,0.0,0.0601924806833
0.0406916104257,0.0,0.0,0.0111661953852
0.0,0.0,0.0,-0.150089636445
0.0,0.0,0.0,-0.25
0.0,0.0,0.0,0.0373916700482
0.0,0.0,0.0,-0.23602296412
0.0,0.0,0.0,-0.25
0.0,0.0,0.0,-0.25
0.0,0.0,0.0,-0.118375554681
0.0,0.0,0.0,0.100153855979
0.0,0.0,0.0,0.25
0.0,0.0,0.0,0.111389257014
0.0,0.0,0.0,0.25
0.0,0.0,0.0,0.25
0.0,0.0,0.0,0.0833297297359
0.0,0.0,0.0,0.0
0.0,34.664006,0.0,0.0
0.0,0.0,0.0,0.0706567838788
0.0,0.0,0.0,-0.188223168254
0.000910261645913,0.0,0.0,-0.25
0.0547818094492,0.0,0.0,0.0371108986437
0.023013100028,0.0,0.0,-0.173674508929
0.0752568915486,0.0,0.0,-0.234728604555
0.25,0.0,0.0,-0.15544295311
0.25,0.0,0.0,-0.25
0.0,0.0,0.0,-0.25
0.0,0.0,0.0,-0.0667850896716
0.0,0.0,0.0,0.11689004302
0.0,0.0,0.0,0.0119012175128
0.0,0.0,0.0,0.0931776836514
0.0,0.0,0.0,0.0129521824419
0.0,0.0,0.0,-0.25
0.0,0.0,0.0,-0.0747289806604
0.073360696435,0.0,0.0,-0.118282064795
0.0,0.0,0.0,0.13146969676
0.0,0.0,0.0,0.0365909896791
0.0,0.0,0.0,-0.0508511736989
0.0,0.0,0.0,-0.25
0.0,0.0,0.0,-0.0990791767836
0.0,0.0,0.0,0.00374496448785
0.0,0.0,0.0,-0.25
0.0,0.0,0.0,-0.25
0.0505147762597,0.0,0.0,-0.25
0.0155411446467,0.0,0.0,-0.225686371326
0.0,0.0,0.0,-0.25
0.184853643179,0.0,0.0,-0.0521971210837
0.0928989499807,0.0,0.0,0.248684003949
0.0670447275043,0.0,0.0,0.25
0.25,0.0,0.0,0.25
0.186617523432,0.0,0.0,0.100460723042
0.0437916554511,0.0,0.0,0.115685306489
0.0444933697581,0.0,0.0,0.0832375064492
0.0,0.0,0.0,0.25
0.0,0.0,0.0,0.0963355898857
0.0,0.0,0.0,-0.25
0.0,0.0,0.0,-0.25
0.0,0.0,0.0,-0.25
0.0,0.0,0.0,-0.25
0.0,0.0,0.0,-0.0730186551809
0.0,0.0,0.0,0.25
0.0,0.0,0.0,0.201440274715
0.0,0.0,0.0,0.081899613142
0.0,0.0,0.0,0.182359009981
0.0,0.0,0.0,-0.0984163582325
0.0,0.0,0.0,-0.187816739082
0.0277806539088,0.0,0.0,-0.25
0.0,0.0,0.0,0.120051383972
0.067744128406,0.0,0.0,0.25
0.246874883771,0.0,0.0,0.25
0.184474810958,0.0,0.0,-0.147587403655
0.25,0.0,0.0,0.086056984961
0.0983964204788,0.0,0.0,0.126657545567
0.00980882253498,0.0,0.0,-0.0939807519317
0.0811383500695,0.0,0.0,-0.173455044627
0.0,0.0,0.0,-0.193726316094
0.150921225548,0.0,0.0,-0.25
0.161355823278,0.0,0.0,-0.145193576813
0.0590346157551,0.0,0.0,-0.20940579474
0.0026503270492,0.0,0.0,-0.154651418328
0.175874590874,0.0,0.0,0.25
0.144307121634,0.0,0.0,0.25
0.207304939628,0.0,0.0,0.25
0.221013844013,0.0,0.0,0.0301790889353
0.189048036933,0.0,0.0,-0.225724801421
0.0931538045406,0.0,0.0,-0.25
0.14502094686,0.0,0.0,-0.208279281855
0.0,0.0,0.0,-0.148073807359
0.0,0.0,0.0,-0.124437056482
0.0,0.0,0.0,0.25
0.0549459531903,0.0,0.0,0.25
0.0,0.0,0.0,0.216168373823
0.072217322886,0.0,0.0,-0.0917339995503
0.130424976349,0.0,0.0,0.174244716763
0.129285678267,0.0,0.0,0.126543655992
0.0,0.0,0.0,0.25
0.0,0.0,0.0,0.107378065586
0.0,0.0,0.0,-0.25
0.0,0.0,0.0,-0.25
0.0,0.0,0.0,-0.25
0.0,0.0,0.0,-0.25
0.111812889576,0.0,0.0,-0.25
0.0,0.0,0.0,-0.110535435379
0.0,0.0,0.0,-0.122290968895
0.00443192757666,0.0,0.0,-9.01361199794e-05
0.0558894425631,0.0,0.0,-0.25
0.119409218431,0.0,0.0,0.086670294404
0.237090706825,0.0,0.0,0.149309664965
0.25,0.0,0.0,0.1568326056
0.248632788658,0.0,0.0,0.139604583383
0.0754668712616,0.0,0.0,-0.131960734725
0.177000790834,0.0,0.0,0.25
0.212563589215,0.0,0.0,0.25
0.25,0.0,0.0,-0.0774151459336
0.00665371865034,0.0,0.0,-0.239940077066
0.0,0.0,0.0,-0.25
0.0,0.0,0.0,-0.25
0.25,0.0,0.0,-0.25
0.25,0.0,0.0,-0.25
0.151896819472,0.0,0.0,0.126231282949
0.0,0.0,0.0,-0.25
0.0,0.0,0.0,-0.101743176579
0.0163925327361,0.0,0.0,-0.0622932426631
0.0734704434872,0.0,0.0,0.123205885291
0.25,0.0,0.0,0.0441426970065
0.25,0.0,0.0,0.0508258752525
0.241156384349,0.0,0.0,0.218696326017
0.242655768991,0.0,0.0,0.25
0.25,0.0,0.0,0.0801751613617
0.0829814001918,0.0,0.0,-0.11506998539
0.103018939495,0.0,0.0,-0.0117725385353
0.122499339283,0.0,0.0,-0.0817824974656
0.0676416307688,0.0,0.0,-0.216411009431
0.0171154923737,0.0,0.0,-0.25
0.0,0.0,0.0,-0.25
0.0387727878988,0.0,0.0,-0.25
0.225479215384,0.0,0.0,-0.19102409482
0.235953822732,0.0,0.0,0.206769600511
0.121485002339,0.0,0.0,0.0689413696527
0.25,0.0,0.0,0.25
0.237834811211,0.0,0.0,0.217191413045
0.201783761382,0.0,0.0,0.25
0.25,0.0,0.0,0.25
0.105110391974,0.0,0.0,0.0208493582904
0.203456506133,0.0,0.0,-0.0312452018261
0.161213487387,0.0,0.0,-0.209227338433
0.146137714386,0.0,0.0,-0.25
0.209877043962,0.0,0.0,-0.14517198503
0.222298368812,0.0,0.0,-0.25
0.0809823647141,0.0,0.0,0.00823050178587
0.144281357527,0.0,0.0,0.25
0.237992450595,0.0,0.0,0.196122422814
0.148721367121,0.0,0.0,0.25
0.0,0.0,0.0,0.25
0.0,0.0,0.0,0.25
0.0806069597602,0.0,0.0,-0.023953255266
0.0,0.0,0.0,0.25
0.04855902493,0.0,0.0,0.154149740934
0.182129457593,0.0,0.0,-0.152187943459
0.184365823865,0.0,0.0,-0.0143432673067
0.225421249866,0.0,0.0,0.0264983028173
0.239420741796,0.0,0.0,0.00548055814579
0.0,0.0,0.0,0.0
0.0,151.518084,0.0,0.0
0.25,0.0,0.0,-0.203380405903
0.25,0.0,0.0,-0.176661372185
0.25,0.0,0.0,0.17461964488
0.25,0.0,0.0,0.174259275198
0.25,0.0,0.0,-0.234712198377
0.25,0.0,0.0,-0.229341179132
0.25,0.0,0.0,0.249999821186
0.25,0.0,0.0,0.249999701977
0.249999985099,0.0,0.0,0.249165117741
0.25,0.0,0.0,0.248885348439
0.25,0.0,0.0,0.226771056652
0.25,0.0,0.0,-0.249716848135
0.25,0.0,0.0,-0.249474346638
0.25,0.0,0.0,-0.221594780684
0.25,0.0,0.0,-0.218215674162
0.25,0.0,0.0,-0.210104510188
0.25,0.0,0.0,0.249994710088
0.25,0.0,0.0,0.249996975064
0.25,0.0,0.0,0.249967321754
0.25,0.0,0.0,0.249954909086
0.25,0.0,0.0,0.249931320548
0.25,0.0,0.0,0.249874442816
0.249999791384,0.0,0.0,-0.249999985099
0.249999940395,0.0,0.0,-0.249999985099
0.25,0.0,0.0,-0.25
0.25,0.0,0.0,-0.25
0.249999299645,0.0,0.0,-0.249995172024
0.25,0.0,0.0,0.188955336809
0.25,0.0,0.0,0.154606848955
0.25,0.0,0.0,-0.208144024014
0.25,0.0,0.0,-0.212560355663
0.25,0.0,0.0,-0.0120999971405
0.25,0.0,0.0,-0.0807833522558
0.249999642372,0.0,0.0,-0.211005985737
0.249999701977,0.0,0.0,-0.211640283465
0.25,0.0,0.0,-0.244632601738
0.25,0.0,0.0,-0.244970649481
0.25,0.0,0.0,-0.246372699738
0.25,0.0,0.0,0.0316766127944
0.25,0.0,0.0,0.249996781349
0.249999985099,0.0,0.0,0.249999910593
0.249999970198,0.0,0.0,0.249992236495
0.24999910593,0.0,0.0,0.249999940395
0.25,0.0,0.0,-0.0611981414258
0.25,0.0,0.0,-0.027461508289
0.25,0.0,0.0,0.249939724803
0.25,0.0,0.0,0.249922901392
0.25,0.0,0.0,0.248358115554
0.25,0.0,0.0,0.106991805136
0.25,0.0,0.0,-0.11335337162
0.25,0.0,0.0,-0.248873800039
0.25,0.0,0.0,-0.247506812215
0.25,0.0,0.0,-0.24558916688
0.25,0.0,0.0,-0.243146598339
0.25,0.0,0.0,0.247670486569
0.25,0.0,0.0,0.249715343118
0.249999985099,0.0,0.0,0.249995172024
0.249999985099,0.0,0.0,0.249995499849
0.24999782443,0.0,0.0,0.249999195337
0.249991387129,0.0,0.0,0.249897420406
0.249996960163,0.0,0.0,0.228472962976
0.249998807907,0.0,0.0,0.179594874382
0.249979585409,0.0,0.0,-0.249666571617
0.249999850988,0.0,0.0,-0.24319088459
0.249999195337,0.0,0.0,0.248375877738
0.25,0.0,0.0,0.249999910593
0.25,0.0,0.0,0.249988272786
0.25,0.0,0.0,0.249927341938
0.249999821186,0.0,0.0,0.249994218349
0.249999731779,0.0,0.0,0.249857336283
0.249999478459,0.0,0.0,0.245568111539
0.247778594494,0.0,0.0,0.212910711765
0.225086405873,0.0,0.0,-0.230332419276
0.249992921948,0.0,0.0,-0.228826776147
0.249930158257,0.0,0.0,0.199723884463
0.249903589487,0.0,0.0,0.182858139277
0.249997466803,0.0,0.0,-0.22094386816
0.25,0.0,0.0,0.192796707153
0.249999895692,0.0,0.0,0.215681508183
0.25,0.0,0.0,0.222277596593
0.25,0.0,0.0,0.234595477581
0.25,0.0,0.0,0.2393001616
0.25,0.0,0.0,0.241889417171
0.25,0.0,0.0,0.242919445038
0.25,0.0,0.0,0.176119118929
0.25,0.0,0.0,-0.242995664477
0.25,0.0,0.0,-0.248252883554
0.25,0.0,0.0,-0.101094678044
0.25,0.0,0.0,0.0569110773504
0.25,0.0,0.0,-0.105286434293
0.25,0.0,0.0,-0.192942216992
0.25,0.0,0.0,-0.136486500502
0.25,0.0,0.0,-0.104373186827
0.249902814627,0.0,0.0,0.245043709874
0.249999955297,0.0,0.0,0.234991654754
0.249971583486,0.0,0.0,-0.249981626868
0.249969512224,0.0,0.0,-0.249981716275
0.239619374275,0.0,0.0,-0.248579204082
0.165864378214,0.0,0.0,-0.249056249857
0.0590836107731,0.0,0.0,-0.249392807484
0.249877363443,0.0,0.0,0.217165201902
0.243139892817,0.0,0.0,0.249257609248
0.249918997288,0.0,0.0,0.0408435165882
0.249673724174,0.0,0.0,0.129877984524
0.113767072558,0.0,0.0,0.248225271702
0.0516558587551,0.0,0.0,0.248507872224
0.221531838179,0.0,0.0,0.233961760998
0.223671495914,0.0,0.0,0.242624208331
0.0146765783429,0.0,0.0,0.249603077769
0.00865471363068,0.0,0.0,0.249883547425
0.249818637967,0.0,0.0,0.249976143241
0.249981254339,0.0,0.0,0.24999012053
0.248566299677,0.0,0.0,0.249998241663
0.249983370304,0.0,0.0,-0.249996751547
0.249998569489,0.0,0.0,-0.249999567866
0.249462947249,0.0,0.0,-0.249919995666
0.248282194138,0.0,0.0,-0.249789819121
0.232539966702,0.0,0.0,-0.248515635729
1.54003500938e-05,0.0,0.0,0.24999974668
5.14090061188e-07,0.0,0.0,0.249999970198
0.185429781675,0.0,0.0,0.249999567866
0.107646256685,0.0,0.0,0.249999731779
0.00092276185751,0.0,0.0,0.249999880791
0.00993817299604,0.0,0.0,0.24999833107
0.156780168414,0.0,0.0,0.249962866306
0.000503249466419,0.0,0.0,-0.0849093943834
0.24901278317,0.0,0.0,-0.249995186925
0.239604532719,0.0,0.0,-0.249987766147
0.00072717666626,0.0,0.0,-0.241279989481
0.000333890318871,0.0,0.0,-0.215840354562
1.9371509552e-07,0.0,0.0,0.244626790285
3.72529029846e-08,0.0,0.0,0.249787896872
1.1719763279e-05,0.0,0.0,0.17049318552
9.01520252228e-06,0.0,0.0,0.113418713212
2.10106372833e-06,0.0,0.0,0.0414165444672
0.229474529624,0.0,0.0,-0.249964922667
0.190992221236,0.0,0.0,-0.249964281917
7.65919685364e-06,0.0,0.0,0.099406324327
0.0,0.0,0.0,0.249990746379
7.45058059692e-08,0.0,0.0,0.22561621666
2.08616256714e-07,0.0,0.0,0.145931124687
9.685754776e-08,0.0,0.0,0.037229668349
0.0950103625655,0.0,0.0,-0.249981746078
0.0208224728703,0.0,0.0,-0.249973669648
9.96887683868e-06,0.0,0.0,-0.126786991954
1.26287341118e-05,0.0,0.0,-0.0302848890424
0.0,0.0,0.0,0.249446734786
0.0,0.0,0.0,0.249632641673
7.45058059692e-09,0.0,0.0,0.235971063375
7.45058059692e-09,0.0,0.0,0.19992467761
0.0166735500097,0.0,0.0,-0.249977648258
0.00500921905041,0.0,0.0,-0.247229844332
5.10364770889e-05,0.0,0.0,-0.207149043679
5.18038868904e-05,0.0,0.0,-0.179827168584
2.35438346863e-06,0.0,0.0,-0.063605107367
0.0,0.0,0.0,0.249928876758
0.0,0.0,0.0,0.249963089824
0.0,0.0,0.0,0.248061612248
0.0,0.0,0.0,0.244333416224
0.000379122793674,0.0,0.0,-0.249770715833
0.00308753550053,0.0,0.0,-0.244816482067
1.63316726685e-05,0.0,0.0,-0.174571663141
1.29193067551e-05,0.0,0.0,-0.136727243662
1.52736902237e-05,0.0,0.0,-0.0827909186482
0.0,0.0,0.0,0.249973237514
0.0,0.0,0.0,0.249993130565
0.0,0.0,0.0,0.249450385571
0.0,0.0,0.0,0.248363688588
0.000693939626217,0.0,0.0,-0.219085127115
0.0,0.0,0.0,0.184723541141
0.0,0.0,0.0,0.0392972454429
0.0,0.0,0.0,0.249709069729
0.0,0.0,0.0,0.25
0.0,0.0,0.0,0.249999925494
0.0,0.0,0.0,0.249999940395
0.0,0.0,0.0,0.0
0.0,36.396422,0.0,0.0
0.25,0.0,0.0,0.193350017071
0.25,0.0,0.0,0.23602540791
0.25,0.0,0.0,-0.165209427476
0.25,0.0,0.0,0.148935422301
0.25,0.0,0.0,-0.25
0.25,0.0,0.0,-0.25
0.25,0.0,0.0,-0.25
0.25,0.0,0.0,-0.25
0.25,0.0,0.0,0.0275860670954
0.25,0.0,0.0,0.0286438222975
0.141737565398,0.0,0.0,-0.129825234413
0.0423605404794,0.0,0.0,-0.00217965897173
0.25,0.0,0.0,0.13438513875
0.159692898393,0.0,0.0,0.0625577047467
0.126790627837,0.0,0.0,-0.0789226442575
0.0279252287,0.0,0.0,0.0171367526054
0.0506930537522,0.0,0.0,0.150628373027
0.0,0.0,0.0,0.00466307811439
0.0,0.0,0.0,-0.0756338611245
0.0,0.0,0.0,0.25
0.0,0.0,0.0,0.0828196853399
0.0,0.0,0.0,0.130106151104
0.0,0.0,0.0,-0.112081922591
0.0765008330345,0.0,0.0,0.135389536619
0.136039867997,0.0,0.0,-0.0891848057508
0.0681700631976,0.0,0.0,-0.0508977063
0.0,0.0,0.0,-0.201540455222
0.0,0.0,0.0,0.25
0.142346590757,0.0,0.0,0.206202104688
0.139606028795,0.0,0.0,0.25
0.0,0.0,0.0,0.25
0.0158923845738,0.0,0.0,-0.0354533195496
0.196602374315,0.0,0.0,0.25
0.174137562513,0.0,0.0,0.25
0.25,0.0,0.0,0.25
0.25,0.0,0.0,0.25
0.223306074739,0.0,0.0,0.25
0.25,0.0,0.0,0.25
0.113843858242,0.0,0.0,0.25
0.147611290216,0.0,0.0,0.25
0.123573929071,0.0,0.0,0.25
0.162553653121,0.0,0.0,0.231182053685
0.25,0.0,0.0,0.25
0.152412176132,0.0,0.0,0.25
0.0576604492962,0.0,0.0,0.25
0.119419336319,0.0,0.0,0.25
0.141472280025,0.0,0.0,0.249830514193
0.205527126789,0.0,0.0,0.25
0.25,0.0,0.0,0.25
0.103978894651,0.0,0.0,0.25
0.0,0.0,0.0,0.25
0.146636068821,0.0,0.0,0.25
0.0,0.0,0.0,0.0240873489529
0.122413702309,0.0,0.0,0.20449270308
0.175282761455,0.0,0.0,0.111493915319
0.162298426032,0.0,0.0,0.130671873689
0.107946351171,0.0,0.0,0.158307000995
0.184480592608,0.0,0.0,0.25
0.0,0.0,0.0,0.25
0.0,0.0,0.0,0.150967240334
0.0,0.0,0.0,0.25
0.0,0.0,0.0,0.0381207056344
0.0,0.0,0.0,0.25
0.0,0.0,0.0,-0.190093785524
0.0,0.0,0.0,-0.25
0.0879446938634,0.0,0.0,-0.25
0.00400661909953,0.0,0.0,-0.25
0.0418846458197,0.0,0.0,-0.00146967323963
0.0827197209001,0.0,0.0,0.203185886145
0.0,0.0,0.0,-0.25
0.0157379806042,0.0,0.0,0.0165366828442
0.0192138310522,0.0,0.0,-0.25
0.0324542969465,0.0,0.0,-0.25
0.0771662965417,0.0,0.0,-0.25
0.132195472717,0.0,0.0,-0.25
0.0,0.0,0.0,0.0
0.0,80.467919,0.0,0.0
0.25,0.0,0.0,-0.25
0.25,0.0,0.0,-0.25
0.221605584025,0.0,0.0,-0.25
0.162611097097,0.0,0.0,0.0998500287533
0.0231045223773,0.0,0.0,0.25
0.0754839032888,0.0,0.0,0.25
0.0,0.0,0.0,0.229061767459
0.25,0.0,0.0,0.25
0.25,0.0,0.0,0.25
0.25,0.0,0.0,0.149077668786
0.25,0.0,0.0,0.25
0.25,0.0,0.0,0.0024909847416
0.0,0.0,0.0,-0.25
0.0,0.0,0.0,-0.25
0.0,0.0,0.0,-0.25
0.0,0.0,0.0,-0.115904994309
0.0,0.0,0.0,-0.0234281886369
0.25,0.0,0.0,-0.050267316401
0.25,0.0,0.0,-0.165549859405
0.25,0.0,0.0,-0.25
0.190942212939,0.0,0.0,0.14883877337
0.194882437587,0.0,0.0,-0.0108128860593
0.0115750292316,0.0,0.0,-0.050812728703
0.055589273572,0.0,0.0,0.25
0.170016258955,0.0,0.0,0.25
0.241417825222,0.0,0.0,0.152372926474
0.25,0.0,0.0,0.25
0.0,0.0,0.0,-0.25
0.167930006981,0.0,0.0,0.25
0.233810722828,0.0,0.0,0.24539321661
0.25,0.0,0.0,-0.246983349323
0.17720746994,0.0,0.0,-0.25
0.25,0.0,0.0,-0.10250890255
0.0,0.0,0.0,-0.0891471505165
0.00436449889094,0.0,0.0,0.157650381327
0.0,0.0,0.0,-0.138624772429
0.0,0.0,0.0,-0.135810136795
0.25,0.0,0.0,-0.109054915607
0.232810497284,0.0,0.0,0.0515713617206
0.25,0.0,0.0,0.159166947007
0.0,0.0,0.0,0.0
0.0,44.529042,0.0,0.0
0.25,0.0,0.0,-0.107312627137
0.25,0.0,0.0,0.0512527190149
0.25,0.0,0.0,0.176810264587
0.25,0.0,0.0,0.25
0.25,0.0,0.0,0.25
0.25,0.0,0.0,0.0639063939452
0.25,0.0,0.0,-0.0613155588508
0.0589330904186,0.0,0.0,-0.084847599268
0.0603438429534,0.0,0.0,0.214837819338
0.0070949010551,0.0,0.0,0.0421687662601
0.165209963918,0.0,0.0,-0.191709890962
0.0845834761858,0.0,0.0,-0.25
0.0,0.0,0.0,0.0
0.0,13.82647,0.0,0.0
0.25,0.0,0.0,-0.25
0.25,0.0,0.0,-0.25
0.25,0.0,0.0,0.0293239001185
0.25,0.0,0.0,-0.139840736985
0.25,0.0,0.0,0.12027605623
0.135207533836,0.0,0.0,0.174177587032
0.0,0.0,0.0,0.25
0.0,0.0,0.0,0.25
0.25,0.0,0.0,0.213773161173
0.25,0.0,0.0,0.212159082294
0.25,0.0,0.0,0.25
0.25,0.0,0.0,0.195308312774
0.0726938992739,0.0,0.0,0.180296763778
0.226323217154,0.0,0.0,-0.122492596507
0.183066278696,0.0,0.0,0.25
0.141885340214,0.0,0.0,0.25
0.0,0.0,0.0,0.0
0.0,18.792584,0.0,0.0
0.25,0.0,0.0,0.229213505983
0.25,0.0,0.0,0.25
0.25,0.0,0.0,0.235633566976
0.25,0.0,0.0,0.25
0.25,0.0,0.0,0.25
0.230085894465,0.0,0.0,0.25
0.207407251,0.0,0.0,0.25
0.131894007325,0.0,0.0,0.25
0.235458880663,0.0,0.0,0.000489645404741
0.0,0.0,0.0,-0.177138730884
0.0,0.0,0.0,-0.0709829851985
0.0,0.0,0.0,-0.25
0.0,0.0,0.0,-0.25
0.096279554069,0.0,0.0,-0.164685487747
0.0419213958085,0.0,0.0,-0.109636157751
0.0,0.0,0.0,-0.23812776804
0.0817261263728,0.0,0.0,-0.144984558225
0.0,0.0,0.0,0.25
0.0,0.0,0.0,0.25
0.0,0.0,0.0,0.155690789223
0.129271581769,0.0,0.0,-0.25
0.0315299406648,0.0,0.0,-0.136011511087
0.0,0.0,0.0,0.141305118799
0.0,0.0,0.0,0.207176968455
0.0,0.0,0.0,0.0
0.0,28.128134,0.0,0.0
0.193494692445,0.0,0.0,-0.25
0.25,0.0,0.0,-0.25
0.25,0.0,0.0,-0.0016139249783
0.25,0.0,0.0,0.25
0.25,0.0,0.0,0.102102510631
0.25,0.0,0.0,0.231741636992
0.25,0.0,0.0,0.0676014572382
0.25,0.0,0.0,0.25
0.25,0.0,0.0,0.21497386694
0.25,0.0,0.0,0.25
0.25,0.0,0.0,0.25
0.135534748435,0.0,0.0,-0.0946841612458
0.220008686185,0.0,0.0,-0.25
0.0219296682626,0.0,0.0,-0.169409036636
0.0,0.0,0.0,-0.25
0.0,0.0,0.0,-0.25
0.114227391779,0.0,0.0,-0.25
0.188799977303,0.0,0.0,-0.205359607935
0.0,0.0,0.0,0.211995780468
0.0,0.0,0.0,0.0733601823449
0.0428869761527,0.0,0.0,-0.0259889252484
0.0896793231368,0.0,0.0,-0.191925600171
0.0,0.0,0.0,-0.168252930045
0.0220906604081,0.0,0.0,-0.176456227899
0.0,0.0,0.0,-0.10800152272
0.0135217262432,0.0,0.0,0.0891253054142
0.145972624421,0.0,0.0,-0.0450620800257
0.25,0.0,0.0,0.0661793798208
0.229397401214,0.0,0.0,0.0651207193732
0.184126392007,0.0,0.0,0.25
0.165417224169,0.0,0.0,-0.0304254535586
0.190266773105,0.0,0.0,-0.238918736577
0.125964403152,0.0,0.0,-0.25
0.153782144189,0.0,0.0,-0.25
0.25,0.0,0.0,-0.25
0.0987416729331,0.0,0.0,-0.0338212735951
0.206099703908,0.0,0.0,-0.25
0.0471250228584,0.0,0.0,-0.25
0.00495545892045,0.0,0.0,-0.167445778847
0.0,0.0,0.0,-2.6182642614e-05
0.0,0.0,0.0,-0.25
0.0,0.0,0.0,-0.25
0.0,0.0,0.0,-0.25
0.0,0.0,0.0,-0.25
0.131323248148,0.0,0.0,-0.127944499254
0.0,0.0,0.0,0.198691576719
0.168570294976,0.0,0.0,0.0426761880517
0.25,0.0,0.0,0.25
0.25,0.0,0.0,-0.200707226992
0.185629785061,0.0,0.0,-0.141450345516
0.00854533072561,0.0,0.0,0.0214693434536
0.00315559306182,0.0,0.0,-0.197931557894
0.0964087247849,0.0,0.0,-0.25
0.0,0.0,0.0,-0.25
0.224859446287,0.0,0.0,-0.25
0.25,0.0,0.0,-0.25
0.154732555151,0.0,0.0,0.23955373466
0.0,0.0,0.0,-0.249384462833
0.0637450963259,0.0,0.0,-0.0313434712589
0.0,0.0,0.0,-0.156003788114
0.0,0.0,0.0,0.192662343383
0.139785915613,0.0,0.0,0.25
0.0,0.0,0.0,0.25
0.0,0.0,0.0,-0.216732189059
0.148445039988,0.0,0.0,-0.204682916403
0.25,0.0,0.0,-0.118570394814
0.25,0.0,0.0,0.25
0.139441996813,0.0,0.0,0.0999937281013
0.151044070721,0.0,0.0,0.0764784291387
0.0,0.0,0.0,-0.101079180837
0.0,0.0,0.0,-0.166520729661
0.0,0.0,0.0,-0.179987028241
0.0,0.0,0.0,0.0404812023044
0.0,0.0,0.0,0.0368100702763
0.0,0.0,0.0,-0.25
0.0,0.0,0.0,-0.171256422997
0.0,0.0,0.0,-0.25
0.0,0.0,0.0,-0.25
0.0,0.0,0.0,-0.25
0.0,0.0,0.0,-0.25
0.0,0.0,0.0,-0.237804785371
0.0,0.0,0.0,-0.25
0.0,0.0,0.0,-0.25
0.0792946144938,0.0,0.0,-0.137636527419
0.0,0.0,0.0,-0.25
0.0,0.0,0.0,-0.25
0.0,0.0,0.0,-0.25
0.0,0.0,0.0,-0.25
0.0874877348542,0.0,0.0,-0.25
0.0154273640364,0.0,0.0,-0.25
0.25,0.0,0.0,-0.25
0.25,0.0,0.0,-0.25
0.25,0.0,0.0,-0.25
0.14957010746,0.0,0.0,0.161006093025
0.152197152376,0.0,0.0,0.0449401624501
0.247011169791,0.0,0.0,0.25
0.25,0.0,0.0,-0.0957024991512
0.25,0.0,0.0,-0.0320666395128
0.0,0.0,0.0,0.0
0.0,107.55607,0.0,0.0
0.25,0.0,0.0,-0.25
0.25,0.0,0.0,-0.175106391311
0.25,0.0,0.0,-0.25
0.25,0.0,0.0,-0.210104972124
0.072344250977,0.0,0.0,-0.11509039253
0.0646817237139,0.0,0.0,-0.0436437129974
0.0564783401787,0.0,0.0,-0.00353223620914
0.116266109049,0.0,0.0,0.0275185201317
0.0491249859333,0.0,0.0,0.25
0.0519442521036,0.0,0.0,0.25
0.187578052282,0.0,0.0,-0.0136971324682
0.25,0.0,0.0,-0.25
0.129472985864,0.0,0.0,-0.25
0.0,0.0,0.0,-0.15383797884
0.0,0.0,0.0,-0.0756863430142
0.0,0.0,0.0,-0.0154424197972
0.0513777397573,0.0,0.0,0.200304716825
0.0,0.0,0.0,0.25
0.0518498010933,0.0,0.0,0.228275537491
0.0,0.0,0.0,0.25
0.0,0.0,0.0,0.0
0.0,22.060012,0.0,0.0
0.0257751122117,0.0,0.0,0.11527081579
0.0669462606311,0.0,0.0,-0.25
0.0226694513112,0.0,0.0,-0.25
0.0904333516955,0.0,0.0,-0.11091171205
0.070272423327,0.0,0.0,0.25
0.031696755439,0.0,0.0,0.25
0.0,0.0,0.0,0.25
0.0,0.0,0.0,-0.25
0.0,0.0,0.0,-0.25
0.0,0.0,0.0,-0.0328515321016
0.0,0.0,0.0,-0.189900636673
0.0,0.0,0.0,0.25
0.0,0.0,0.0,0.25
0.22974793613,0.0,0.0,0.25
0.122668728232,0.0,0.0,-0.0602604337037
0.169792786241,0.0,0.0,-0.202356338501
0.206618964672,0.0,0.0,-0.207680687308
0.25,0.0,0.0,-0.25
0.25,0.0,0.0,0.203373029828
0.137533456087,0.0,0.0,0.124549888074
0.0,0.0,0.0,-0.0405745133758
0.25,0.0,0.0,-0.180983394384
0.25,0.0,0.0,-0.25
0.25,0.0,0.0,-0.25
0.25,0.0,0.0,-0.25
0.142970129848,0.0,0.0,-0.156274527311
