0.0,0.861318,0.0,0.0
0.25,0.0,0.0,0.25
0.25,0.0,0.0,0.25
0.25,0.0,0.0,0.25
0.25,0.0,0.0,0.25
0.25,0.0,0.0,0.25
0.25,0.0,0.0,0.25
0.25,0.0,0.0,0.25
0.25,0.0,0.0,0.25
0.25,0.0,0.0,0.25
0.25,0.0,0.0,0.25
0.25,0.0,0.0,0.25
0.25,0.0,0.0,0.25
0.25,0.0,0.0,0.25
0.25,0.0,0.0,0.25
0.25,0.0,0.0,0.25
0.25,0.0,0.0,0.25
0.25,0.0,0.0,0.25
0.25,0.0,0.0,0.25
0.25,0.0,0.0,0.25
0.25,0.0,0.0,0.25
0.25,0.0,0.0,0.25
0.25,0.0,0.0,0.25
0.25,0.0,0.0,0.25
0.25,0.0,0.0,0.25
0.25,0.0,0.0,0.25
0.25,0.0,0.0,0.25
0.25,0.0,0.0,0.25
0.25,0.0,0.0,0.25
0.25,0.0,0.0,0.25
0.25,0.0,0.0,0.25
0.25,0.0,0.0,0.25
0.25,0.0,0.0,0.25
0.25,0.0,0.0,0.25
0.25,0.0,0.0,0.25
0.25,0.0,0.0,0.25
0.25,0.0,0.0,0.25
0.25,0.0,0.0,0.25
0.25,0.0,0.0,0.25
0.25,0.0,0.0,0.25
0.25,0.0,0.0,0.25
0.25,0.0,0.0,0.25
0.25,0.0,0.0,0.25
0.25,0.0,0.0,0.25
0.25,0.0,0.0,0.25
0.25,0.0,0.0,0.25
0.25,0.0,0.0,0.25
0.25,0.0,0.0,0.25
0.25,0.0,0.0,0.25
0.25,0.0,0.0,0.25
0.25,0.0,0.0,0.25
0.25,0.0,0.0,0.25
0.25,0.0,0.0,0.25
0.25,0.0,0.0,0.25
0.25,0.0,0.0,0.25
0.25,0.0,0.0,0.25
0.25,0.0,0.0,0.25
0.25,0.0,0.0,0.25
0.25,0.0,0.0,0.25
0.25,0.0,0.0,0.25
0.25,0.0,0.0,0.25
0.25,0.0,0.0,0.25
0.25,0.0,0.0,0.25
0.25,0.0,0.0,0.25
0.25,0.0,0.0,0.25
0.25,0.0,0.0,0.25
0.25,0.0,0.0,0.25
0.25,0.0,0.0,0.25
0.25,0.0,0.0,0.25
0.25,0.0,0.0,0.25
0.25,0.0,0.0,0.25
0.25,0.0,0.0,0.25
0.25,0.0,0.0,0.25
0.25,0.0,0.0,0.25
0.25,0.0,0.0,0.25
0.25,0.0,0.0,0.25
0.25,0.0,0.0,0.25
0.25,0.0,0.0,0.25
0.25,0.0,0.0,0.25
0.25,0.0,0.0,0.25
0.25,0.0,0.0,0.25
0.25,0.0,0.0,0.25
0.25,0.0,0.0,0.25
0.25,0.0,0.0,0.25
0.25,0.0,0.0,0.25
0.25,0.0,0.0,0.25
0.25,0.0,0.0,0.25
0.25,0.0,0.0,0.25
0.25,0.0,0.0,0.25
0.25,0.0,0.0,0.25
0.25,0.0,0.0,0.25
0.25,0.0,0.0,0.25
0.25,0.0,0.0,0.25
0.25,0.0,0.0,0.25
0.25,0.0,0.0,0.25
0.25,0.0,0.0,0.25
0.25,0.0,0.0,0.25
0.25,0.0,0.0,0.25
0.25,0.0,0.0,0.25
0.25,0.0,0.0,0.25
0.25,0.0,0.0,0.25
0.25,0.0,0.0,0.25
0.25,0.0,0.0,0.25
0.25,0.0,0.0,0.25
0.25,0.0,0.0,0.25
0.25,0.0,0.0,0.25
0.25,0.0,0.0,0.25
0.25,0.0,0.0,0.25
0.25,0.0,0.0,0.25
0.25,0.0,0.0,0.25
0.25,0.0,0.0,0.25
0.25,0.0,0.0,0.25
0.25,0.0,0.0,0.25
0.25,0.0,0.0,0.25
0.25,0.0,0.0,0.25
0.25,0.0,0.0,0.25
0.25,0.0,0.0,0.25
0.25,0.0,0.0,0.25
0.25,0.0,0.0,0.25
0.25,0.0,0.0,0.25
0.25,0.0,0.0,0.25
0.25,0.0,0.0,0.25
0.25,0.0,0.0,0.25
0.25,0.0,0.0,0.25
0.25,0.0,0.0,0.25
0.25,0.0,0.0,0.25
0.25,0.0,0.0,0.25
0.25,0.0,0.0,0.25
0.25,0.0,0.0,0.25
0.25,0.0,0.0,0.25
0.25,0.0,0.0,0.25
0.25,0.0,0.0,0.25
0.25,0.0,0.0,0.25
0.25,0.0,0.0,0.25
0.25,0.0,0.0,0.25
0.25,0.0,0.0,0.25
0.25,0.0,0.0,0.25
0.25,0.0,0.0,0.25
0.25,0.0,0.0,0.25
0.25,0.0,0.0,0.25
0.25,0.0,0.0,0.25
0.25,0.0,0.0,0.25
0.25,0.0,0.0,0.25
0.25,0.0,0.0,0.25
0.25,0.0,0.0,0.25
0.25,0.0,0.0,0.25
0.25,0.0,0.0,0.25
0.25,0.0,0.0,0.25
0.25,0.0,0.0,0.25
0.25,0.0,0.0,0.25
0.25,0.0,0.0,0.25
0.25,0.0,0.0,0.25
0.25,0.0,0.0,0.25
0.25,0.0,0.0,0.25
0.25,0.0,0.0,0.25
0.25,0.0,0.0,0.25
0.25,0.0,0.0,0.25
0.25,0.0,0.0,0.25
0.25,0.0,0.0,0.25
0.25,0.0,0.0,0.25
0.25,0.0,0.0,0.25
0.25,0.0,0.0,0.25
0.25,0.0,0.0,0.25
0.25,0.0,0.0,0.25
0.25,0.0,0.0,0.25
0.25,0.0,0.0,0.25
0.25,0.0,0.0,0.25
0.25,0.0,0.0,0.25
0.25,0.0,0.0,0.25
0.25,0.0,0.0,0.25
0.25,0.0,0.0,0.25
0.25,0.0,0.0,0.25
0.25,0.0,0.0,0.25
0.25,0.0,0.0,0.25
0.25,0.0,0.0,0.25
0.25,0.0,0.0,0.25
0.25,0.0,0.0,0.25
0.25,0.0,0.0,0.25
0.25,0.0,0.0,0.25
0.25,0.0,0.0,0.25
0.25,0.0,0.0,0.25
0.25,0.0,0.0,0.25
0.25,0.0,0.0,0.25
0.25,0.0,0.0,0.25
0.25,0.0,0.0,0.25
0.25,0.0,0.0,0.25
0.25,0.0,0.0,0.25
0.25,0.0,0.0,0.25
0.25,0.0,0.0,0.25
0.25,0.0,0.0,0.25
0.25,0.0,0.0,0.25
0.25,0.0,0.0,0.25
0.25,0.0,0.0,0.25
0.25,0.0,0.0,0.25
0.25,0.0,0.0,0.25
0.25,0.0,0.0,0.25
0.25,0.0,0.0,0.25
0.25,0.0,0.0,0.25
0.25,0.0,0.0,0.25
0.25,0.0,0.0,0.25
0.25,0.0,0.0,0.25
0.25,0.0,0.0,0.25
0.25,0.0,0.0,0.25
0.25,0.0,0.0,0.25
0.25,0.0,0.0,0.25
0.25,0.0,0.0,0.25
0.25,0.0,0.0,0.25
0.25,0.0,0.0,0.25
0.25,0.0,0.0,0.25
0.25,0.0,0.0,0.25
0.25,0.0,0.0,0.25
0.25,0.0,0.0,0.25
0.25,0.0,0.0,0.25
0.25,0.0,0.0,0.25
0.25,0.0,0.0,0.25
0.25,0.0,0.0,0.25
0.25,0.0,0.0,0.25
0.25,0.0,0.0,0.25
0.25,0.0,0.0,0.25
0.25,0.0,0.0,0.25
0.25,0.0,0.0,0.25
0.25,0.0,0.0,0.25
0.25,0.0,0.0,0.25
0.25,0.0,0.0,0.25
0.25,0.0,0.0,0.25
0.25,0.0,0.0,0.25
0.25,0.0,0.0,0.25
0.25,0.0,0.0,0.25
0.25,0.0,0.0,0.25
0.25,0.0,0.0,0.25
0.25,0.0,0.0,0.25
0.25,0.0,0.0,0.25
0.25,0.0,0.0,0.25
0.25,0.0,0.0,0.25
0.25,0.0,0.0,0.25
0.25,0.0,0.0,0.25
0.25,0.0,0.0,0.25
0.25,0.0,0.0,0.25
0.25,0.0,0.0,0.25
0.25,0.0,0.0,0.25
0.25,0.0,0.0,0.25
0.25,0.0,0.0,0.25
0.25,0.0,0.0,0.25
0.25,0.0,0.0,0.25
0.25,0.0,0.0,0.25
0.25,0.0,0.0,0.25
0.25,0.0,0.0,0.25
0.25,0.0,0.0,0.25
0.25,0.0,0.0,0.25
0.25,0.0,0.0,0.25
0.25,0.0,0.0,0.25
0.25,0.0,0.0,0.25
0.25,0.0,0.0,0.25
0.25,0.0,0.0,0.25
0.25,0.0,0.0,0.25
0.25,0.0,0.0,0.25
0.25,0.0,0.0,0.25
0.25,0.0,0.0,0.25
0.25,0.0,0.0,0.25
0.25,0.0,0.0,0.25
0.25,0.0,0.0,0.25
0.25,0.0,0.0,0.25
0.25,0.0,0.0,0.25
0.25,0.0,0.0,0.25
0.25,0.0,0.0,0.25
0.25,0.0,0.0,0.25
0.25,0.0,0.0,0.25
0.25,0.0,0.0,0.25
0.25,0.0,0.0,0.25
0.25,0.0,0.0,0.25
0.25,0.0,0.0,0.25
0.25,0.0,0.0,0.25
0.25,0.0,0.0,0.25
0.25,0.0,0.0,0.25
0.25,0.0,0.0,0.25
0.25,0.0,0.0,0.25
0.25,0.0,0.0,0.25
0.25,0.0,0.0,0.25
0.25,0.0,0.0,0.25
0.25,0.0,0.0,0.25
0.25,0.0,0.0,0.25
0.25,0.0,0.0,0.25
0.25,0.0,0.0,0.25
0.25,0.0,0.0,0.25
0.25,0.0,0.0,0.25
0.25,0.0,0.0,0.25
0.25,0.0,0.0,0.25
0.25,0.0,0.0,0.25
0.25,0.0,0.0,0.25
0.25,0.0,0.0,0.25
0.25,0.0,0.0,0.25
0.25,0.0,0.0,0.25
0.25,0.0,0.0,0.25
0.25,0.0,0.0,0.25
0.25,0.0,0.0,0.25
0.25,0.0,0.0,0.25
0.25,0.0,0.0,0.25
0.25,0.0,0.0,0.25
0.25,0.0,0.0,0.25
0.25,0.0,0.0,0.25
0.25,0.0,0.0,0.25
0.25,0.0,0.0,0.25
0.25,0.0,0.0,0.25
0.25,0.0,0.0,0.25
0.25,0.0,0.0,0.25
0.25,0.0,0.0,0.25
0.25,0.0,0.0,0.25
0.25,0.0,0.0,0.25
0.25,0.0,0.0,0.25
0.25,0.0,0.0,0.25
0.25,0.0,0.0,0.25
0.25,0.0,0.0,0.25
0.25,0.0,0.0,0.25
0.25,0.0,0.0,0.25
0.25,0.0,0.0,0.25
0.25,0.0,0.0,0.25
0.25,0.0,0.0,0.25
0.25,0.0,0.0,0.25
0.25,0.0,0.0,0.25
0.25,0.0,0.0,0.25
0.25,0.0,0.0,0.25
0.25,0.0,0.0,0.25
0.25,0.0,0.0,0.25
0.25,0.0,0.0,0.25
0.25,0.0,0.0,0.25
0.25,0.0,0.0,0.25
0.25,0.0,0.0,0.25
0.25,0.0,0.0,0.25
0.25,0.0,0.0,0.25
0.25,0.0,0.0,0.25
0.25,0.0,0.0,0.25
0.25,0.0,0.0,0.25
0.25,0.0,0.0,0.25
0.25,0.0,0.0,0.25
0.25,0.0,0.0,0.25
0.25,0.0,0.0,0.25
0.25,0.0,0.0,0.25
0.25,0.0,0.0,0.25
0.25,0.0,0.0,0.25
0.25,0.0,0.0,0.25
0.25,0.0,0.0,0.25
0.25,0.0,0.0,0.25
0.25,0.0,0.0,0.25
0.25,0.0,0.0,0.25
0.25,0.0,0.0,0.25
0.25,0.0,0.0,0.25
0.25,0.0,0.0,0.25
0.25,0.0,0.0,0.25
0.25,0.0,0.0,0.25
0.25,0.0,0.0,0.25
0.25,0.0,0.0,0.25
0.25,0.0,0.0,0.25
0.25,0.0,0.0,0.25
0.25,0.0,0.0,0.25
0.25,0.0,0.0,0.25
0.25,0.0,0.0,0.25
0.25,0.0,0.0,0.25
0.25,0.0,0.0,0.25
0.25,0.0,0.0,0.25
0.25,0.0,0.0,0.25
0.25,0.0,0.0,0.25
0.25,0.0,0.0,0.25
0.25,0.0,0.0,0.25
0.25,0.0,0.0,0.25
0.25,0.0,0.0,0.25
0.25,0.0,0.0,0.25
0.25,0.0,0.0,0.25
0.25,0.0,0.0,0.25
0.25,0.0,0.0,0.25
0.25,0.0,0.0,0.25
0.25,0.0,0.0,0.25
0.25,0.0,0.0,0.25
0.25,0.0,0.0,0.25
0.25,0.0,0.0,0.25
0.25,0.0,0.0,0.25
0.25,0.0,0.0,0.25
0.25,0.0,0.0,0.25
0.25,0.0,0.0,0.25
0.25,0.0,0.0,0.25
0.25,0.0,0.0,0.25
0.25,0.0,0.0,0.25
0.25,0.0,0.0,0.25
0.25,0.0,0.0,0.25
0.25,0.0,0.0,0.25
0.25,0.0,0.0,0.25
0.25,0.0,0.0,0.25
0.25,0.0,0.0,0.25
0.25,0.0,0.0,0.25
0.25,0.0,0.0,0.25
0.25,0.0,0.0,0.25
0.25,0.0,0.0,0.25
0.25,0.0,0.0,0.25
0.25,0.0,0.0,0.25
0.25,0.0,0.0,0.25
0.25,0.0,0.0,0.25
0.25,0.0,0.0,0.25
0.25,0.0,0.0,0.25
0.25,0.0,0.0,0.25
0.25,0.0,0.0,0.25
0.25,0.0,0.0,0.25
0.25,0.0,0.0,0.25
0.25,0.0,0.0,0.25
0.25,0.0,0.0,0.25
0.25,0.0,0.0,0.25
0.25,0.0,0.0,0.25
0.25,0.0,0.0,0.25
0.25,0.0,0.0,0.25
0.25,0.0,0.0,0.25
0.25,0.0,0.0,0.25
0.25,0.0,0.0,0.25
0.25,0.0,0.0,0.25
0.25,0.0,0.0,0.25
0.25,0.0,0.0,0.25
0.25,0.0,0.0,0.25
0.25,0.0,0.0,0.25
0.25,0.0,0.0,0.25
0.25,0.0,0.0,0.25
0.25,0.0,0.0,0.25
0.25,0.0,0.0,0.25
0.25,0.0,0.0,0.25
0.25,0.0,0.0,0.25
0.25,0.0,0.0,0.25
0.25,0.0,0.0,0.25
0.25,0.0,0.0,0.25
0.25,0.0,0.0,0.25
0.25,0.0,0.0,0.25
0.25,0.0,0.0,0.25
0.25,0.0,0.0,0.25
0.25,0.0,0.0,0.25
0.25,0.0,0.0,0.25
0.25,0.0,0.0,0.25
0.25,0.0,0.0,0.25
0.25,0.0,0.0,0.25
0.25,0.0,0.0,0.25
0.25,0.0,0.0,0.25
0.25,0.0,0.0,0.25
0.25,0.0,0.0,0.25
0.25,0.0,0.0,0.25
0.25,0.0,0.0,0.25
0.25,0.0,0.0,0.25
0.25,0.0,0.0,0.25
0.25,0.0,0.0,0.25
0.25,0.0,0.0,0.25
0.25,0.0,0.0,0.25
0.25,0.0,0.0,0.25
0.25,0.0,0.0,0.25
0.25,0.0,0.0,0.25
0.25,0.0,0.0,0.25
0.25,0.0,0.0,0.25
0.25,0.0,0.0,0.25
0.25,0.0,0.0,0.25
0.25,0.0,0.0,0.25
0.25,0.0,0.0,0.25
0.25,0.0,0.0,0.25
0.25,0.0,0.0,0.25
0.25,0.0,0.0,0.25
0.25,0.0,0.0,0.25
0.25,0.0,0.0,0.25
0.25,0.0,0.0,0.25
0.25,0.0,0.0,0.25
0.25,0.0,0.0,0.25
0.25,0.0,0.0,0.25
0.25,0.0,0.0,0.25
0.25,0.0,0.0,0.25
0.25,0.0,0.0,0.25
0.25,0.0,0.0,0.25
0.25,0.0,0.0,0.25
0.25,0.0,0.0,0.25
0.25,0.0,0.0,0.25
0.25,0.0,0.0,0.25
0.25,0.0,0.0,0.25
0.25,0.0,0.0,0.25
0.25,0.0,0.0,0.25
0.25,0.0,0.0,0.25
0.25,0.0,0.0,0.25
0.25,0.0,0.0,0.25
0.25,0.0,0.0,0.25
0.25,0.0,0.0,0.25
0.25,0.0,0.0,0.25
0.25,0.0,0.0,0.25
0.25,0.0,0.0,0.25
0.25,0.0,0.0,0.25
0.25,0.0,0.0,0.25
0.25,0.0,0.0,0.25
0.25,0.0,0.0,0.25
0.25,0.0,0.0,0.25
0.25,0.0,0.0,0.25
0.25,0.0,0.0,0.25
0.25,0.0,0.0,0.25
0.25,0.0,0.0,0.25
0.25,0.0,0.0,0.25
0.25,0.0,0.0,0.25
0.25,0.0,0.0,0.25
0.25,0.0,0.0,0.25
0.25,0.0,0.0,0.25
0.25,0.0,0.0,0.25
0.25,0.0,0.0,0.25
0.25,0.0,0.0,0.25
0.25,0.0,0.0,0.25
0.25,0.0,0.0,0.25
0.25,0.0,0.0,0.25
0.0,101.387203,0.0,0.0
0.25,0.0,0.0,0.25
0.25,0.0,0.0,0.25
0.25,0.0,0.0,0.25
0.25,0.0,0.0,0.25
0.25,0.0,0.0,0.25
0.25,0.0,0.0,0.25
0.25,0.0,0.0,0.25
0.25,0.0,0.0,0.25
0.25,0.0,0.0,0.25
0.25,0.0,0.0,0.25
0.25,0.0,0.0,0.25
0.25,0.0,0.0,0.25
0.25,0.0,0.0,0.25
0.25,0.0,0.0,0.25
0.25,0.0,0.0,0.25
0.25,0.0,0.0,0.25
0.25,0.0,0.0,0.25
0.25,0.0,0.0,0.25
0.25,0.0,0.0,0.25
0.25,0.0,0.0,0.25
0.25,0.0,0.0,0.25
0.25,0.0,0.0,0.25
0.25,0.0,0.0,0.25
0.25,0.0,0.0,0.25
0.25,0.0,0.0,0.25
0.25,0.0,0.0,0.25
0.25,0.0,0.0,0.25
0.25,0.0,0.0,0.25
0.25,0.0,0.0,0.25
0.25,0.0,0.0,0.25
0.25,0.0,0.0,0.25
0.25,0.0,0.0,0.25
0.25,0.0,0.0,0.25
0.25,0.0,0.0,0.25
0.25,0.0,0.0,0.25
0.25,0.0,0.0,0.25
0.25,0.0,0.0,0.25
0.25,0.0,0.0,0.25
0.25,0.0,0.0,0.25
0.25,0.0,0.0,0.25
0.25,0.0,0.0,0.25
0.25,0.0,0.0,0.25
0.25,0.0,0.0,0.25
0.25,0.0,0.0,0.25
0.25,0.0,0.0,0.25
0.25,0.0,0.0,0.25
0.25,0.0,0.0,0.25
0.25,0.0,0.0,0.25
0.25,0.0,0.0,0.25
0.25,0.0,0.0,0.25
0.25,0.0,0.0,0.25
0.25,0.0,0.0,0.25
0.25,0.0,0.0,0.25
0.25,0.0,0.0,0.25
0.25,0.0,0.0,0.25
0.25,0.0,0.0,0.25
0.25,0.0,0.0,0.25
0.25,0.0,0.0,0.25
0.25,0.0,0.0,0.25
0.25,0.0,0.0,0.25
0.25,0.0,0.0,0.25
0.25,0.0,0.0,0.25
0.25,0.0,0.0,0.25
0.25,0.0,0.0,0.25
0.25,0.0,0.0,0.25
0.25,0.0,0.0,0.25
0.25,0.0,0.0,0.25
0.25,0.0,0.0,0.25
0.25,0.0,0.0,0.25
0.25,0.0,0.0,0.25
0.25,0.0,0.0,0.25
0.25,0.0,0.0,0.25
0.25,0.0,0.0,0.25
0.25,0.0,0.0,0.25
0.25,0.0,0.0,0.25
0.25,0.0,0.0,0.25
0.25,0.0,0.0,0.25
0.25,0.0,0.0,0.25
0.25,0.0,0.0,0.25
0.25,0.0,0.0,0.25
0.25,0.0,0.0,0.25
0.25,0.0,0.0,0.25
0.25,0.0,0.0,0.25
0.25,0.0,0.0,0.25
0.25,0.0,0.0,0.25
0.25,0.0,0.0,0.25
0.25,0.0,0.0,0.25
0.25,0.0,0.0,0.25
0.25,0.0,0.0,0.25
0.25,0.0,0.0,0.25
0.25,0.0,0.0,0.25
0.25,0.0,0.0,0.25
0.25,0.0,0.0,0.25
0.25,0.0,0.0,0.25
0.25,0.0,0.0,0.25
0.25,0.0,0.0,0.25
0.25,0.0,0.0,0.25
0.25,0.0,0.0,0.25
0.25,0.0,0.0,0.25
0.25,0.0,0.0,0.25
0.25,0.0,0.0,0.25
0.25,0.0,0.0,0.25
0.25,0.0,0.0,0.25
0.25,0.0,0.0,0.25
0.25,0.0,0.0,0.25
0.25,0.0,0.0,0.25
0.25,0.0,0.0,0.25
0.25,0.0,0.0,0.25
0.25,0.0,0.0,0.25
0.25,0.0,0.0,0.25
0.25,0.0,0.0,0.25
0.25,0.0,0.0,0.25
0.25,0.0,0.0,0.25
0.25,0.0,0.0,0.25
0.25,0.0,0.0,0.25
0.25,0.0,0.0,0.25
0.25,0.0,0.0,0.25
0.25,0.0,0.0,0.25
0.25,0.0,0.0,0.25
0.25,0.0,0.0,0.25
0.25,0.0,0.0,0.25
0.25,0.0,0.0,0.25
0.25,0.0,0.0,0.25
0.25,0.0,0.0,0.25
0.25,0.0,0.0,0.25
0.25,0.0,0.0,0.25
0.25,0.0,0.0,0.25
0.25,0.0,0.0,0.25
0.25,0.0,0.0,0.25
0.25,0.0,0.0,0.25
0.25,0.0,0.0,0.25
0.25,0.0,0.0,0.25
0.25,0.0,0.0,0.25
0.25,0.0,0.0,0.25
0.25,0.0,0.0,0.25
0.25,0.0,0.0,0.25
0.25,0.0,0.0,0.25
0.25,0.0,0.0,0.25
0.25,0.0,0.0,0.25
0.25,0.0,0.0,0.25
0.25,0.0,0.0,0.25
0.25,0.0,0.0,0.25
0.25,0.0,0.0,0.25
0.25,0.0,0.0,0.25
0.25,0.0,0.0,0.25
0.25,0.0,0.0,0.25
0.25,0.0,0.0,0.25
0.25,0.0,0.0,0.25
0.25,0.0,0.0,0.25
0.25,0.0,0.0,0.25
0.25,0.0,0.0,0.25
0.25,0.0,0.0,0.25
0.25,0.0,0.0,0.25
0.25,0.0,0.0,0.25
0.25,0.0,0.0,0.25
0.25,0.0,0.0,0.25
0.25,0.0,0.0,0.25
0.25,0.0,0.0,0.25
0.25,0.0,0.0,0.25
0.25,0.0,0.0,0.25
0.25,0.0,0.0,0.25
0.25,0.0,0.0,0.25
0.25,0.0,0.0,0.25
0.25,0.0,0.0,0.25
0.25,0.0,0.0,0.25
0.25,0.0,0.0,0.25
0.25,0.0,0.0,0.25
0.25,0.0,0.0,0.25
0.25,0.0,0.0,0.25
0.25,0.0,0.0,0.25
0.25,0.0,0.0,0.25
0.25,0.0,0.0,0.25
0.25,0.0,0.0,0.25
0.25,0.0,0.0,0.25
0.25,0.0,0.0,0.25
0.25,0.0,0.0,0.25
0.25,0.0,0.0,0.25
0.25,0.0,0.0,0.25
0.25,0.0,0.0,0.25
0.25,0.0,0.0,0.25
0.25,0.0,0.0,0.25
0.25,0.0,0.0,0.25
0.25,0.0,0.0,0.25
0.25,0.0,0.0,0.25
0.25,0.0,0.0,0.25
0.25,0.0,0.0,0.25
0.25,0.0,0.0,0.25
0.25,0.0,0.0,0.25
0.25,0.0,0.0,0.25
0.25,0.0,0.0,0.25
0.25,0.0,0.0,0.25
0.25,0.0,0.0,0.25
0.25,0.0,0.0,0.25
0.25,0.0,0.0,0.25
0.25,0.0,0.0,0.25
0.25,0.0,0.0,0.25
0.25,0.0,0.0,0.25
0.25,0.0,0.0,0.25
0.25,0.0,0.0,0.25
0.25,0.0,0.0,0.25
0.25,0.0,0.0,0.25
0.25,0.0,0.0,0.25
0.25,0.0,0.0,0.25
0.25,0.0,0.0,0.25
0.25,0.0,0.0,0.25
0.25,0.0,0.0,0.25
0.25,0.0,0.0,0.25
0.25,0.0,0.0,0.25
0.25,0.0,0.0,0.25
0.25,0.0,0.0,0.25
0.25,0.0,0.0,0.25
0.25,0.0,0.0,0.25
0.25,0.0,0.0,0.25
0.25,0.0,0.0,0.25
0.25,0.0,0.0,0.25
0.25,0.0,0.0,0.25
0.25,0.0,0.0,0.25
0.25,0.0,0.0,0.25
0.25,0.0,0.0,0.25
0.25,0.0,0.0,0.25
0.25,0.0,0.0,0.25
0.25,0.0,0.0,0.25
0.25,0.0,0.0,0.25
0.25,0.0,0.0,0.25
0.25,0.0,0.0,0.25
0.25,0.0,0.0,0.25
0.25,0.0,0.0,0.25
0.25,0.0,0.0,0.25
0.25,0.0,0.0,0.25
0.25,0.0,0.0,0.25
0.25,0.0,0.0,0.25
0.25,0.0,0.0,0.25
0.25,0.0,0.0,0.25
0.25,0.0,0.0,0.25
0.25,0.0,0.0,0.25
0.25,0.0,0.0,0.25
0.25,0.0,0.0,0.25
0.25,0.0,0.0,0.25
0.25,0.0,0.0,0.25
0.25,0.0,0.0,0.25
0.25,0.0,0.0,0.25
0.25,0.0,0.0,0.25
0.25,0.0,0.0,0.25
0.25,0.0,0.0,0.25
0.25,0.0,0.0,0.25
0.25,0.0,0.0,0.25
0.25,0.0,0.0,0.25
0.25,0.0,0.0,0.25
0.25,0.0,0.0,0.25
0.25,0.0,0.0,0.25
0.25,0.0,0.0,0.25
0.25,0.0,0.0,0.25
0.25,0.0,0.0,0.25
0.25,0.0,0.0,0.25
0.25,0.0,0.0,0.25
0.25,0.0,0.0,0.25
0.25,0.0,0.0,0.25
0.25,0.0,0.0,0.25
0.25,0.0,0.0,0.25
0.25,0.0,0.0,0.25
0.25,0.0,0.0,0.25
0.25,0.0,0.0,0.25
0.25,0.0,0.0,0.25
0.25,0.0,0.0,0.25
0.25,0.0,0.0,0.25
0.25,0.0,0.0,0.25
0.25,0.0,0.0,0.25
0.25,0.0,0.0,0.25
0.25,0.0,0.0,0.25
0.25,0.0,0.0,0.25
0.25,0.0,0.0,0.25
0.25,0.0,0.0,0.25
0.25,0.0,0.0,0.25
0.25,0.0,0.0,0.25
0.25,0.0,0.0,0.25
0.25,0.0,0.0,0.25
0.25,0.0,0.0,0.25
0.25,0.0,0.0,0.25
0.25,0.0,0.0,0.25
0.25,0.0,0.0,0.25
0.25,0.0,0.0,0.25
0.25,0.0,0.0,0.25
0.25,0.0,0.0,0.25
0.25,0.0,0.0,0.25
0.25,0.0,0.0,0.25
0.25,0.0,0.0,0.25
0.25,0.0,0.0,0.25
0.25,0.0,0.0,0.25
0.25,0.0,0.0,0.25
0.25,0.0,0.0,0.25
0.25,0.0,0.0,0.25
0.25,0.0,0.0,0.25
0.25,0.0,0.0,0.25
0.25,0.0,0.0,0.25
0.25,0.0,0.0,0.25
0.25,0.0,0.0,0.25
0.25,0.0,0.0,0.25
0.25,0.0,0.0,0.25
0.25,0.0,0.0,0.25
0.25,0.0,0.0,0.25
0.25,0.0,0.0,0.25
0.25,0.0,0.0,0.25
0.25,0.0,0.0,0.25
0.25,0.0,0.0,0.25
0.25,0.0,0.0,0.25
0.25,0.0,0.0,0.25
0.25,0.0,0.0,0.25
0.25,0.0,0.0,0.25
0.25,0.0,0.0,0.25
0.25,0.0,0.0,0.25
0.25,0.0,0.0,0.25
0.25,0.0,0.0,0.25
0.25,0.0,0.0,0.25
0.25,0.0,0.0,0.25
0.25,0.0,0.0,0.25
0.25,0.0,0.0,0.25
0.25,0.0,0.0,0.25
0.25,0.0,0.0,0.25
0.25,0.0,0.0,0.25
0.25,0.0,0.0,0.25
0.25,0.0,0.0,0.25
0.25,0.0,0.0,0.25
0.25,0.0,0.0,0.25
0.25,0.0,0.0,0.25
0.25,0.0,0.0,0.25
0.25,0.0,0.0,0.25
0.25,0.0,0.0,0.25
0.25,0.0,0.0,0.25
0.25,0.0,0.0,0.25
0.25,0.0,0.0,0.25
0.25,0.0,0.0,0.25
0.25,0.0,0.0,0.25
0.25,0.0,0.0,0.25
0.25,0.0,0.0,0.25
0.25,0.0,0.0,0.25
0.25,0.0,0.0,0.25
0.25,0.0,0.0,0.25
0.25,0.0,0.0,0.25
0.25,0.0,0.0,0.25
0.25,0.0,0.0,0.25
0.25,0.0,0.0,0.25
0.25,0.0,0.0,0.25
0.25,0.0,0.0,0.25
0.25,0.0,0.0,0.25
0.25,0.0,0.0,0.25
0.25,0.0,0.0,0.25
0.25,0.0,0.0,0.25
0.25,0.0,0.0,0.25
0.25,0.0,0.0,0.25
0.25,0.0,0.0,0.25
0.25,0.0,0.0,0.25
0.25,0.0,0.0,0.25
0.25,0.0,0.0,0.25
0.25,0.0,0.0,0.25
0.25,0.0,0.0,0.25
0.25,0.0,0.0,0.25
0.25,0.0,0.0,0.25
0.25,0.0,0.0,0.25
0.25,0.0,0.0,0.25
0.25,0.0,0.0,0.25
0.25,0.0,0.0,0.25
0.25,0.0,0.0,0.25
0.25,0.0,0.0,0.25
0.25,0.0,0.0,0.25
0.25,0.0,0.0,0.25
0.25,0.0,0.0,0.25
0.25,0.0,0.0,0.25
0.25,0.0,0.0,0.25
0.25,0.0,0.0,0.25
0.25,0.0,0.0,0.25
0.25,0.0,0.0,0.25
0.25,0.0,0.0,0.25
0.25,0.0,0.0,0.25
0.25,0.0,0.0,0.25
0.25,0.0,0.0,0.25
0.25,0.0,0.0,0.25
0.25,0.0,0.0,0.25
0.25,0.0,0.0,0.25
0.25,0.0,0.0,0.25
0.25,0.0,0.0,0.25
0.25,0.0,0.0,0.25
0.25,0.0,0.0,0.25
0.25,0.0,0.0,0.25
0.25,0.0,0.0,0.25
0.25,0.0,0.0,0.25
0.25,0.0,0.0,0.25
0.25,0.0,0.0,0.25
0.25,0.0,0.0,0.25
0.25,0.0,0.0,0.25
0.25,0.0,0.0,0.25
0.25,0.0,0.0,0.25
0.25,0.0,0.0,0.25
0.25,0.0,0.0,0.25
0.25,0.0,0.0,0.25
0.25,0.0,0.0,0.25
0.25,0.0,0.0,0.25
0.25,0.0,0.0,0.25
0.25,0.0,0.0,0.25
0.25,0.0,0.0,0.25
0.25,0.0,0.0,0.25
0.25,0.0,0.0,0.25
0.25,0.0,0.0,0.25
0.25,0.0,0.0,0.25
0.25,0.0,0.0,0.25
0.25,0.0,0.0,0.25
0.25,0.0,0.0,0.25
0.25,0.0,0.0,0.25
0.25,0.0,0.0,0.25
0.25,0.0,0.0,0.25
0.25,0.0,0.0,0.25
0.25,0.0,0.0,0.25
0.25,0.0,0.0,0.25
0.25,0.0,0.0,0.25
0.25,0.0,0.0,0.25
0.25,0.0,0.0,0.25
0.25,0.0,0.0,0.25
0.25,0.0,0.0,0.25
0.25,0.0,0.0,0.25
0.25,0.0,0.0,0.25
0.25,0.0,0.0,0.25
0.25,0.0,0.0,0.25
0.25,0.0,0.0,0.25
0.25,0.0,0.0,0.25
0.25,0.0,0.0,0.25
0.25,0.0,0.0,0.25
0.25,0.0,0.0,0.25
0.25,0.0,0.0,0.25
0.25,0.0,0.0,0.25
0.25,0.0,0.0,0.25
0.25,0.0,0.0,0.25
0.25,0.0,0.0,0.25
0.25,0.0,0.0,0.25
0.25,0.0,0.0,0.25
0.25,0.0,0.0,0.25
0.25,0.0,0.0,0.25
0.25,0.0,0.0,0.25
0.25,0.0,0.0,0.25
0.25,0.0,0.0,0.25
0.25,0.0,0.0,0.25
0.25,0.0,0.0,0.25
0.25,0.0,0.0,0.25
0.25,0.0,0.0,0.25
0.25,0.0,0.0,0.25
0.25,0.0,0.0,0.25
0.25,0.0,0.0,0.25
0.25,0.0,0.0,0.25
0.25,0.0,0.0,0.25
0.25,0.0,0.0,0.25
0.25,0.0,0.0,0.25
0.25,0.0,0.0,0.25
0.25,0.0,0.0,0.25
0.25,0.0,0.0,0.25
0.25,0.0,0.0,0.25
0.25,0.0,0.0,0.25
0.25,0.0,0.0,0.25
0.25,0.0,0.0,0.25
0.25,0.0,0.0,0.25
0.25,0.0,0.0,0.25
0.25,0.0,0.0,0.25
0.25,0.0,0.0,0.25
0.25,0.0,0.0,0.25
0.25,0.0,0.0,0.25
0.25,0.0,0.0,0.25
0.25,0.0,0.0,0.25
0.25,0.0,0.0,0.25
0.25,0.0,0.0,0.25
0.25,0.0,0.0,0.25
0.25,0.0,0.0,0.25
0.25,0.0,0.0,0.25
0.25,0.0,0.0,0.25
0.25,0.0,0.0,0.25
0.25,0.0,0.0,0.25
0.25,0.0,0.0,0.25
0.25,0.0,0.0,0.25
0.25,0.0,0.0,0.25
0.25,0.0,0.0,0.25
0.25,0.0,0.0,0.25
0.25,0.0,0.0,0.25
0.25,0.0,0.0,0.25
0.25,0.0,0.0,0.25
0.25,0.0,0.0,0.25
0.25,0.0,0.0,0.25
0.25,0.0,0.0,0.25
0.25,0.0,0.0,0.25
0.25,0.0,0.0,0.25
0.25,0.0,0.0,0.25
0.25,0.0,0.0,0.25
0.25,0.0,0.0,0.25
0.25,0.0,0.0,0.25
0.25,0.0,0.0,0.25
0.25,0.0,0.0,0.25
0.25,0.0,0.0,0.25
0.25,0.0,0.0,0.25
0.25,0.0,0.0,0.25
0.25,0.0,0.0,0.25
0.25,0.0,0.0,0.25
0.25,0.0,0.0,0.25
0.25,0.0,0.0,0.25
0.25,0.0,0.0,0.25
0.25,0.0,0.0,0.25
0.0,101.222878,0.0,0.0
0.25,0.0,0.0,0.25
0.25,0.0,0.0,0.25
0.25,0.0,0.0,0.25
0.25,0.0,0.0,0.25
0.25,0.0,0.0,0.25
0.25,0.0,0.0,0.25
0.25,0.0,0.0,0.25
0.25,0.0,0.0,0.25
0.25,0.0,0.0,0.25
0.25,0.0,0.0,0.25
0.25,0.0,0.0,0.25
0.25,0.0,0.0,0.25
0.25,0.0,0.0,0.25
0.25,0.0,0.0,0.25
0.25,0.0,0.0,0.25
0.25,0.0,0.0,0.25
0.25,0.0,0.0,0.25
0.25,0.0,0.0,0.25
0.25,0.0,0.0,0.25
0.25,0.0,0.0,0.25
0.25,0.0,0.0,0.25
0.25,0.0,0.0,0.25
0.25,0.0,0.0,0.25
0.25,0.0,0.0,0.25
0.25,0.0,0.0,0.25
0.25,0.0,0.0,0.25
0.25,0.0,0.0,0.25
0.25,0.0,0.0,0.25
0.25,0.0,0.0,0.25
0.25,0.0,0.0,0.25
0.25,0.0,0.0,0.25
0.25,0.0,0.0,0.25
0.25,0.0,0.0,0.25
0.25,0.0,0.0,0.25
0.25,0.0,0.0,0.25
0.25,0.0,0.0,0.25
0.25,0.0,0.0,0.25
0.25,0.0,0.0,0.25
0.25,0.0,0.0,0.25
0.25,0.0,0.0,0.25
0.25,0.0,0.0,0.25
0.25,0.0,0.0,0.25
0.25,0.0,0.0,0.25
0.25,0.0,0.0,0.25
0.25,0.0,0.0,0.25
0.25,0.0,0.0,0.25
0.25,0.0,0.0,0.25
0.25,0.0,0.0,0.25
0.25,0.0,0.0,0.25
0.25,0.0,0.0,0.25
0.25,0.0,0.0,0.25
0.25,0.0,0.0,0.25
0.25,0.0,0.0,0.25
0.25,0.0,0.0,0.25
0.25,0.0,0.0,0.25
0.25,0.0,0.0,0.25
0.25,0.0,0.0,0.25
0.25,0.0,0.0,0.25
0.25,0.0,0.0,0.25
0.25,0.0,0.0,0.25
0.25,0.0,0.0,0.25
0.25,0.0,0.0,0.25
0.25,0.0,0.0,0.25
0.25,0.0,0.0,0.25
0.25,0.0,0.0,0.25
0.25,0.0,0.0,0.25
0.25,0.0,0.0,0.25
0.25,0.0,0.0,0.25
0.25,0.0,0.0,0.25
0.25,0.0,0.0,0.25
0.25,0.0,0.0,0.25
0.25,0.0,0.0,0.25
0.25,0.0,0.0,0.25
0.25,0.0,0.0,0.25
0.25,0.0,0.0,0.25
0.25,0.0,0.0,0.25
0.25,0.0,0.0,0.25
0.25,0.0,0.0,0.25
0.25,0.0,0.0,0.25
0.25,0.0,0.0,0.25
0.25,0.0,0.0,0.25
0.25,0.0,0.0,0.25
0.25,0.0,0.0,0.25
0.25,0.0,0.0,0.25
0.25,0.0,0.0,0.25
0.25,0.0,0.0,0.25
0.25,0.0,0.0,0.25
0.25,0.0,0.0,0.25
0.25,0.0,0.0,0.25
0.25,0.0,0.0,0.25
0.25,0.0,0.0,0.25
0.25,0.0,0.0,0.25
0.25,0.0,0.0,0.25
0.25,0.0,0.0,0.25
0.25,0.0,0.0,0.25
0.25,0.0,0.0,0.25
0.25,0.0,0.0,0.25
0.25,0.0,0.0,0.25
0.25,0.0,0.0,0.25
0.25,0.0,0.0,0.25
0.25,0.0,0.0,0.25
0.25,0.0,0.0,0.25
0.25,0.0,0.0,0.25
0.25,0.0,0.0,0.25
0.25,0.0,0.0,0.25
0.25,0.0,0.0,0.25
0.25,0.0,0.0,0.25
0.25,0.0,0.0,0.25
0.25,0.0,0.0,0.25
0.25,0.0,0.0,0.25
0.25,0.0,0.0,0.25
0.25,0.0,0.0,0.25
0.25,0.0,0.0,0.25
0.25,0.0,0.0,0.25
0.25,0.0,0.0,0.25
0.25,0.0,0.0,0.25
0.25,0.0,0.0,0.25
0.25,0.0,0.0,0.25
0.25,0.0,0.0,0.25
0.25,0.0,0.0,0.25
0.25,0.0,0.0,0.25
0.25,0.0,0.0,0.25
0.25,0.0,0.0,0.25
0.25,0.0,0.0,0.25
0.25,0.0,0.0,0.25
0.25,0.0,0.0,0.25
0.25,0.0,0.0,0.25
0.25,0.0,0.0,0.25
0.25,0.0,0.0,0.25
0.25,0.0,0.0,0.25
0.25,0.0,0.0,0.25
0.25,0.0,0.0,0.25
0.25,0.0,0.0,0.25
0.25,0.0,0.0,0.25
0.25,0.0,0.0,0.25
0.25,0.0,0.0,0.25
0.25,0.0,0.0,0.25
0.25,0.0,0.0,0.25
0.25,0.0,0.0,0.25
0.25,0.0,0.0,0.25
0.25,0.0,0.0,0.25
0.25,0.0,0.0,0.25
0.25,0.0,0.0,0.25
0.25,0.0,0.0,0.25
0.25,0.0,0.0,0.25
0.25,0.0,0.0,0.25
0.25,0.0,0.0,0.25
0.25,0.0,0.0,0.25
0.25,0.0,0.0,0.25
0.25,0.0,0.0,0.25
0.25,0.0,0.0,0.25
0.25,0.0,0.0,0.25
0.25,0.0,0.0,0.25
0.25,0.0,0.0,0.25
0.25,0.0,0.0,0.25
0.25,0.0,0.0,0.25
0.25,0.0,0.0,0.25
0.25,0.0,0.0,0.25
0.25,0.0,0.0,0.25
0.25,0.0,0.0,0.25
0.25,0.0,0.0,0.25
0.25,0.0,0.0,0.25
0.25,0.0,0.0,0.25
0.25,0.0,0.0,0.25
0.25,0.0,0.0,0.25
0.25,0.0,0.0,0.25
0.25,0.0,0.0,0.25
0.25,0.0,0.0,0.25
0.25,0.0,0.0,0.25
0.25,0.0,0.0,0.25
0.25,0.0,0.0,0.25
0.25,0.0,0.0,0.25
0.25,0.0,0.0,0.25
0.25,0.0,0.0,0.25
0.25,0.0,0.0,0.25
0.25,0.0,0.0,0.25
0.25,0.0,0.0,0.25
0.25,0.0,0.0,0.25
0.25,0.0,0.0,0.25
0.25,0.0,0.0,0.25
0.25,0.0,0.0,0.25
0.25,0.0,0.0,0.25
0.25,0.0,0.0,0.25
0.25,0.0,0.0,0.25
0.25,0.0,0.0,0.25
0.25,0.0,0.0,0.25
0.25,0.0,0.0,0.25
0.25,0.0,0.0,0.25
0.25,0.0,0.0,0.25
0.25,0.0,0.0,0.25
0.25,0.0,0.0,0.25
0.25,0.0,0.0,0.25
0.25,0.0,0.0,0.25
0.25,0.0,0.0,0.25
0.25,0.0,0.0,0.25
0.25,0.0,0.0,0.25
0.25,0.0,0.0,0.25
0.25,0.0,0.0,0.25
0.25,0.0,0.0,0.25
0.25,0.0,0.0,0.25
0.25,0.0,0.0,0.25
0.25,0.0,0.0,0.25
0.25,0.0,0.0,0.25
0.25,0.0,0.0,0.25
0.25,0.0,0.0,0.25
0.25,0.0,0.0,0.25
0.25,0.0,0.0,0.25
0.25,0.0,0.0,0.25
0.25,0.0,0.0,0.25
0.25,0.0,0.0,0.25
0.25,0.0,0.0,0.25
0.25,0.0,0.0,0.25
0.25,0.0,0.0,0.25
0.25,0.0,0.0,0.25
0.25,0.0,0.0,0.25
0.25,0.0,0.0,0.25
0.25,0.0,0.0,0.25
0.25,0.0,0.0,0.25
0.25,0.0,0.0,0.25
0.25,0.0,0.0,0.25
0.25,0.0,0.0,0.25
0.25,0.0,0.0,0.25
0.25,0.0,0.0,0.25
0.25,0.0,0.0,0.25
0.25,0.0,0.0,0.25
0.25,0.0,0.0,0.25
0.25,0.0,0.0,0.25
0.25,0.0,0.0,0.25
0.25,0.0,0.0,0.25
0.25,0.0,0.0,0.25
0.25,0.0,0.0,0.25
0.25,0.0,0.0,0.25
0.25,0.0,0.0,0.25
0.25,0.0,0.0,0.25
0.25,0.0,0.0,0.25
0.25,0.0,0.0,0.25
0.25,0.0,0.0,0.25
0.25,0.0,0.0,0.25
0.25,0.0,0.0,0.25
0.25,0.0,0.0,0.25
0.25,0.0,0.0,0.25
0.25,0.0,0.0,0.25
0.25,0.0,0.0,0.25
0.25,0.0,0.0,0.25
0.25,0.0,0.0,0.25
0.25,0.0,0.0,0.25
0.25,0.0,0.0,0.25
0.25,0.0,0.0,0.25
0.25,0.0,0.0,0.25
0.25,0.0,0.0,0.25
0.25,0.0,0.0,0.25
0.25,0.0,0.0,0.25
0.25,0.0,0.0,0.25
0.25,0.0,0.0,0.25
0.25,0.0,0.0,0.25
0.25,0.0,0.0,0.25
0.25,0.0,0.0,0.25
0.25,0.0,0.0,0.25
0.25,0.0,0.0,0.25
0.25,0.0,0.0,0.25
0.25,0.0,0.0,0.25
0.25,0.0,0.0,0.25
0.25,0.0,0.0,0.25
0.25,0.0,0.0,0.25
0.25,0.0,0.0,0.25
0.25,0.0,0.0,0.25
0.25,0.0,0.0,0.25
0.25,0.0,0.0,0.25
0.25,0.0,0.0,0.25
0.25,0.0,0.0,0.25
0.25,0.0,0.0,0.25
0.25,0.0,0.0,0.25
0.25,0.0,0.0,0.25
0.25,0.0,0.0,0.25
0.25,0.0,0.0,0.25
0.25,0.0,0.0,0.25
0.25,0.0,0.0,0.25
0.25,0.0,0.0,0.25
0.25,0.0,0.0,0.25
0.25,0.0,0.0,0.25
0.25,0.0,0.0,0.25
0.25,0.0,0.0,0.25
0.25,0.0,0.0,0.25
0.25,0.0,0.0,0.25
0.25,0.0,0.0,0.25
0.25,0.0,0.0,0.25
0.25,0.0,0.0,0.25
0.25,0.0,0.0,0.25
0.25,0.0,0.0,0.25
0.25,0.0,0.0,0.25
0.25,0.0,0.0,0.25
0.25,0.0,0.0,0.25
0.25,0.0,0.0,0.25
0.25,0.0,0.0,0.25
0.25,0.0,0.0,0.25
0.25,0.0,0.0,0.25
0.25,0.0,0.0,0.25
0.25,0.0,0.0,0.25
0.25,0.0,0.0,0.25
0.25,0.0,0.0,0.25
0.25,0.0,0.0,0.25
0.25,0.0,0.0,0.25
0.25,0.0,0.0,0.25
0.25,0.0,0.0,0.25
0.25,0.0,0.0,0.25
0.25,0.0,0.0,0.25
0.25,0.0,0.0,0.25
0.25,0.0,0.0,0.25
0.25,0.0,0.0,0.25
0.25,0.0,0.0,0.25
0.25,0.0,0.0,0.25
0.25,0.0,0.0,0.25
0.25,0.0,0.0,0.25
0.25,0.0,0.0,0.25
0.25,0.0,0.0,0.25
0.25,0.0,0.0,0.25
0.25,0.0,0.0,0.25
0.25,0.0,0.0,0.25
0.25,0.0,0.0,0.25
0.25,0.0,0.0,0.25
0.25,0.0,0.0,0.25
0.25,0.0,0.0,0.25
0.25,0.0,0.0,0.25
0.25,0.0,0.0,0.25
0.25,0.0,0.0,0.25
0.25,0.0,0.0,0.25
0.25,0.0,0.0,0.25
0.25,0.0,0.0,0.25
0.25,0.0,0.0,0.25
0.25,0.0,0.0,0.25
0.25,0.0,0.0,0.25
0.25,0.0,0.0,0.25
0.25,0.0,0.0,0.25
0.25,0.0,0.0,0.25
0.25,0.0,0.0,0.25
0.25,0.0,0.0,0.25
0.25,0.0,0.0,0.25
0.25,0.0,0.0,0.25
0.25,0.0,0.0,0.25
0.25,0.0,0.0,0.25
0.25,0.0,0.0,0.25
0.25,0.0,0.0,0.25
0.25,0.0,0.0,0.25
0.25,0.0,0.0,0.25
0.25,0.0,0.0,0.25
0.25,0.0,0.0,0.25
0.25,0.0,0.0,0.25
0.25,0.0,0.0,0.25
0.25,0.0,0.0,0.25
0.25,0.0,0.0,0.25
0.25,0.0,0.0,0.25
0.25,0.0,0.0,0.25
0.25,0.0,0.0,0.25
0.25,0.0,0.0,0.25
0.25,0.0,0.0,0.25
0.25,0.0,0.0,0.25
0.25,0.0,0.0,0.25
0.25,0.0,0.0,0.25
0.25,0.0,0.0,0.25
0.25,0.0,0.0,0.25
0.25,0.0,0.0,0.25
0.25,0.0,0.0,0.25
0.25,0.0,0.0,0.25
0.25,0.0,0.0,0.25
0.25,0.0,0.0,0.25
0.25,0.0,0.0,0.25
0.25,0.0,0.0,0.25
0.25,0.0,0.0,0.25
0.25,0.0,0.0,0.25
0.25,0.0,0.0,0.25
0.25,0.0,0.0,0.25
0.25,0.0,0.0,0.25
0.25,0.0,0.0,0.25
0.25,0.0,0.0,0.25
0.25,0.0,0.0,0.25
0.25,0.0,0.0,0.25
0.25,0.0,0.0,0.25
0.25,0.0,0.0,0.25
0.25,0.0,0.0,0.25
0.25,0.0,0.0,0.25
0.25,0.0,0.0,0.25
0.25,0.0,0.0,0.25
0.25,0.0,0.0,0.25
0.25,0.0,0.0,0.25
0.25,0.0,0.0,0.25
0.25,0.0,0.0,0.25
0.25,0.0,0.0,0.25
0.25,0.0,0.0,0.25
0.25,0.0,0.0,0.25
0.25,0.0,0.0,0.25
0.25,0.0,0.0,0.25
0.25,0.0,0.0,0.25
0.25,0.0,0.0,0.25
0.25,0.0,0.0,0.25
0.25,0.0,0.0,0.25
0.25,0.0,0.0,0.25
0.25,0.0,0.0,0.25
0.25,0.0,0.0,0.25
0.25,0.0,0.0,0.25
0.25,0.0,0.0,0.25
0.25,0.0,0.0,0.25
0.25,0.0,0.0,0.25
0.25,0.0,0.0,0.25
0.25,0.0,0.0,0.25
0.25,0.0,0.0,0.25
0.25,0.0,0.0,0.25
0.25,0.0,0.0,0.25
0.25,0.0,0.0,0.25
0.25,0.0,0.0,0.25
0.25,0.0,0.0,0.25
0.25,0.0,0.0,0.25
0.25,0.0,0.0,0.25
0.25,0.0,0.0,0.25
0.25,0.0,0.0,0.25
0.25,0.0,0.0,0.25
0.25,0.0,0.0,0.25
0.25,0.0,0.0,0.25
0.25,0.0,0.0,0.25
0.25,0.0,0.0,0.25
0.25,0.0,0.0,0.25
0.25,0.0,0.0,0.25
0.25,0.0,0.0,0.25
0.25,0.0,0.0,0.25
0.25,0.0,0.0,0.25
0.25,0.0,0.0,0.25
0.25,0.0,0.0,0.25
0.25,0.0,0.0,0.25
0.25,0.0,0.0,0.25
0.25,0.0,0.0,0.25
0.25,0.0,0.0,0.25
0.25,0.0,0.0,0.25
0.25,0.0,0.0,0.25
0.25,0.0,0.0,0.25
0.25,0.0,0.0,0.25
0.25,0.0,0.0,0.25
0.25,0.0,0.0,0.25
0.25,0.0,0.0,0.25
0.25,0.0,0.0,0.25
0.25,0.0,0.0,0.25
0.25,0.0,0.0,0.25
0.25,0.0,0.0,0.25
0.25,0.0,0.0,0.25
0.25,0.0,0.0,0.25
0.25,0.0,0.0,0.25
0.25,0.0,0.0,0.25
0.25,0.0,0.0,0.25
0.25,0.0,0.0,0.25
0.25,0.0,0.0,0.25
0.25,0.0,0.0,0.25
0.25,0.0,0.0,0.25
0.25,0.0,0.0,0.25
0.25,0.0,0.0,0.25
0.25,0.0,0.0,0.25
0.25,0.0,0.0,0.25
0.25,0.0,0.0,0.25
0.25,0.0,0.0,0.25
0.25,0.0,0.0,0.25
0.25,0.0,0.0,0.25
0.25,0.0,0.0,0.25
0.25,0.0,0.0,0.25
0.25,0.0,0.0,0.25
0.25,0.0,0.0,0.25
0.25,0.0,0.0,0.25
0.25,0.0,0.0,0.25
0.25,0.0,0.0,0.25
0.25,0.0,0.0,0.25
0.25,0.0,0.0,0.25
0.25,0.0,0.0,0.25
0.25,0.0,0.0,0.25
0.25,0.0,0.0,0.25
0.25,0.0,0.0,0.25
0.25,0.0,0.0,0.25
0.25,0.0,0.0,0.25
0.25,0.0,0.0,0.25
0.25,0.0,0.0,0.25
0.25,0.0,0.0,0.25
0.25,0.0,0.0,0.25
0.25,0.0,0.0,0.25
0.25,0.0,0.0,0.25
0.25,0.0,0.0,0.25
0.25,0.0,0.0,0.25
0.25,0.0,0.0,0.25
0.25,0.0,0.0,0.25
0.25,0.0,0.0,0.25
0.25,0.0,0.0,0.25
0.25,0.0,0.0,0.25
0.25,0.0,0.0,0.25
0.25,0.0,0.0,0.25
0.25,0.0,0.0,0.25
0.25,0.0,0.0,0.25
0.25,0.0,0.0,0.25
0.25,0.0,0.0,0.25
0.25,0.0,0.0,0.25
0.25,0.0,0.0,0.25
0.25,0.0,0.0,0.25
0.25,0.0,0.0,0.25
0.25,0.0,0.0,0.25
0.25,0.0,0.0,0.25
0.25,0.0,0.0,0.25
0.25,0.0,0.0,0.25
0.0,102.109033,0.0,0.0
0.25,0.0,0.0,0.25
0.25,0.0,0.0,0.25
0.25,0.0,0.0,0.25
0.25,0.0,0.0,0.25
0.25,0.0,0.0,0.25
0.25,0.0,0.0,0.25
0.25,0.0,0.0,0.25
0.25,0.0,0.0,0.25
0.25,0.0,0.0,0.25
0.25,0.0,0.0,0.25
0.25,0.0,0.0,0.25
0.25,0.0,0.0,0.25
0.25,0.0,0.0,0.25
0.25,0.0,0.0,0.25
0.25,0.0,0.0,0.25
0.25,0.0,0.0,0.25
0.25,0.0,0.0,0.25
0.25,0.0,0.0,0.25
0.25,0.0,0.0,0.25
0.25,0.0,0.0,0.25
0.25,0.0,0.0,0.25
0.25,0.0,0.0,0.25
0.25,0.0,0.0,0.25
0.25,0.0,0.0,0.25
0.25,0.0,0.0,0.25
0.25,0.0,0.0,0.25
0.25,0.0,0.0,0.25
0.25,0.0,0.0,0.25
0.25,0.0,0.0,0.25
0.25,0.0,0.0,0.25
0.25,0.0,0.0,0.25
0.25,0.0,0.0,0.25
0.25,0.0,0.0,0.25
0.25,0.0,0.0,0.25
0.25,0.0,0.0,0.25
0.25,0.0,0.0,0.25
0.25,0.0,0.0,0.25
0.25,0.0,0.0,0.25
0.25,0.0,0.0,0.25
0.25,0.0,0.0,0.25
0.25,0.0,0.0,0.25
0.25,0.0,0.0,0.25
0.25,0.0,0.0,0.25
0.25,0.0,0.0,0.25
0.25,0.0,0.0,0.25
0.25,0.0,0.0,0.25
0.25,0.0,0.0,0.25
0.25,0.0,0.0,0.25
0.25,0.0,0.0,0.25
0.25,0.0,0.0,0.25
0.25,0.0,0.0,0.25
0.25,0.0,0.0,0.25
0.25,0.0,0.0,0.25
0.25,0.0,0.0,0.25
0.25,0.0,0.0,0.25
0.25,0.0,0.0,0.25
0.25,0.0,0.0,0.25
0.25,0.0,0.0,0.25
0.25,0.0,0.0,0.25
0.25,0.0,0.0,0.25
0.25,0.0,0.0,0.25
0.25,0.0,0.0,0.25
0.25,0.0,0.0,0.25
0.25,0.0,0.0,0.25
0.25,0.0,0.0,0.25
0.25,0.0,0.0,0.25
0.25,0.0,0.0,0.25
0.25,0.0,0.0,0.25
0.25,0.0,0.0,0.25
0.25,0.0,0.0,0.25
0.25,0.0,0.0,0.25
0.25,0.0,0.0,0.25
0.25,0.0,0.0,0.25
0.25,0.0,0.0,0.25
0.25,0.0,0.0,0.25
0.25,0.0,0.0,0.25
0.25,0.0,0.0,0.25
0.25,0.0,0.0,0.25
0.25,0.0,0.0,0.25
0.25,0.0,0.0,0.25
0.25,0.0,0.0,0.25
0.25,0.0,0.0,0.25
0.25,0.0,0.0,0.25
0.25,0.0,0.0,0.25
0.25,0.0,0.0,0.25
0.25,0.0,0.0,0.25
0.25,0.0,0.0,0.25
0.25,0.0,0.0,0.25
0.25,0.0,0.0,0.25
0.25,0.0,0.0,0.25
0.25,0.0,0.0,0.25
0.25,0.0,0.0,0.25
0.25,0.0,0.0,0.25
0.25,0.0,0.0,0.25
0.25,0.0,0.0,0.25
0.25,0.0,0.0,0.25
0.25,0.0,0.0,0.25
0.25,0.0,0.0,0.25
0.25,0.0,0.0,0.25
0.25,0.0,0.0,0.25
0.25,0.0,0.0,0.25
0.25,0.0,0.0,0.25
0.25,0.0,0.0,0.25
0.25,0.0,0.0,0.25
0.25,0.0,0.0,0.25
0.25,0.0,0.0,0.25
0.25,0.0,0.0,0.25
0.25,0.0,0.0,0.25
0.25,0.0,0.0,0.25
0.25,0.0,0.0,0.25
0.25,0.0,0.0,0.25
0.25,0.0,0.0,0.25
0.25,0.0,0.0,0.25
0.25,0.0,0.0,0.25
0.25,0.0,0.0,0.25
0.25,0.0,0.0,0.25
0.25,0.0,0.0,0.25
0.25,0.0,0.0,0.25
0.25,0.0,0.0,0.25
0.25,0.0,0.0,0.25
0.25,0.0,0.0,0.25
0.25,0.0,0.0,0.25
0.25,0.0,0.0,0.25
0.25,0.0,0.0,0.25
0.25,0.0,0.0,0.25
0.25,0.0,0.0,0.25
0.25,0.0,0.0,0.25
0.25,0.0,0.0,0.25
0.25,0.0,0.0,0.25
0.25,0.0,0.0,0.25
0.25,0.0,0.0,0.25
0.25,0.0,0.0,0.25
0.25,0.0,0.0,0.25
0.25,0.0,0.0,0.25
0.25,0.0,0.0,0.25
0.25,0.0,0.0,0.25
0.25,0.0,0.0,0.25
0.25,0.0,0.0,0.25
0.25,0.0,0.0,0.25
0.25,0.0,0.0,0.25
0.25,0.0,0.0,0.25
0.25,0.0,0.0,0.25
0.25,0.0,0.0,0.25
0.25,0.0,0.0,0.25
0.25,0.0,0.0,0.25
0.25,0.0,0.0,0.25
0.25,0.0,0.0,0.25
0.25,0.0,0.0,0.25
0.25,0.0,0.0,0.25
0.25,0.0,0.0,0.25
0.25,0.0,0.0,0.25
0.25,0.0,0.0,0.25
0.25,0.0,0.0,0.25
0.25,0.0,0.0,0.25
0.25,0.0,0.0,0.25
0.25,0.0,0.0,0.25
0.25,0.0,0.0,0.25
0.25,0.0,0.0,0.25
0.25,0.0,0.0,0.25
0.25,0.0,0.0,0.25
0.25,0.0,0.0,0.25
0.25,0.0,0.0,0.25
0.25,0.0,0.0,0.25
0.25,0.0,0.0,0.25
0.25,0.0,0.0,0.25
0.25,0.0,0.0,0.25
0.25,0.0,0.0,0.25
0.25,0.0,0.0,0.25
0.25,0.0,0.0,0.25
0.25,0.0,0.0,0.25
0.25,0.0,0.0,0.25
0.25,0.0,0.0,0.25
0.25,0.0,0.0,0.25
0.25,0.0,0.0,0.25
0.25,0.0,0.0,0.25
0.25,0.0,0.0,0.25
0.25,0.0,0.0,0.25
0.25,0.0,0.0,0.25
0.25,0.0,0.0,0.25
0.25,0.0,0.0,0.25
0.25,0.0,0.0,0.25
0.25,0.0,0.0,0.25
0.25,0.0,0.0,0.25
0.25,0.0,0.0,0.25
0.25,0.0,0.0,0.25
0.25,0.0,0.0,0.25
0.25,0.0,0.0,0.25
0.25,0.0,0.0,0.25
0.25,0.0,0.0,0.25
0.25,0.0,0.0,0.25
0.25,0.0,0.0,0.25
0.25,0.0,0.0,0.25
0.25,0.0,0.0,0.25
0.25,0.0,0.0,0.25
0.25,0.0,0.0,0.25
0.25,0.0,0.0,0.25
0.25,0.0,0.0,0.25
0.25,0.0,0.0,0.25
0.25,0.0,0.0,0.25
0.25,0.0,0.0,0.25
0.25,0.0,0.0,0.25
0.25,0.0,0.0,0.25
0.25,0.0,0.0,0.25
0.25,0.0,0.0,0.25
0.25,0.0,0.0,0.25
0.25,0.0,0.0,0.25
0.25,0.0,0.0,0.25
0.25,0.0,0.0,0.25
0.25,0.0,0.0,0.25
0.25,0.0,0.0,0.25
0.25,0.0,0.0,0.25
0.25,0.0,0.0,0.25
0.25,0.0,0.0,0.25
0.25,0.0,0.0,0.25
0.25,0.0,0.0,0.25
0.25,0.0,0.0,0.25
0.25,0.0,0.0,0.25
0.25,0.0,0.0,0.25
0.25,0.0,0.0,0.25
0.25,0.0,0.0,0.25
0.25,0.0,0.0,0.25
0.25,0.0,0.0,0.25
0.25,0.0,0.0,0.25
0.25,0.0,0.0,0.25
0.25,0.0,0.0,0.25
0.25,0.0,0.0,0.25
0.25,0.0,0.0,0.25
0.25,0.0,0.0,0.25
0.25,0.0,0.0,0.25
0.25,0.0,0.0,0.25
0.25,0.0,0.0,0.25
0.25,0.0,0.0,0.25
0.25,0.0,0.0,0.25
0.25,0.0,0.0,0.25
0.25,0.0,0.0,0.25
0.25,0.0,0.0,0.25
0.25,0.0,0.0,0.25
0.25,0.0,0.0,0.25
0.25,0.0,0.0,0.25
0.25,0.0,0.0,0.25
0.25,0.0,0.0,0.25
0.25,0.0,0.0,0.25
0.25,0.0,0.0,0.25
0.25,0.0,0.0,0.25
0.25,0.0,0.0,0.25
0.25,0.0,0.0,0.25
0.25,0.0,0.0,0.25
0.25,0.0,0.0,0.25
0.25,0.0,0.0,0.25
0.25,0.0,0.0,0.25
0.25,0.0,0.0,0.25
0.25,0.0,0.0,0.25
0.25,0.0,0.0,0.25
0.25,0.0,0.0,0.25
0.25,0.0,0.0,0.25
0.25,0.0,0.0,0.25
0.25,0.0,0.0,0.25
0.25,0.0,0.0,0.25
0.25,0.0,0.0,0.25
0.25,0.0,0.0,0.25
0.25,0.0,0.0,0.25
0.25,0.0,0.0,0.25
0.25,0.0,0.0,0.25
0.25,0.0,0.0,0.25
0.25,0.0,0.0,0.25
0.25,0.0,0.0,0.25
0.25,0.0,0.0,0.25
0.25,0.0,0.0,0.25
0.25,0.0,0.0,0.25
0.25,0.0,0.0,0.25
0.25,0.0,0.0,0.25
0.25,0.0,0.0,0.25
0.25,0.0,0.0,0.25
0.25,0.0,0.0,0.25
0.25,0.0,0.0,0.25
0.25,0.0,0.0,0.25
0.25,0.0,0.0,0.25
0.25,0.0,0.0,0.25
0.25,0.0,0.0,0.25
0.25,0.0,0.0,0.25
0.25,0.0,0.0,0.25
0.25,0.0,0.0,0.25
0.25,0.0,0.0,0.25
0.25,0.0,0.0,0.25
0.25,0.0,0.0,0.25
0.25,0.0,0.0,0.25
0.25,0.0,0.0,0.25
0.25,0.0,0.0,0.25
0.25,0.0,0.0,0.25
0.25,0.0,0.0,0.25
0.25,0.0,0.0,0.25
0.25,0.0,0.0,0.25
0.25,0.0,0.0,0.25
0.25,0.0,0.0,0.25
0.25,0.0,0.0,0.25
0.25,0.0,0.0,0.25
0.25,0.0,0.0,0.25
0.25,0.0,0.0,0.25
0.25,0.0,0.0,0.25
0.25,0.0,0.0,0.25
0.25,0.0,0.0,0.25
0.25,0.0,0.0,0.25
0.25,0.0,0.0,0.25
0.25,0.0,0.0,0.25
0.25,0.0,0.0,0.25
0.25,0.0,0.0,0.25
0.25,0.0,0.0,0.25
0.25,0.0,0.0,0.25
0.25,0.0,0.0,0.25
0.25,0.0,0.0,0.25
0.25,0.0,0.0,0.25
0.25,0.0,0.0,0.25
0.25,0.0,0.0,0.25
0.25,0.0,0.0,0.25
0.25,0.0,0.0,0.25
0.25,0.0,0.0,0.25
0.25,0.0,0.0,0.25
0.25,0.0,0.0,0.25
0.25,0.0,0.0,0.25
0.25,0.0,0.0,0.25
0.25,0.0,0.0,0.25
0.25,0.0,0.0,0.25
0.25,0.0,0.0,0.25
0.25,0.0,0.0,0.25
0.25,0.0,0.0,0.25
0.25,0.0,0.0,0.25
0.25,0.0,0.0,0.25
0.25,0.0,0.0,0.25
0.25,0.0,0.0,0.25
0.25,0.0,0.0,0.25
0.25,0.0,0.0,0.25
0.25,0.0,0.0,0.25
0.25,0.0,0.0,0.25
0.25,0.0,0.0,0.25
0.25,0.0,0.0,0.25
0.25,0.0,0.0,0.25
0.25,0.0,0.0,0.25
0.25,0.0,0.0,0.25
0.25,0.0,0.0,0.25
0.25,0.0,0.0,0.25
0.25,0.0,0.0,0.25
0.25,0.0,0.0,0.25
0.25,0.0,0.0,0.25
0.25,0.0,0.0,0.25
0.25,0.0,0.0,0.25
0.25,0.0,0.0,0.25
0.25,0.0,0.0,0.25
0.25,0.0,0.0,0.25
0.25,0.0,0.0,0.25
0.25,0.0,0.0,0.25
0.25,0.0,0.0,0.25
0.25,0.0,0.0,0.25
0.25,0.0,0.0,0.25
0.25,0.0,0.0,0.25
0.25,0.0,0.0,0.25
0.25,0.0,0.0,0.25
0.25,0.0,0.0,0.25
0.25,0.0,0.0,0.25
0.25,0.0,0.0,0.25
0.25,0.0,0.0,0.25
0.25,0.0,0.0,0.25
0.25,0.0,0.0,0.25
0.25,0.0,0.0,0.25
0.25,0.0,0.0,0.25
0.25,0.0,0.0,0.25
0.25,0.0,0.0,0.25
0.25,0.0,0.0,0.25
0.25,0.0,0.0,0.25
0.25,0.0,0.0,0.25
0.25,0.0,0.0,0.25
0.25,0.0,0.0,0.25
0.25,0.0,0.0,0.25
0.25,0.0,0.0,0.25
0.25,0.0,0.0,0.25
0.25,0.0,0.0,0.25
0.25,0.0,0.0,0.25
0.25,0.0,0.0,0.25
0.25,0.0,0.0,0.25
0.25,0.0,0.0,0.25
0.25,0.0,0.0,0.25
0.25,0.0,0.0,0.25
0.25,0.0,0.0,0.25
0.25,0.0,0.0,0.25
0.25,0.0,0.0,0.25
0.25,0.0,0.0,0.25
0.25,0.0,0.0,0.25
0.25,0.0,0.0,0.25
0.25,0.0,0.0,0.25
0.25,0.0,0.0,0.25
0.25,0.0,0.0,0.25
0.25,0.0,0.0,0.25
0.25,0.0,0.0,0.25
0.25,0.0,0.0,0.25
0.25,0.0,0.0,0.25
0.25,0.0,0.0,0.25
0.25,0.0,0.0,0.25
0.25,0.0,0.0,0.25
0.25,0.0,0.0,0.25
0.25,0.0,0.0,0.25
0.25,0.0,0.0,0.25
0.25,0.0,0.0,0.25
0.25,0.0,0.0,0.25
0.25,0.0,0.0,0.25
0.25,0.0,0.0,0.25
0.25,0.0,0.0,0.25
0.25,0.0,0.0,0.25
0.25,0.0,0.0,0.25
0.25,0.0,0.0,0.25
0.25,0.0,0.0,0.25
0.25,0.0,0.0,0.25
0.25,0.0,0.0,0.25
0.25,0.0,0.0,0.25
0.25,0.0,0.0,0.25
0.25,0.0,0.0,0.25
0.25,0.0,0.0,0.25
0.25,0.0,0.0,0.25
0.25,0.0,0.0,0.25
0.25,0.0,0.0,0.25
0.25,0.0,0.0,0.25
0.25,0.0,0.0,0.25
0.25,0.0,0.0,0.25
0.25,0.0,0.0,0.25
0.25,0.0,0.0,0.25
0.25,0.0,0.0,0.25
0.25,0.0,0.0,0.25
0.25,0.0,0.0,0.25
0.25,0.0,0.0,0.25
0.25,0.0,0.0,0.25
0.25,0.0,0.0,0.25
0.25,0.0,0.0,0.25
0.25,0.0,0.0,0.25
0.25,0.0,0.0,0.25
0.25,0.0,0.0,0.25
0.25,0.0,0.0,0.25
0.25,0.0,0.0,0.25
0.25,0.0,0.0,0.25
0.25,0.0,0.0,0.25
0.25,0.0,0.0,0.25
0.25,0.0,0.0,0.25
0.25,0.0,0.0,0.25
0.25,0.0,0.0,0.25
0.25,0.0,0.0,0.25
0.25,0.0,0.0,0.25
0.25,0.0,0.0,0.25
0.25,0.0,0.0,0.25
0.25,0.0,0.0,0.25
0.25,0.0,0.0,0.25
0.25,0.0,0.0,0.25
0.25,0.0,0.0,0.25
0.25,0.0,0.0,0.25
0.25,0.0,0.0,0.25
0.25,0.0,0.0,0.25
0.25,0.0,0.0,0.25
0.25,0.0,0.0,0.25
0.25,0.0,0.0,0.25
0.25,0.0,0.0,0.25
0.25,0.0,0.0,0.25
0.25,0.0,0.0,0.25
0.25,0.0,0.0,0.25
0.25,0.0,0.0,0.25
0.25,0.0,0.0,0.25
0.25,0.0,0.0,0.25
0.25,0.0,0.0,0.25
0.25,0.0,0.0,0.25
0.25,0.0,0.0,0.25
0.25,0.0,0.0,0.25
0.25,0.0,0.0,0.25
0.25,0.0,0.0,0.25
0.25,0.0,0.0,0.25
0.25,0.0,0.0,0.25
0.25,0.0,0.0,0.25
0.25,0.0,0.0,0.25
0.25,0.0,0.0,0.25
0.25,0.0,0.0,0.25
0.25,0.0,0.0,0.25
0.25,0.0,0.0,0.25
0.25,0.0,0.0,0.25
0.25,0.0,0.0,0.25
0.25,0.0,0.0,0.25
0.25,0.0,0.0,0.25
0.25,0.0,0.0,0.25
0.25,0.0,0.0,0.25
0.25,0.0,0.0,0.25
0.25,0.0,0.0,0.25
0.25,0.0,0.0,0.25
0.25,0.0,0.0,0.25
0.25,0.0,0.0,0.25
0.25,0.0,0.0,0.25
0.25,0.0,0.0,0.25
0.25,0.0,0.0,0.25
0.25,0.0,0.0,0.25
0.25,0.0,0.0,0.25
0.25,0.0,0.0,0.25
0.25,0.0,0.0,0.25
0.25,0.0,0.0,0.25
0.25,0.0,0.0,0.25
0.25,0.0,0.0,0.25
0.25,0.0,0.0,0.25
0.25,0.0,0.0,0.25
0.25,0.0,0.0,0.25
0.0,101.971296,0.0,0.0
0.25,0.0,0.0,0.25
0.25,0.0,0.0,0.25
0.25,0.0,0.0,0.25
0.25,0.0,0.0,0.25
0.25,0.0,0.0,0.25
0.25,0.0,0.0,0.25
0.25,0.0,0.0,0.25
0.25,0.0,0.0,0.25
0.25,0.0,0.0,0.25
0.25,0.0,0.0,0.25
0.25,0.0,0.0,0.25
0.25,0.0,0.0,0.25
0.25,0.0,0.0,0.25
0.25,0.0,0.0,0.25
0.25,0.0,0.0,0.25
0.25,0.0,0.0,0.25
0.25,0.0,0.0,0.25
0.25,0.0,0.0,0.25
0.25,0.0,0.0,0.25
0.25,0.0,0.0,0.25
0.25,0.0,0.0,0.25
0.25,0.0,0.0,0.25
0.25,0.0,0.0,0.25
0.25,0.0,0.0,0.25
0.25,0.0,0.0,0.25
0.25,0.0,0.0,0.25
0.25,0.0,0.0,0.25
0.25,0.0,0.0,0.25
0.25,0.0,0.0,0.25
0.25,0.0,0.0,0.25
0.25,0.0,0.0,0.25
0.25,0.0,0.0,0.25
0.25,0.0,0.0,0.25
0.25,0.0,0.0,0.25
0.25,0.0,0.0,0.25
0.25,0.0,0.0,0.25
0.25,0.0,0.0,0.25
0.25,0.0,0.0,0.25
0.25,0.0,0.0,0.25
0.25,0.0,0.0,0.25
0.25,0.0,0.0,0.25
0.25,0.0,0.0,0.25
0.25,0.0,0.0,0.25
0.25,0.0,0.0,0.25
0.25,0.0,0.0,0.25
0.25,0.0,0.0,0.25
0.25,0.0,0.0,0.25
0.25,0.0,0.0,0.25
0.25,0.0,0.0,0.25
0.25,0.0,0.0,0.25
0.25,0.0,0.0,0.25
0.25,0.0,0.0,0.25
0.25,0.0,0.0,0.25
0.25,0.0,0.0,0.25
0.25,0.0,0.0,0.25
0.25,0.0,0.0,0.25
0.25,0.0,0.0,0.25
0.25,0.0,0.0,0.25
0.25,0.0,0.0,0.25
0.25,0.0,0.0,0.25
0.25,0.0,0.0,0.25
0.25,0.0,0.0,0.25
0.25,0.0,0.0,0.25
0.25,0.0,0.0,0.25
0.25,0.0,0.0,0.25
0.25,0.0,0.0,0.25
0.25,0.0,0.0,0.25
0.25,0.0,0.0,0.25
0.25,0.0,0.0,0.25
0.25,0.0,0.0,0.25
0.25,0.0,0.0,0.25
0.25,0.0,0.0,0.25
0.25,0.0,0.0,0.25
0.25,0.0,0.0,0.25
0.25,0.0,0.0,0.25
0.25,0.0,0.0,0.25
0.25,0.0,0.0,0.25
0.25,0.0,0.0,0.25
0.25,0.0,0.0,0.25
0.25,0.0,0.0,0.25
0.25,0.0,0.0,0.25
0.25,0.0,0.0,0.25
0.25,0.0,0.0,0.25
0.25,0.0,0.0,0.25
0.25,0.0,0.0,0.25
0.25,0.0,0.0,0.25
0.25,0.0,0.0,0.25
0.25,0.0,0.0,0.25
0.25,0.0,0.0,0.25
0.25,0.0,0.0,0.25
0.25,0.0,0.0,0.25
0.25,0.0,0.0,0.25
0.25,0.0,0.0,0.25
0.25,0.0,0.0,0.25
0.25,0.0,0.0,0.25
0.25,0.0,0.0,0.25
0.25,0.0,0.0,0.25
0.25,0.0,0.0,0.25
0.25,0.0,0.0,0.25
0.25,0.0,0.0,0.25
0.25,0.0,0.0,0.25
0.25,0.0,0.0,0.25
0.25,0.0,0.0,0.25
0.25,0.0,0.0,0.25
0.25,0.0,0.0,0.25
0.25,0.0,0.0,0.25
0.25,0.0,0.0,0.25
0.25,0.0,0.0,0.25
0.25,0.0,0.0,0.25
0.25,0.0,0.0,0.25
0.25,0.0,0.0,0.25
0.25,0.0,0.0,0.25
0.25,0.0,0.0,0.25
0.25,0.0,0.0,0.25
0.25,0.0,0.0,0.25
0.25,0.0,0.0,0.25
0.25,0.0,0.0,0.25
0.25,0.0,0.0,0.25
0.25,0.0,0.0,0.25
0.25,0.0,0.0,0.25
0.25,0.0,0.0,0.25
0.25,0.0,0.0,0.25
0.25,0.0,0.0,0.25
0.25,0.0,0.0,0.25
0.25,0.0,0.0,0.25
0.25,0.0,0.0,0.25
0.25,0.0,0.0,0.25
0.25,0.0,0.0,0.25
0.25,0.0,0.0,0.25
0.25,0.0,0.0,0.25
0.25,0.0,0.0,0.25
0.25,0.0,0.0,0.25
0.25,0.0,0.0,0.25
0.25,0.0,0.0,0.25
0.25,0.0,0.0,0.25
0.25,0.0,0.0,0.25
0.25,0.0,0.0,0.25
0.25,0.0,0.0,0.25
0.25,0.0,0.0,0.25
0.25,0.0,0.0,0.25
0.25,0.0,0.0,0.25
0.25,0.0,0.0,0.25
0.25,0.0,0.0,0.25
0.25,0.0,0.0,0.25
0.25,0.0,0.0,0.25
0.25,0.0,0.0,0.25
0.25,0.0,0.0,0.25
0.25,0.0,0.0,0.25
0.25,0.0,0.0,0.25
0.25,0.0,0.0,0.25
0.25,0.0,0.0,0.25
0.25,0.0,0.0,0.25
0.25,0.0,0.0,0.25
0.25,0.0,0.0,0.25
0.25,0.0,0.0,0.25
0.25,0.0,0.0,0.25
0.25,0.0,0.0,0.25
0.25,0.0,0.0,0.25
0.25,0.0,0.0,0.25
0.25,0.0,0.0,0.25
0.25,0.0,0.0,0.25
0.25,0.0,0.0,0.25
0.25,0.0,0.0,0.25
0.25,0.0,0.0,0.25
0.25,0.0,0.0,0.25
0.25,0.0,0.0,0.25
0.25,0.0,0.0,0.25
0.25,0.0,0.0,0.25
0.25,0.0,0.0,0.25
0.25,0.0,0.0,0.25
0.25,0.0,0.0,0.25
0.25,0.0,0.0,0.25
0.25,0.0,0.0,0.25
0.25,0.0,0.0,0.25
0.25,0.0,0.0,0.25
0.25,0.0,0.0,0.25
0.25,0.0,0.0,0.25
0.25,0.0,0.0,0.25
0.25,0.0,0.0,0.25
0.25,0.0,0.0,0.25
0.25,0.0,0.0,0.25
0.25,0.0,0.0,0.25
0.25,0.0,0.0,0.25
0.25,0.0,0.0,0.25
0.25,0.0,0.0,0.25
0.25,0.0,0.0,0.25
0.25,0.0,0.0,0.25
0.25,0.0,0.0,0.25
0.25,0.0,0.0,0.25
0.25,0.0,0.0,0.25
0.25,0.0,0.0,0.25
0.25,0.0,0.0,0.25
0.25,0.0,0.0,0.25
0.25,0.0,0.0,0.25
0.25,0.0,0.0,0.25
0.25,0.0,0.0,0.25
0.25,0.0,0.0,0.25
0.25,0.0,0.0,0.25
0.25,0.0,0.0,0.25
0.25,0.0,0.0,0.25
0.25,0.0,0.0,0.25
0.25,0.0,0.0,0.25
0.25,0.0,0.0,0.25
0.25,0.0,0.0,0.25
0.25,0.0,0.0,0.25
0.25,0.0,0.0,0.25
0.25,0.0,0.0,0.25
0.25,0.0,0.0,0.25
0.25,0.0,0.0,0.25
0.25,0.0,0.0,0.25
0.25,0.0,0.0,0.25
0.25,0.0,0.0,0.25
0.25,0.0,0.0,0.25
0.25,0.0,0.0,0.25
0.25,0.0,0.0,0.25
0.25,0.0,0.0,0.25
0.25,0.0,0.0,0.25
0.25,0.0,0.0,0.25
0.25,0.0,0.0,0.25
0.25,0.0,0.0,0.25
0.25,0.0,0.0,0.25
0.25,0.0,0.0,0.25
0.25,0.0,0.0,0.25
0.25,0.0,0.0,0.25
0.25,0.0,0.0,0.25
0.25,0.0,0.0,0.25
0.25,0.0,0.0,0.25
0.25,0.0,0.0,0.25
0.25,0.0,0.0,0.25
0.25,0.0,0.0,0.25
0.25,0.0,0.0,0.25
0.25,0.0,0.0,0.25
0.25,0.0,0.0,0.25
0.25,0.0,0.0,0.25
0.25,0.0,0.0,0.25
0.25,0.0,0.0,0.25
0.25,0.0,0.0,0.25
0.25,0.0,0.0,0.25
0.25,0.0,0.0,0.25
0.25,0.0,0.0,0.25
0.25,0.0,0.0,0.25
0.25,0.0,0.0,0.25
0.25,0.0,0.0,0.25
0.25,0.0,0.0,0.25
0.25,0.0,0.0,0.25
0.25,0.0,0.0,0.25
0.25,0.0,0.0,0.25
0.25,0.0,0.0,0.25
0.25,0.0,0.0,0.25
0.25,0.0,0.0,0.25
0.25,0.0,0.0,0.25
0.25,0.0,0.0,0.25
0.25,0.0,0.0,0.25
0.25,0.0,0.0,0.25
0.25,0.0,0.0,0.25
0.25,0.0,0.0,0.25
0.25,0.0,0.0,0.25
0.25,0.0,0.0,0.25
0.25,0.0,0.0,0.25
0.25,0.0,0.0,0.25
0.25,0.0,0.0,0.25
0.25,0.0,0.0,0.25
0.25,0.0,0.0,0.25
0.25,0.0,0.0,0.25
0.25,0.0,0.0,0.25
0.25,0.0,0.0,0.25
0.25,0.0,0.0,0.25
0.25,0.0,0.0,0.25
0.25,0.0,0.0,0.25
0.25,0.0,0.0,0.25
0.25,0.0,0.0,0.25
0.25,0.0,0.0,0.25
0.25,0.0,0.0,0.25
0.25,0.0,0.0,0.25
0.25,0.0,0.0,0.25
0.25,0.0,0.0,0.25
0.25,0.0,0.0,0.25
0.25,0.0,0.0,0.25
0.25,0.0,0.0,0.25
0.25,0.0,0.0,0.25
0.25,0.0,0.0,0.25
0.25,0.0,0.0,0.25
0.25,0.0,0.0,0.25
0.25,0.0,0.0,0.25
0.25,0.0,0.0,0.25
0.25,0.0,0.0,0.25
0.25,0.0,0.0,0.25
0.25,0.0,0.0,0.25
0.25,0.0,0.0,0.25
0.25,0.0,0.0,0.25
0.25,0.0,0.0,0.25
0.25,0.0,0.0,0.25
0.25,0.0,0.0,0.25
0.25,0.0,0.0,0.25
0.25,0.0,0.0,0.25
0.25,0.0,0.0,0.25
0.25,0.0,0.0,0.25
0.25,0.0,0.0,0.25
0.25,0.0,0.0,0.25
0.25,0.0,0.0,0.25
0.25,0.0,0.0,0.25
0.25,0.0,0.0,0.25
0.25,0.0,0.0,0.25
0.25,0.0,0.0,0.25
0.25,0.0,0.0,0.25
0.25,0.0,0.0,0.25
0.25,0.0,0.0,0.25
0.25,0.0,0.0,0.25
0.25,0.0,0.0,0.25
0.25,0.0,0.0,0.25
0.25,0.0,0.0,0.25
0.25,0.0,0.0,0.25
0.25,0.0,0.0,0.25
0.25,0.0,0.0,0.25
0.25,0.0,0.0,0.25
0.25,0.0,0.0,0.25
0.25,0.0,0.0,0.25
0.25,0.0,0.0,0.25
0.25,0.0,0.0,0.25
0.25,0.0,0.0,0.25
0.25,0.0,0.0,0.25
0.25,0.0,0.0,0.25
0.25,0.0,0.0,0.25
0.25,0.0,0.0,0.25
0.25,0.0,0.0,0.25
0.25,0.0,0.0,0.25
0.25,0.0,0.0,0.25
0.25,0.0,0.0,0.25
0.25,0.0,0.0,0.25
0.25,0.0,0.0,0.25
0.25,0.0,0.0,0.25
0.25,0.0,0.0,0.25
0.25,0.0,0.0,0.25
0.25,0.0,0.0,0.25
0.25,0.0,0.0,0.25
0.25,0.0,0.0,0.25
0.25,0.0,0.0,0.25
0.25,0.0,0.0,0.25
0.25,0.0,0.0,0.25
0.25,0.0,0.0,0.25
0.25,0.0,0.0,0.25
0.25,0.0,0.0,0.25
0.25,0.0,0.0,0.25
0.25,0.0,0.0,0.25
0.25,0.0,0.0,0.25
0.25,0.0,0.0,0.25
0.25,0.0,0.0,0.25
0.25,0.0,0.0,0.25
0.25,0.0,0.0,0.25
0.25,0.0,0.0,0.25
0.25,0.0,0.0,0.25
0.25,0.0,0.0,0.25
0.25,0.0,0.0,0.25
0.25,0.0,0.0,0.25
0.25,0.0,0.0,0.25
0.25,0.0,0.0,0.25
0.25,0.0,0.0,0.25
0.25,0.0,0.0,0.25
0.25,0.0,0.0,0.25
0.25,0.0,0.0,0.25
0.25,0.0,0.0,0.25
0.25,0.0,0.0,0.25
0.25,0.0,0.0,0.25
0.25,0.0,0.0,0.25
0.25,0.0,0.0,0.25
0.25,0.0,0.0,0.25
0.25,0.0,0.0,0.25
0.25,0.0,0.0,0.25
0.25,0.0,0.0,0.25
0.25,0.0,0.0,0.25
0.25,0.0,0.0,0.25
0.25,0.0,0.0,0.25
0.25,0.0,0.0,0.25
0.25,0.0,0.0,0.25
0.25,0.0,0.0,0.25
0.25,0.0,0.0,0.25
0.25,0.0,0.0,0.25
0.25,0.0,0.0,0.25
0.25,0.0,0.0,0.25
0.25,0.0,0.0,0.25
0.25,0.0,0.0,0.25
0.25,0.0,0.0,0.25
0.25,0.0,0.0,0.25
0.25,0.0,0.0,0.25
0.25,0.0,0.0,0.25
0.25,0.0,0.0,0.25
0.25,0.0,0.0,0.25
0.25,0.0,0.0,0.25
0.25,0.0,0.0,0.25
0.25,0.0,0.0,0.25
0.25,0.0,0.0,0.25
0.25,0.0,0.0,0.25
0.25,0.0,0.0,0.25
0.25,0.0,0.0,0.25
0.25,0.0,0.0,0.25
0.25,0.0,0.0,0.25
0.25,0.0,0.0,0.25
0.25,0.0,0.0,0.25
0.25,0.0,0.0,0.25
0.25,0.0,0.0,0.25
0.25,0.0,0.0,0.25
0.25,0.0,0.0,0.25
0.25,0.0,0.0,0.25
0.25,0.0,0.0,0.25
0.25,0.0,0.0,0.25
0.25,0.0,0.0,0.25
0.25,0.0,0.0,0.25
0.25,0.0,0.0,0.25
0.25,0.0,0.0,0.25
0.25,0.0,0.0,0.25
0.25,0.0,0.0,0.25
0.25,0.0,0.0,0.25
0.25,0.0,0.0,0.25
0.25,0.0,0.0,0.25
0.25,0.0,0.0,0.25
0.25,0.0,0.0,0.25
0.25,0.0,0.0,0.25
0.25,0.0,0.0,0.25
0.25,0.0,0.0,0.25
0.25,0.0,0.0,0.25
0.25,0.0,0.0,0.25
0.25,0.0,0.0,0.25
0.25,0.0,0.0,0.25
0.25,0.0,0.0,0.25
0.25,0.0,0.0,0.25
0.25,0.0,0.0,0.25
0.25,0.0,0.0,0.25
0.25,0.0,0.0,0.25
0.25,0.0,0.0,0.25
0.25,0.0,0.0,0.25
0.25,0.0,0.0,0.25
0.25,0.0,0.0,0.25
0.25,0.0,0.0,0.25
0.25,0.0,0.0,0.25
0.25,0.0,0.0,0.25
0.25,0.0,0.0,0.25
0.25,0.0,0.0,0.25
0.25,0.0,0.0,0.25
0.25,0.0,0.0,0.25
0.25,0.0,0.0,0.25
0.25,0.0,0.0,0.25
0.25,0.0,0.0,0.25
0.25,0.0,0.0,0.25
0.25,0.0,0.0,0.25
0.25,0.0,0.0,0.25
0.25,0.0,0.0,0.25
0.25,0.0,0.0,0.25
0.25,0.0,0.0,0.25
0.25,0.0,0.0,0.25
0.25,0.0,0.0,0.25
0.25,0.0,0.0,0.25
0.25,0.0,0.0,0.25
0.25,0.0,0.0,0.25
0.25,0.0,0.0,0.25
0.25,0.0,0.0,0.25
0.25,0.0,0.0,0.25
0.25,0.0,0.0,0.25
0.25,0.0,0.0,0.25
0.25,0.0,0.0,0.25
0.25,0.0,0.0,0.25
0.25,0.0,0.0,0.25
0.25,0.0,0.0,0.25
0.25,0.0,0.0,0.25
0.25,0.0,0.0,0.25
0.25,0.0,0.0,0.25
0.25,0.0,0.0,0.25
0.25,0.0,0.0,0.25
0.25,0.0,0.0,0.25
0.25,0.0,0.0,0.25
0.25,0.0,0.0,0.25
0.25,0.0,0.0,0.25
0.25,0.0,0.0,0.25
0.25,0.0,0.0,0.25
0.25,0.0,0.0,0.25
0.25,0.0,0.0,0.25
0.25,0.0,0.0,0.25
0.25,0.0,0.0,0.25
0.25,0.0,0.0,0.25
0.25,0.0,0.0,0.25
0.25,0.0,0.0,0.25
0.25,0.0,0.0,0.25
0.25,0.0,0.0,0.25
0.25,0.0,0.0,0.25
0.25,0.0,0.0,0.25
0.25,0.0,0.0,0.25
0.25,0.0,0.0,0.25
0.25,0.0,0.0,0.25
0.25,0.0,0.0,0.25
0.25,0.0,0.0,0.25
0.25,0.0,0.0,0.25
0.25,0.0,0.0,0.25
0.25,0.0,0.0,0.25
0.25,0.0,0.0,0.25
0.25,0.0,0.0,0.25
0.25,0.0,0.0,0.25
0.25,0.0,0.0,0.25
0.25,0.0,0.0,0.25
0.25,0.0,0.0,0.25
0.25,0.0,0.0,0.25
0.25,0.0,0.0,0.25
0.0,101.83644,0.0,0.0
0.25,0.0,0.0,0.25
0.25,0.0,0.0,0.25
0.25,0.0,0.0,0.25
0.25,0.0,0.0,0.25
0.25,0.0,0.0,0.25
0.25,0.0,0.0,0.25
0.25,0.0,0.0,0.25
0.25,0.0,0.0,0.25
0.25,0.0,0.0,0.25
0.25,0.0,0.0,0.25
0.25,0.0,0.0,0.25
0.25,0.0,0.0,0.25
0.25,0.0,0.0,0.25
0.25,0.0,0.0,0.25
0.25,0.0,0.0,0.25
0.25,0.0,0.0,0.25
0.25,0.0,0.0,0.25
0.25,0.0,0.0,0.25
0.25,0.0,0.0,0.25
0.25,0.0,0.0,0.25
0.25,0.0,0.0,0.25
0.25,0.0,0.0,0.25
0.25,0.0,0.0,0.25
0.25,0.0,0.0,0.25
0.25,0.0,0.0,0.25
0.25,0.0,0.0,0.25
0.25,0.0,0.0,0.25
0.25,0.0,0.0,0.25
0.25,0.0,0.0,0.25
0.25,0.0,0.0,0.25
0.25,0.0,0.0,0.25
0.25,0.0,0.0,0.25
0.25,0.0,0.0,0.25
0.25,0.0,0.0,0.25
0.25,0.0,0.0,0.25
0.25,0.0,0.0,0.25
0.25,0.0,0.0,0.25
0.25,0.0,0.0,0.25
0.25,0.0,0.0,0.25
0.25,0.0,0.0,0.25
0.25,0.0,0.0,0.25
0.25,0.0,0.0,0.25
0.25,0.0,0.0,0.25
0.25,0.0,0.0,0.25
0.25,0.0,0.0,0.25
0.25,0.0,0.0,0.25
0.25,0.0,0.0,0.25
0.25,0.0,0.0,0.25
0.25,0.0,0.0,0.25
0.25,0.0,0.0,0.25
0.25,0.0,0.0,0.25
0.25,0.0,0.0,0.25
0.25,0.0,0.0,0.25
0.25,0.0,0.0,0.25
0.25,0.0,0.0,0.25
0.25,0.0,0.0,0.25
0.25,0.0,0.0,0.25
0.25,0.0,0.0,0.25
0.25,0.0,0.0,0.25
0.25,0.0,0.0,0.25
0.25,0.0,0.0,0.25
0.25,0.0,0.0,0.25
0.25,0.0,0.0,0.25
0.25,0.0,0.0,0.25
0.25,0.0,0.0,0.25
0.25,0.0,0.0,0.25
0.25,0.0,0.0,0.25
0.25,0.0,0.0,0.25
0.25,0.0,0.0,0.25
0.25,0.0,0.0,0.25
0.25,0.0,0.0,0.25
0.25,0.0,0.0,0.25
0.25,0.0,0.0,0.25
0.25,0.0,0.0,0.25
0.25,0.0,0.0,0.25
0.25,0.0,0.0,0.25
0.25,0.0,0.0,0.25
0.25,0.0,0.0,0.25
0.25,0.0,0.0,0.25
0.25,0.0,0.0,0.25
0.25,0.0,0.0,0.25
0.25,0.0,0.0,0.25
0.25,0.0,0.0,0.25
0.25,0.0,0.0,0.25
0.25,0.0,0.0,0.25
0.25,0.0,0.0,0.25
0.25,0.0,0.0,0.25
0.25,0.0,0.0,0.25
0.25,0.0,0.0,0.25
0.25,0.0,0.0,0.25
0.25,0.0,0.0,0.25
0.25,0.0,0.0,0.25
0.25,0.0,0.0,0.25
0.25,0.0,0.0,0.25
0.25,0.0,0.0,0.25
0.25,0.0,0.0,0.25
0.25,0.0,0.0,0.25
0.25,0.0,0.0,0.25
0.25,0.0,0.0,0.25
0.25,0.0,0.0,0.25
0.25,0.0,0.0,0.25
0.25,0.0,0.0,0.25
0.25,0.0,0.0,0.25
0.25,0.0,0.0,0.25
0.25,0.0,0.0,0.25
0.25,0.0,0.0,0.25
0.25,0.0,0.0,0.25
0.25,0.0,0.0,0.25
0.25,0.0,0.0,0.25
0.25,0.0,0.0,0.25
0.25,0.0,0.0,0.25
0.25,0.0,0.0,0.25
0.25,0.0,0.0,0.25
0.25,0.0,0.0,0.25
0.25,0.0,0.0,0.25
0.25,0.0,0.0,0.25
0.25,0.0,0.0,0.25
0.25,0.0,0.0,0.25
0.25,0.0,0.0,0.25
0.25,0.0,0.0,0.25
0.25,0.0,0.0,0.25
0.25,0.0,0.0,0.25
0.25,0.0,0.0,0.25
0.25,0.0,0.0,0.25
0.25,0.0,0.0,0.25
0.25,0.0,0.0,0.25
0.25,0.0,0.0,0.25
0.25,0.0,0.0,0.25
0.25,0.0,0.0,0.25
0.25,0.0,0.0,0.25
0.25,0.0,0.0,0.25
0.25,0.0,0.0,0.25
0.25,0.0,0.0,0.25
0.25,0.0,0.0,0.25
0.25,0.0,0.0,0.25
0.25,0.0,0.0,0.25
0.25,0.0,0.0,0.25
0.25,0.0,0.0,0.25
0.25,0.0,0.0,0.25
0.25,0.0,0.0,0.25
0.25,0.0,0.0,0.25
0.25,0.0,0.0,0.25
0.25,0.0,0.0,0.25
0.25,0.0,0.0,0.25
0.25,0.0,0.0,0.25
0.25,0.0,0.0,0.25
0.25,0.0,0.0,0.25
0.25,0.0,0.0,0.25
0.25,0.0,0.0,0.25
0.25,0.0,0.0,0.25
0.25,0.0,0.0,0.25
0.25,0.0,0.0,0.25
0.25,0.0,0.0,0.25
0.25,0.0,0.0,0.25
0.25,0.0,0.0,0.25
0.25,0.0,0.0,0.25
0.25,0.0,0.0,0.25
0.25,0.0,0.0,0.25
0.25,0.0,0.0,0.25
0.25,0.0,0.0,0.25
0.25,0.0,0.0,0.25
0.25,0.0,0.0,0.25
0.25,0.0,0.0,0.25
0.25,0.0,0.0,0.25
0.25,0.0,0.0,0.25
0.25,0.0,0.0,0.25
0.25,0.0,0.0,0.25
0.25,0.0,0.0,0.25
0.25,0.0,0.0,0.25
0.25,0.0,0.0,0.25
0.25,0.0,0.0,0.25
0.25,0.0,0.0,0.25
0.25,0.0,0.0,0.25
0.25,0.0,0.0,0.25
0.25,0.0,0.0,0.25
0.25,0.0,0.0,0.25
0.25,0.0,0.0,0.25
0.25,0.0,0.0,0.25
0.25,0.0,0.0,0.25
0.25,0.0,0.0,0.25
0.25,0.0,0.0,0.25
0.25,0.0,0.0,0.25
0.25,0.0,0.0,0.25
0.25,0.0,0.0,0.25
0.25,0.0,0.0,0.25
0.25,0.0,0.0,0.25
0.25,0.0,0.0,0.25
0.25,0.0,0.0,0.25
0.25,0.0,0.0,0.25
0.25,0.0,0.0,0.25
0.25,0.0,0.0,0.25
0.25,0.0,0.0,0.25
0.25,0.0,0.0,0.25
0.25,0.0,0.0,0.25
0.25,0.0,0.0,0.25
0.25,0.0,0.0,0.25
0.25,0.0,0.0,0.25
0.25,0.0,0.0,0.25
0.25,0.0,0.0,0.25
0.25,0.0,0.0,0.25
0.25,0.0,0.0,0.25
0.25,0.0,0.0,0.25
0.25,0.0,0.0,0.25
0.25,0.0,0.0,0.25
0.25,0.0,0.0,0.25
0.25,0.0,0.0,0.25
0.25,0.0,0.0,0.25
0.25,0.0,0.0,0.25
0.25,0.0,0.0,0.25
0.25,0.0,0.0,0.25
0.25,0.0,0.0,0.25
0.25,0.0,0.0,0.25
0.25,0.0,0.0,0.25
0.25,0.0,0.0,0.25
0.25,0.0,0.0,0.25
0.25,0.0,0.0,0.25
0.25,0.0,0.0,0.25
0.25,0.0,0.0,0.25
0.25,0.0,0.0,0.25
0.25,0.0,0.0,0.25
0.25,0.0,0.0,0.25
0.25,0.0,0.0,0.25
0.25,0.0,0.0,0.25
0.25,0.0,0.0,0.25
0.25,0.0,0.0,0.25
0.25,0.0,0.0,0.25
0.25,0.0,0.0,0.25
0.25,0.0,0.0,0.25
0.25,0.0,0.0,0.25
0.25,0.0,0.0,0.25
0.25,0.0,0.0,0.25
0.25,0.0,0.0,0.25
0.25,0.0,0.0,0.25
0.25,0.0,0.0,0.25
0.25,0.0,0.0,0.25
0.25,0.0,0.0,0.25
0.25,0.0,0.0,0.25
0.25,0.0,0.0,0.25
0.25,0.0,0.0,0.25
0.25,0.0,0.0,0.25
0.25,0.0,0.0,0.25
0.25,0.0,0.0,0.25
0.25,0.0,0.0,0.25
0.25,0.0,0.0,0.25
0.25,0.0,0.0,0.25
0.25,0.0,0.0,0.25
0.25,0.0,0.0,0.25
0.25,0.0,0.0,0.25
0.25,0.0,0.0,0.25
0.25,0.0,0.0,0.25
0.25,0.0,0.0,0.25
0.25,0.0,0.0,0.25
0.25,0.0,0.0,0.25
0.25,0.0,0.0,0.25
0.25,0.0,0.0,0.25
0.25,0.0,0.0,0.25
0.25,0.0,0.0,0.25
0.25,0.0,0.0,0.25
0.25,0.0,0.0,0.25
0.25,0.0,0.0,0.25
0.25,0.0,0.0,0.25
0.25,0.0,0.0,0.25
0.25,0.0,0.0,0.25
0.25,0.0,0.0,0.25
0.25,0.0,0.0,0.25
0.25,0.0,0.0,0.25
0.25,0.0,0.0,0.25
0.25,0.0,0.0,0.25
0.25,0.0,0.0,0.25
0.25,0.0,0.0,0.25
0.25,0.0,0.0,0.25
0.25,0.0,0.0,0.25
0.25,0.0,0.0,0.25
0.25,0.0,0.0,0.25
0.25,0.0,0.0,0.25
0.25,0.0,0.0,0.25
0.25,0.0,0.0,0.25
0.25,0.0,0.0,0.25
0.25,0.0,0.0,0.25
0.25,0.0,0.0,0.25
0.25,0.0,0.0,0.25
0.25,0.0,0.0,0.25
0.25,0.0,0.0,0.25
0.25,0.0,0.0,0.25
0.25,0.0,0.0,0.25
0.25,0.0,0.0,0.25
0.25,0.0,0.0,0.25
0.25,0.0,0.0,0.25
0.25,0.0,0.0,0.25
0.25,0.0,0.0,0.25
0.25,0.0,0.0,0.25
0.25,0.0,0.0,0.25
0.25,0.0,0.0,0.25
0.25,0.0,0.0,0.25
0.25,0.0,0.0,0.25
0.25,0.0,0.0,0.25
0.25,0.0,0.0,0.25
0.25,0.0,0.0,0.25
0.25,0.0,0.0,0.25
0.25,0.0,0.0,0.25
0.25,0.0,0.0,0.25
0.25,0.0,0.0,0.25
0.25,0.0,0.0,0.25
0.25,0.0,0.0,0.25
0.25,0.0,0.0,0.25
0.25,0.0,0.0,0.25
0.25,0.0,0.0,0.25
0.25,0.0,0.0,0.25
0.25,0.0,0.0,0.25
0.25,0.0,0.0,0.25
0.25,0.0,0.0,0.25
0.25,0.0,0.0,0.25
0.25,0.0,0.0,0.25
0.25,0.0,0.0,0.25
0.25,0.0,0.0,0.25
0.25,0.0,0.0,0.25
0.25,0.0,0.0,0.25
0.25,0.0,0.0,0.25
0.25,0.0,0.0,0.25
0.25,0.0,0.0,0.25
0.25,0.0,0.0,0.25
0.25,0.0,0.0,0.25
0.25,0.0,0.0,0.25
0.25,0.0,0.0,0.25
0.25,0.0,0.0,0.25
0.25,0.0,0.0,0.25
0.25,0.0,0.0,0.25
0.25,0.0,0.0,0.25
0.25,0.0,0.0,0.25
0.25,0.0,0.0,0.25
0.25,0.0,0.0,0.25
0.25,0.0,0.0,0.25
0.25,0.0,0.0,0.25
0.25,0.0,0.0,0.25
0.25,0.0,0.0,0.25
0.25,0.0,0.0,0.25
0.25,0.0,0.0,0.25
0.25,0.0,0.0,0.25
0.25,0.0,0.0,0.25
0.25,0.0,0.0,0.25
0.25,0.0,0.0,0.25
0.25,0.0,0.0,0.25
0.25,0.0,0.0,0.25
0.25,0.0,0.0,0.25
0.25,0.0,0.0,0.25
0.25,0.0,0.0,0.25
0.25,0.0,0.0,0.25
0.25,0.0,0.0,0.25
0.25,0.0,0.0,0.25
0.25,0.0,0.0,0.25
0.25,0.0,0.0,0.25
0.25,0.0,0.0,0.25
0.25,0.0,0.0,0.25
0.25,0.0,0.0,0.25
0.25,0.0,0.0,0.25
0.25,0.0,0.0,0.25
0.25,0.0,0.0,0.25
0.25,0.0,0.0,0.25
0.25,0.0,0.0,0.25
0.25,0.0,0.0,0.25
0.25,0.0,0.0,0.25
0.25,0.0,0.0,0.25
0.25,0.0,0.0,0.25
0.25,0.0,0.0,0.25
0.25,0.0,0.0,0.25
0.25,0.0,0.0,0.25
0.25,0.0,0.0,0.25
0.25,0.0,0.0,0.25
0.25,0.0,0.0,0.25
0.25,0.0,0.0,0.25
0.25,0.0,0.0,0.25
0.25,0.0,0.0,0.25
0.25,0.0,0.0,0.25
0.25,0.0,0.0,0.25
0.25,0.0,0.0,0.25
0.25,0.0,0.0,0.25
0.25,0.0,0.0,0.25
0.25,0.0,0.0,0.25
0.25,0.0,0.0,0.25
0.25,0.0,0.0,0.25
0.25,0.0,0.0,0.25
0.25,0.0,0.0,0.25
0.25,0.0,0.0,0.25
0.25,0.0,0.0,0.25
0.25,0.0,0.0,0.25
0.25,0.0,0.0,0.25
0.25,0.0,0.0,0.25
0.25,0.0,0.0,0.25
0.25,0.0,0.0,0.25
0.25,0.0,0.0,0.25
0.25,0.0,0.0,0.25
0.25,0.0,0.0,0.25
0.25,0.0,0.0,0.25
0.25,0.0,0.0,0.25
0.25,0.0,0.0,0.25
0.25,0.0,0.0,0.25
0.25,0.0,0.0,0.25
0.25,0.0,0.0,0.25
