1,114.4
3,-6.4
5,2.8
7,-6.7
9,-5.2
11,-17.0
13,99.4
15,-9.7
17,-5.4
19,-2.45
21,-6.7
23,-7.35
25,-4.55
27,-21.45
29,-13.05
31,-5.95
33,-16.4
35,-7.6
37,-4.05
39,-2.85
41,-11.65
43,-3.15
45,-1.3
47,-14.0
49,-12.1
51,90.65
53,-15.25
55,-11.0
57,-3.2
59,96.1
61,100.1
63,-14.95
65,-6.6
67,-25.55
69,-4.5
71,-16.1
73,-1.7
75,-5.2
77,-12.15
79,-7.95
81,-4.0
83,-26.45
85,-0.9
87,-20.9
89,-3.0
91,7.0
93,-7.25
95,-5.6
97,95.1
99,-2.2
101,-4.25
103,-2.5
105,-3.2
107,-14.2
109,-7.5
111,-10.65
113,-8.2
115,-7.35
117,-6.45
119,-2.7
121,-14.8
123,-15.6
125,0.25
127,-1.7
129,-18.25
131,-20.05
133,-0.35
135,-18.45
137,-8.55
139,-8.5
141,-16.55
143,-25.6
145,-20.15
147,-15.1
149,-0.65
151,-0.85
153,-13.2
155,-1.35
157,4.9
159,-2.3
161,-16.65
163,-3.4
165,112.2
167,8.05
169,236.3
171,-12.0
173,-4.0
175,-7.9
177,9.4
179,-0.85181,-25.45
183,-8.5
185,-2.1
187,-0.1
189,-9.55
191,-2.75
193,-2.85
195,-7.4
197,-6.5
199,-1.0
201,-14.1
203,-23.85
205,-4.15
207,-9.9
209,-12.15
211,-12.3
213,112.8
215,3.75
217,94.6
219,-2.95
221,-12.3
223,-6.3
225,-11.6
227,-6.35
229,-2.25
231,-19.15
233,-4.9
235,230.5
237,-20.0
239,-1.6
241,-15.4
243,-12.25
245,-6.95
247,-0.35
249,-19.8
251,92.5
253,-8.65
255,-2.85
257,-13.1
259,-5.15
261,-2.5
263,-7.05
265,-7.75
267,-11.45
269,5.95
271,-0.95
273,-2.0
275,-8.2
277,-10.6
279,0.15
281,-0.35
283,-15.6
285,3.1
287,-7.1
289,-2.7
291,-10.65
293,-18.4
295,-6.9
297,-0.9
299,-3.0
301,-12.4
303,-20.35
305,-14.75
307,-22.7
309,-15.35
311,-2.85
313,-5.7
315,-3.65
317,-16.45
319,-19.55
321,-13.33323,-16.2
325,-4.25
327,-3.0
329,0.2
331,-19.25
333,-16.35
335,-17.2
337,-19.05
339,-9.9
341,-1.65
343,-10.0
345,-2.15
347,-14.7
349,-9.45
351,90.6
353,-2.8
355,-1.75
357,-8.45
359,-14.5
361,-33.35
363,-28.8
365,-17.05
367,-8.2
369,6.9
371,4.95
373,99.8
375,-14.2
377,5.8
379,-8.1
381,-17.1
383,-0.85
385,-6.0
387,-14.05
389,-7.2
391,-3.1
393,-11.95
395,-7.15
397,-7.55
399,-8.95
401,-19.55
403,-7.75
405,114.05
407,2.05
409,1.15
411,-11.35
413,-15.4
415,-6.5
417,2.8
419,-0.25
421,-12.3
423,-13.45
425,-21.0
427,-10.0
429,5.75
431,8.2
433,-7.45
435,108.05
437,-5.95
439,-17.4
441,1.25
443,3.25
445,-17.5
447,-13.1
449,8.4
451,5.1
453,-22.9
455,125.05
457,-1.95
459,-9.95
461,-3.3
463,92.1
465,-5.3
467,-9.3
469,-16.95
471,-15.35
473,-4.3
475,-11.85
477,-9.9
479,82.0
481,-5.2
483,-6.7
485,-0.7
487,-10.1
489,-2.1
491,96.85
493,-13.35
495,-5.95
497,-12.15
499,-20.6
501,-13.65
503,3.15
505,5.95
507,-16.25
509,-0.8
511,-5.5
513,-13.85
515,-15.8
517,2.2
519,-14.4
521,-15.8
523,-11.35
525,-25.45
527,-14.35
529,-3.65
531,-0.9
533,-15.2
535,2.3
537,8.25
539,-14.9
541,0.6
543,-11.45
545,0.95
547,-14.7
549,83.35
551,-14.8
553,3.7
555,-17.15
557,-8.75
559,-12.9
561,7.4
563,-20.1
565,-5.05
567,-14.4
569,-9.65
571,-19.6
573,0.1
575,-2.35
577,-7.2
579,-14.55
581,-20.05
583,-13.3
585,-13.55
587,-15.2
589,-8.9
591,-3.65
593,5.8
595,-22.55
597,-16.55
599,-3.6
601,-2.75
603,-16.0
605,-12.9
607,-10.9
609,-8.85
611,-15.15
613,1.65
615,5.3
617,-2.45
619,-8.75
621,-3.1
623,-12.05
625,6.45
627,-1.75
629,-9.7
631,-1.05
633,-0.65
635,-0.85
637,-18.65
639,-13.85
641,-7.1
643,-12.55
645,9.85
647,-11.65
649,-19.35
651,-10.65
653,1.05
655,8.5
657,-19.15
659,95.2
661,111.8
663,-17.45
665,-13.95
667,-5.4
669,-3.9
671,104.4
673,1.85
675,-2.5
677,2.7
679,-6.2
681,-6.2
683,-18.65
685,-1.6
687,-3.15
689,116.05
691,2.85
693,-1.7
695,93.45
697,102.6
699,-3.6
701,-8.3
703,-10.1
705,-11.9
707,-0.6
709,97.85
711,-8.7
713,4.15
715,-2.75
717,-6.55
719,-8.35
721,-8.1
723,-2.15
725,-10.1
727,-16.6
729,3.9
731,-0.75
733,-3.5
735,-12.7
737,-12.05
739,-13.9
741,-11.85
743,-8.6
745,-9.45
747,-3.1
749,-8.0
751,0.05
753,-13.75
755,-19.25
757,2.05
759,-11.0
761,-3.5
763,-1.65
765,0.65
767,-10.35
769,-0.8
771,-7.45
773,-11.0
775,-2.85
777,-1.8
779,-8.6
781,-6.45
783,2.8
785,-11.2
787,2.5
789,-15.25
791,-11.05
793,-2.75
795,-3.25
797,-2.8
799,-11.8
801,-14.65
803,-13.55
805,-0.55
807,96.25
809,-3.45
811,-7.6
813,-2.35
815,-2.3
817,-15.6
819,-15.7
821,-20.8
823,-20.65
825,-0.65
827,-11.0
829,3.6
831,-4.25
833,-8.0
835,-9.9
837,-7.55
839,2.9
841,120.35
843,11.75
845,-0.65
847,91.8
849,3.6
851,-2.35
853,-5.45
855,-10.5
857,-16.45
859,7.6
861,-23.3
863,-22.05
865,-0.65
867,2.25
869,-5.35
871,-22.95
873,-23.25
875,-1.8
877,95.45
879,-7.95
881,-14.35
883,-18.45
885,-5.9
887,-14.8
889,-10.5
891,-5.1
893,-8.8
895,223.25
897,-1.95
899,-5.2
901,-8.75
903,81.65
905,-8.65
907,-3.4
909,-5.4
911,-5.1
913,-0.55
915,-13.55
917,-6.4
919,-2.65
921,-4.65
923,-2.55
925,-3.2
927,-11.8
929,-2.0
931,-17.75
933,101.65
935,-21.6
937,-11.65
939,-5.65
941,-5.65
943,-2.9
945,-10.05
947,-8.25
949,-18.2
951,-17.8
953,-2.15
955,0.1
957,-13.7
959,107.75
961,-0.4
963,-2.8
965,-2.2
967,-3.0
969,-4.3
971,-10.0
973,-9.65
975,-12.35
977,-10.95
979,-8.55
981,-8.35
983,105.15
985,-14.45
987,-19.6
989,-4.1
991,-1.35
993,-2.15
995,-6.45
997,-4.95
999,120.15
1001,-15.25
1003,-6.05
1005,108.8
1007,-11.75
1009,-2.65
1011,4.45
1013,-6.35
1015,120.2
1017,-11.4
1019,102.65
1021,-14.35
1023,-8.5
1025,-8.1
1027,-11.7
1029,-2.05
1031,-23.4
1033,-1.45
1035,222.1
1037,102.25
1039,-1.45
1041,3.55
1043,-8.4
1045,-1.95
1047,-11.5
1049,-23.05
1051,-3.6
1053,-7.8
1055,108.85
1057,-13.15
1059,-3.85
1061,-12.3
1063,-0.95
1065,-0.85
1067,-13.5
1069,106.15
1071,116.2
1073,-0.45
1075,-8.5
1077,-16.8
1079,116.55
1081,104.7
1083,-3.8
1085,-12.65
1087,-13.6
1089,-5.05
1091,-2.45
1093,-5.5
1095,-7.15
1097,-7.5
1099,-9.95
1101,-5.45
1103,214.45
1105,-2.5
1107,-13.15
1109,-6.9
1111,111.0
1113,1.2
1115,354.0
1117,4.9
1119,-2.45
1121,298.7
1123,-6.25
1125,-2.6
1127,202.9
1129,-10.0
1131,-2.6
1133,-0.7
1135,-2.0
1137,-10.55
1139,-2.75
1141,107.0
1143,-8.15
1145,-11.2
1147,-12.85
1149,-15.0
1151,-2.6
1153,90.45
1155,-3.8
1157,1.45
1159,2.75
1161,5.55
1163,236.65
1165,6.9
1167,-3.6
1169,-5.05
1171,-5.5
1173,0.15
1175,-0.2
1177,-10.45
1179,-4.65
1181,229.7
1183,-0.9
1185,11.65
1187,109.65
1189,197.65
1191,98.15
1193,3.3
1195,-5.3
1197,-11.65
1199,110.15
1201,92.6
1203,100.85
1205,-11.2
1207,-10.2
1209,-9.2
1211,102.45
1213,225.05
1215,104.1
1217,113.9
1219,-14.05
1221,-1.9
1223,102.55
1225,1.35
1227,-10.6
1229,0.95
1231,-5.0
1233,1.7
1235,-19.5
1237,-3.7
1239,-3.75
1241,-14.35
1243,-12.1
1245,-1.35
1247,-9.3
1249,-8.25
1251,-3.65
1253,315.65
1255,-6.45
1257,99.45
1259,-9.8
1261,-9.8
1263,-4.2
1265,105.65
1267,-5.4
1269,94.0
1271,-15.1
1273,-13.85
1275,-11.95
1277,95.6
1279,-7.5
1281,-4.4
1283,-5.5
1285,104.5
1287,-9.05
1289,105.45
1291,-6.15
1293,-3.65
1295,-4.6
1297,-5.8
1299,0.75
1301,-2.4
1303,105.65
1305,103.55
1307,335.5
1309,101.65
1311,1.2
1313,-5.0
1315,-2.5
1317,-2.55
1319,99.6
1321,-9.8
1323,329.9
1325,318.0
1327,209.0
1329,-3.95
1331,8.7
1333,-2.2
1335,195.2
1337,214.6
1339,-0.7
1341,-3.0
1343,-3.9
1345,4.4
1347,202.3
1349,-1.95
1351,-2.35
1353,223.0
1355,-2.7
1357,-2.25
1359,329.05
1361,101.85
1363,1.1
1365,209.15
1367,-3.5
1369,-6.4
1371,104.1
1373,3.2
1375,0.15
1377,-1.55
1379,-12.5
1381,97.1
1383,-4.0
1385,-14.5
1387,213.0
1389,104.75
1391,-0.5
1393,100.8
1395,102.05
1397,-1.75
1399,-1.7
1401,-5.65
1403,-0.25
1405,100.15
1407,-8.65
1409,105.95
1411,651.65
1413,-2.9
1415,329.35
1417,224.95
1419,8.2
1421,97.85
1423,-4.85
1425,-6.1
1427,127.45
1429,-2.95
1431,113.45
1433,-9.0
1435,106.95
1437,-4.05
1439,-5.15
1441,-0.75
1443,114.05
1445,333.8
1447,106.4
1449,-1.65
1451,95.9
1453,107.85
1455,346.65
1457,104.25
1459,-5.0
1461,211.3
1463,-2.3
1465,-2.25
1467,-2.1
1469,-2.6
1471,-2.25
1473,-8.1
1475,102.75
1477,212.45
1479,-4.8
1481,346.3
1483,-2.55
1485,-2.85
1487,-3.15
1489,-8.15
1491,-4.1
1493,111.45
1495,220.45
1497,-6.15
1499,-6.9
1501,-1.4
1503,-3.15
1505,111.05
1507,104.0
1509,113.5
1511,118.85
1513,-1.4
1515,227.0
1517,103.75
1519,1.35
1521,103.3
1523,-1.5
1525,-5.7
1527,108.05
1529,130.75
1531,-2.75
1533,-2.7
1535,-3.1
1537,-8.6
1539,222.0
1541,121.25
1543,6.05
1545,0.55
1547,7.15
1549,-2.25
1551,101.05
1553,223.0
1555,95.75
1557,103.25
1559,-3.2
1561,-16.95
1563,2.15
1565,-2.3
1567,98.3
1569,-2.9
1571,-3.7
1573,112.45
1575,-2.45
1577,-2.25
1579,-2.7
1581,-6.4
1583,-9.3
1585,215.05
1587,195.0
1589,-4.9
1591,-3.35
1593,-3.85
1595,-2.6
1597,104.05
1599,-2.4
1601,324.45
1603,220.6
1605,114.65
1607,98.6
1609,90.75
1611,113.45
1613,88.05
1615,-2.25
1617,101.1
1619,-2.4
1621,-2.85
1623,90.4
1625,-2.95
1627,-11.3
1629,90.25
1631,96.5
1633,-12.85
1635,-2.3
1637,113.6
1639,326.95
1641,436.55
1643,188.05
1645,-12.35
1647,92.05
1649,4.4
1651,5.4
1653,-14.0
1655,-4.55
1657,-22.75
1659,110.7
1661,-3.75
1663,107.55
1665,-1.0
1667,-2.25
1669,326.9
1671,-20.25
1673,460.4
1675,221.2
1677,-17.4
1679,-0.95
1681,-3.1
1683,344.0
1685,-18.4
1687,428.4
1689,-22.5
1691,94.85
1693,102.3
1695,101.15
1697,231.0
1699,-19.8
1701,218.0
1703,109.75
1705,-2.75
1707,109.65
1709,3.1
1711,213.65
1713,102.25
1715,211.7
1717,-15.7
1719,102.5
1721,-7.75
1723,-2.5
1725,-6.85
1727,-2.65
1729,105.45
1731,8.65
1733,3.85
1735,-7.65
1737,-4.0
1739,116.8
1741,-9.05
1743,329.15
1745,460.75
1747,-4.35
1749,6.65
1751,97.4
1753,114.6
1755,2.65
1757,-2.6
1759,-1.8
1761,-3.55
1763,105.1
1765,345.85
1767,-2.0
1769,-6.9
1771,-0.45
1773,-1.55
1775,-1.7
1777,122.7
1779,-0.85
1781,-2.7
1783,-0.45
1785,125.65
1787,113.2
1789,113.25
1791,106.6
1793,106.0
1795,105.75
1797,529.5
1799,100.8
1801,114.0
1803,107.05
1805,-4.8
1807,-2.4
1809,-0.35
1811,0.55
1813,98.55
1815,229.9
1817,-3.05
1819,-0.9
1821,-3.4
1823,0.55
1825,1.35
1827,125.35
1829,225.5
1831,-0.05
1833,569.25
1835,108.35
1837,326.15
1839,237.4
1841,-12.9
1843,465.0
1845,-2.55
1847,-1.45
1849,568.9
1851,100.5
1853,413.1
1855,221.25
1857,-2.55
1859,-0.3
1861,106.85
1863,-3.65
1865,-6.75
1867,-9.15
1869,-3.15
1871,319.35
1873,331.95
1875,108.35
1877,-0.9
1879,106.7
1881,212.65
1883,-9.45
1885,-1.6
1887,-16.65
1889,101.85
1891,-10.1
1893,222.8
1895,2.0
1897,111.3
1899,213.3
1901,-2.85
1903,115.2
1905,-2.4
1907,112.25
1909,109.75
1911,4.05
1913,341.7
1915,-2.75
1917,214.75
1919,-3.3
1921,-4.0
1923,117.55
1925,-2.65
1927,219.65
1929,-2.75
1931,-2.9
1933,103.8
1935,7.95
1937,-2.15
1939,226.85
1941,329.4
1943,230.95
1945,-2.8
1947,562.55
1949,-2.3
1951,102.75
1953,108.35
1955,-1.7
1957,112.1
1959,-4.45
1961,-3.15
1963,347.75
1965,447.5
1967,-2.3
1969,454.1
1971,-3.9
1973,232.15
1975,114.1
1977,103.9
1979,437.2
1981,114.6
1983,-2.85
1985,-0.15
1987,1.2
1989,107.4
1991,111.95
1993,-2.55
1995,104.25
1997,215.05
1999,-2.05
2001,-2.4
2003,-1.8
2005,446.25
2007,212.65
2009,-0.1
2011,-3.0
2013,-1.15
2015,102.55
2017,1.05
2019,102.05
2021,112.85
2023,108.9
2025,106.4
2027,-7.45
2029,0.75
2031,-2.6
2033,101.75
2035,103.8
2037,-2.75
2039,108.0
2041,214.25
2043,114.7
2045,105.95
2047,325.3
2049,444.8
2051,109.75
2053,-2.45
2055,105.65
2057,101.3
2059,116.6
2061,106.45
2063,98.8
2065,468.1
2067,-4.15
2069,102.6
2071,-3.05
2073,213.7
2075,-2.6
2077,432.6
2079,214.95
2081,111.3
2083,-2.35
2085,203.1
2087,110.5
2089,217.1
2091,-0.9
2093,-2.55
2095,107.2
2097,347.45
2099,-1.9
2101,225.8
2103,659.3
2105,-2.45
2107,109.3
2109,-1.85
2111,321.95
2113,-1.5
2115,-1.05
2117,337.05
2119,221.55
2121,256.7
2123,107.85
2125,320.1
2127,-2.35
2129,548.45
2131,114.5
2133,222.35
2135,9.05
2137,10.65
2139,117.25
2141,-2.75
2143,-2.7
2145,-2.15
2147,-2.75
2149,107.5
2151,-2.7
2153,-2.6
2155,331.1
2157,111.85
2159,231.05
2161,340.15
2163,117.65
2165,-1.15
2167,102.5
2169,114.2
2171,213.55
2173,208.65
2175,-2.6
2177,-2.4
2179,-2.25
2181,-2.45
2183,-3.15
2185,-2.7
2187,-1.1
2189,317.3
2191,238.9
2193,101.8
2195,-2.25
2197,220.35
2199,-13.95
2201,671.55
2203,-1.95
2205,-2.5
2207,-2.15
2209,-5.0
2211,-2.7
2213,-2.75
2215,-2.35
2217,12.35
2219,-3.0
2221,-0.7
2223,224.1
2225,109.85
2227,361.5
2229,-3.65
2231,-3.25
2233,-1.65
2235,112.5
2237,666.0
2239,-1.95
2241,118.45
2243,456.3
2245,213.5
2247,-1.5
2249,-2.65
2251,-1.3
2253,312.4
2255,348.8
2257,210.45
2259,-2.4
2261,102.5
2263,109.4
2265,100.8
2267,1.1
2269,-2.85
2271,120.3
2273,344.15
2275,-3.05
2277,0.1
2279,-2.6
2281,-2.7
2283,220.45
2285,117.35
2287,113.8
2289,341.8
2291,223.4
2293,106.45
2295,-2.5
2297,-3.05
2299,-3.1
2301,448.2
2303,115.75
2305,-1.5
2307,-2.2
2309,1.0
2311,-2.05
2313,1.55
2315,113.9
2317,218.35
2319,-2.65
2321,-2.2
2323,102.75
2325,101.25
2327,-3.35
2329,-0.3
2331,-3.0
2333,-2.25
2335,-2.7
2337,213.0
2339,-2.3
2341,444.1
2343,-2.85
2345,211.45
2347,-0.6
2349,-2.75
2351,-2.55
2353,219.45
2355,3.4
2357,212.6
2359,350.25
2361,-14.0
2363,-2.45
2365,1.65
2367,346.0
2369,-2.5
2371,228.05
2373,111.45
2375,-2.05
2377,-2.2
2379,-3.1
2381,127.8
2383,118.2
2385,-2.85
2387,114.95
2389,322.6
2391,1.8
2393,-2.25
2395,101.45
2397,-2.45
2399,654.65
2401,104.95
2403,-2.5
2405,460.7
2407,-0.75
2409,1.3
2411,-2.25
2413,217.1
2415,-2.55
2417,107.9
2419,449.85
2421,566.5
2423,103.0
2425,-2.8
2427,567.7
2429,101.1
2431,110.7
2433,228.05
2435,3.7
2437,-2.4
2439,332.75
2441,114.05
2443,-1.25
2445,-3.0
2447,-2.8
2449,-2.1
2451,351.0
2453,2.45
2455,18.95
2457,-2.1
2459,-2.25
2461,0.55
2463,342.35
2465,222.3
2467,570.65
2469,-2.7
2471,-2.7
2473,316.9
2475,-2.2
2477,106.3
2479,222.4
2481,362.95
2483,-2.45
2485,221.15
2487,111.5
2489,456.55
2491,423.65
2493,0.0
2495,114.1
2497,321.65
2499,-2.55
2501,-2.15
2503,-2.25
2505,4.2
2507,113.7
2509,331.15
2511,-2.6
2513,-0.1
2515,-1.8
2517,-2.35
2519,-2.8
2521,100.7
2523,-0.6
2525,-2.15
2527,115.7
2529,228.05
2531,-0.8
2533,-0.3
2535,-2.45
2537,212.25
2539,103.1
2541,127.5
2543,217.7
2545,219.55
2547,2.85
2549,-2.85
2551,-1.5
2553,246.7
2555,451.75
2557,3.5527136788e-15
2559,117.1
2561,342.4
2563,111.5
2565,112.8
2567,-2.1
2569,-3.45
2571,104.05
2573,-2.05
2575,418.2
2577,-2.0
2579,-1.8
2581,103.3
2583,104.9
2585,109.7
2587,202.3
2589,-1.9
2591,-2.55
2593,100.5
2595,113.85
2597,220.05
2599,660.45
2601,-2.8
2603,-1.5
2605,114.1
2607,436.8
2609,-2.4
2611,227.95
2613,552.05
2615,97.75
2617,-2.45
2619,106.0
2621,-2.8
2623,-2.05
2625,102.5
2627,208.0
2629,-3.2
2631,-2.05
2633,115.85
2635,-2.75
2637,116.35
2639,110.1
2641,563.4
2643,-2.9
2645,98.95
2647,115.3
2649,105.7
2651,-3.05
2653,-2.65
2655,110.8
2657,1.3
2659,114.1
2661,348.3
2663,441.15
2665,-3.1
2667,0.4
2669,118.95
2671,2.0
2673,227.2
2675,-2.4
2677,-2.5
2679,223.05
2681,214.8
2683,437.6
2685,118.4
2687,102.7
2689,203.5
2691,-1.6
2693,352.75
2695,-2.55
2697,109.85
2699,103.0
2701,-2.7
2703,-2.35
2705,-2.9
2707,357.7
2709,115.8
2711,338.85
2713,214.75
2715,-2.35
2717,341.45
2719,112.6
2721,105.85
2723,116.6
2725,2.85
2727,115.05
2729,-2.4
2731,105.1
2733,348.05
2735,116.9
2737,220.8
2739,-1.55
2741,104.65
2743,-0.2
2745,-2.3
2747,-2.95
2749,561.0
2751,-1.5
2753,-1.8
2755,-2.25
2757,-1.45
2759,3.3
2761,107.2
2763,221.3
2765,115.85
2767,110.4
2769,99.9
2771,2.9
2773,325.05
2775,108.95
2777,-2.4
2779,18.7
2781,318.8
2783,106.65
2785,112.9
2787,427.45
2789,0.6
2791,119.3
2793,343.35
2795,-0.55
2797,112.95
2799,122.15
2801,109.3
2803,217.6
2805,100.0
2807,-1.95
2809,3.15
2811,216.3
2813,540.7
2815,451.3
2817,438.15
2819,116.45
2821,106.7
2823,-2.85
2825,-0.95
2827,-1.55
2829,0.8
2831,-1.85
2833,101.45
2835,-1.85
2837,-2.1
2839,216.2
2841,469.25
2843,355.8
2845,325.15
2847,8.2
2849,-2.0
2851,110.7
2853,110.05
2855,465.8
2857,102.75
2859,-2.45
2861,123.25
2863,-5.75
2865,-3.15
2867,217.95
2869,101.25
2871,16.8
2873,17.05
2875,124.7
2877,-4.1
2879,-1.95
2881,224.4
2883,-2.05
2885,121.3
2887,99.75
2889,108.95
2891,215.65
2893,866.75
2895,109.5
2897,328.85
2899,-0.55
2901,222.35
2903,220.0
2905,110.25
2907,-2.4
2909,118.6
2911,105.8
2913,0.3
2915,216.7
2917,-1.7
2919,-2.3
2921,105.95
2923,654.85
2925,431.65
2927,-2.15
2929,-2.55
2931,107.15
2933,466.75
2935,340.55
2937,223.1
2939,7.2
2941,2.85
2943,321.7
2945,101.35
2947,220.5
2949,326.25
2951,-1.45
2953,-2.35
2955,314.45
2957,9.25
2959,218.25
2961,-2.45
2963,111.75
2965,-1.6
2967,229.45
2969,207.95
2971,232.8
2973,-1.45
2975,-2.95
2977,356.05
2979,-2.65
2981,-6.35
2983,-1.1
2985,523.4
2987,-2.55
2989,-1.25
2991,113.1
2993,101.55
2995,0.4
2997,-2.8
2999,115.55
3001,561.05
3003,230.3
3005,-6.75
3007,220.4
3009,104.0
3011,437.65
3013,102.45
3015,109.65
3017,327.8
3019,1.6
3021,236.45
3023,114.2
3025,116.75
3027,-1.25
3029,214.05
3031,-7.7
3033,203.45
3035,-3.45
3037,103.35
3039,100.05
3041,108.4
3043,7.9
3045,-1.5
3047,2.25
3049,-2.25
3051,109.65
3053,108.3
3055,217.55
3057,-4.55
3059,3.7
3061,-0.85
3063,-6.5
3065,104.25
3067,-0.45
3069,357.9
3071,122.65
3073,-8.0
3075,112.35
3077,330.0
3079,24.2
3081,107.3
3083,325.75
3085,102.6
3087,-4.85
3089,-1.05
3091,-4.1
3093,-1.2
3095,112.55
3097,112.75
3099,324.85
3101,-11.3
3103,102.8
3105,215.2
3107,125.9
3109,224.65
3111,-16.9
3113,91.1
3115,-7.8
3117,218.55
3119,-17.3
3121,247.65
3123,-0.95
3125,-3.55
3127,194.4
3129,-19.25
3131,111.15
3133,112.65
3135,-2.1
3137,206.4
3139,202.95
3141,208.8
3143,323.25
3145,-2.75
3147,140.8
3149,100.4
3151,320.45
3153,-11.7
3155,-12.2
3157,330.75
3159,222.95
3161,-4.95
3163,226.85
3165,3.45
3167,-1.5
3169,-2.1
3171,110.05
3173,-8.75
3175,1.1
3177,101.45
3179,116.85
3181,339.15
3183,210.7
3185,-3.75
3187,-2.2
3189,116.2
3191,105.85
3193,241.7
3195,111.25
3197,119.65
3199,341.95
3201,111.3
3203,-0.45
3205,335.05
3207,217.35
3209,107.4
3211,-1.8
3213,109.2
3215,111.85
3217,110.85
3219,430.85
3221,114.3
3223,347.2
3225,332.0
3227,118.65
3229,103.5
3231,0.3
3233,105.85
3235,-2.55
3237,546.3
3239,118.2
3241,215.8
3243,-18.55
3245,99.2
3247,-0.35
3249,221.05
3251,-10.1
3253,117.1
3255,-0.15
3257,-1.05
3259,-9.2
3261,-1.4
3263,202.65
3265,-0.65
3267,104.2
3269,223.05
3271,99.75
3273,-2.35
3275,-0.75
3277,-4.8
3279,215.8
3281,238.05
3283,-5.45
3285,-5.5
3287,236.35
3289,101.15
3291,95.1
3293,108.4
3295,219.55
3297,6.95
3299,109.05
3301,-2.1
3303,99.55
3305,351.55
3307,226.6
3309,331.2
3311,-4.15
3313,-2.4
3315,108.3
3317,437.65
3319,1.45
3321,318.4
3323,-2.35
3325,111.1
3327,105.45
3329,200.6
3331,2.2
3333,-2.5
3335,338.15
3337,102.65
3339,104.8
3341,224.3
3343,-3.5
3345,-4.6
3347,98.6
3349,236.95
3351,-6.65
3353,4.25
3355,-1.4
3357,-2.25
3359,-2.35
3361,8.95
3363,-3.6
3365,-11.35
3367,-3.95
3369,-7.0
3371,-8.35
3373,-31.15
3375,-10.85
3377,233.5
3379,215.5
3381,122.3
3383,234.35
3385,-3.1
3387,-5.85
3389,267.35
3391,359.1
3393,452.7
3395,207.45
3397,2.0
3399,218.7
3401,324.95
3403,93.3
3405,108.4
3407,120.25
3409,0.05
3411,-1.45
3413,99.35
3415,-3.65
3417,331.7
3419,-11.05
3421,-8.35
3423,108.1
3425,7.8
3427,667.2
3429,104.0
3431,3.05
3433,136.6
3435,8.4
3437,-1.15
3439,-3.7
3441,0.1
3443,229.05
3445,116.25
3447,0.35
3449,112.45
3451,204.7
3453,99.0
3455,101.45
3457,109.9
3459,-10.5
3461,104.7
3463,15.25
3465,-0.5
3467,329.75
3469,115.25
3471,-2.35
3473,339.3
3475,-1.75
3477,111.65
3479,131.5
3481,-2.5
3483,-2.75
3485,104.6
3487,-2.3
3489,449.0
3491,-1.95
3493,0.4
3495,358.2
3497,-3.45
3499,-1.7
3501,102.0
3503,-6.25
3505,109.45
3507,445.75
3509,-5.1
3511,110.15
3513,-6.4
3515,107.65
3517,210.55
3519,-11.2
3521,1.4
3523,0.15
3525,-0.4
3527,-5.2
3529,10.15
3531,-2.2
3533,103.75
3535,116.65
3537,-9.05
3539,-3.0
3541,-3.4
3543,-12.3
3545,111.45
3547,0.75
3549,116.0
3551,118.5
3553,-2.8
3555,-7.05
3557,-3.55
3559,-1.6
3561,-3.0
3563,348.7
3565,0.35
3567,-1.1
3569,106.3
3571,-1.45
3573,126.05
3575,116.65
3577,119.2
3579,0.1
3581,322.3
3583,13.55
3585,109.0
3587,121.1
3589,-1.95
3591,0.85
3593,-2.1
3595,118.4
3597,-0.15
3599,-7.1
3601,-0.35
3603,204.8
3605,-0.4
3607,17.0
3609,10.4
3611,457.5
3613,237.3
3615,126.15
3617,-1.7
3619,-13.2
3621,106.3
3623,-2.25
3625,-2.4
3627,9.4
3629,-2.3
3631,243.15
3633,-1.45
3635,-2.95
3637,-2.95
3639,-2.05
3641,446.85
3643,-3.35
3645,-2.3
3647,-4.25
3649,-5.15
3651,-2.6
3653,-1.45
3655,340.65
3657,241.9
3659,-0.3
3661,455.2
3663,-2.9
3665,110.15
3667,-6.9
3669,-2.3
3671,342.1
3673,233.9
3675,0.5
3677,16.45
3679,340.55
3681,115.6
3683,-1.25
3685,110.85
3687,-4.1
3689,-2.6
3691,102.15
3693,2.4
3695,220.65
3697,2.65
3699,98.5
3701,119.05
3703,118.35
3705,-2.5
3707,115.95
3709,333.65
3711,104.5
3713,112.3
3715,316.25
3717,1.05
3719,214.4
3721,117.55
3723,-0.85
3725,110.9
3727,115.1
3729,220.95
3731,230.1
3733,-3.45
3735,220.9
3737,-2.4
3739,-2.1
3741,-2.3
3743,218.3
3745,103.75
3747,222.05
3749,11.8
3751,226.6
3753,-1.6
3755,228.65
3757,113.95
3759,119.75
3761,133.05
3763,112.2
3765,2.1
3767,117.5
3769,370.4
3771,353.35
3773,-3.5
3775,341.85
3777,-3.5
3779,-2.1
3781,111.15
3783,100.55
3785,353.75
3787,122.45
3789,-2.25
3791,-10.4
3793,-1.6
3795,345.2
3797,-3.3
3799,341.6
3801,-3.75
3803,4.3
3805,114.5
3807,-10.5
3809,-9.1
3811,-0.9
3813,-4.25
3815,10.45
3817,4.8
3819,8.9
3823,382.4
3825,109.0
3827,-4.0
3829,14.25
3831,-5.3
3833,7.75
3835,117.9
3837,116.0
3839,-0.15
3841,335.45
3843,7.0
3845,-0.55
3847,100.2
3849,-1.1
3851,114.05
3853,117.6
3855,-9.1
3857,5.45
3859,-0.2
3861,7.35
3863,9.1
3865,121.05
3867,4.15
3869,-14.2
3871,-16.2
3873,236.55
3875,96.6
3877,8.35
3879,-7.8
3881,-3.9
3883,-12.55
3885,-1.35
3887,-2.2
3889,-6.1
3891,93.05
3893,-19.3
3895,-12.1
3897,-3.6
3899,1.3
3901,7.35
3903,-1.1
3905,104.6
3907,0.6
3909,7.5
3911,-7.75
3913,-13.25
3915,-20.55
3917,10.7
3919,-2.9
3921,-22.4
3923,-7.7
3925,-2.45
3927,-7.75
3929,-1.95
3931,-3.55
3933,-4.9
3935,-10.35
3937,-8.75
3939,-8.7
3941,-3.65
3943,-13.65
3945,-6.0
3947,-4.4
3949,108.75
3951,-10.35
3953,124.95
3955,4.65
3957,-8.4
3959,98.25
3961,-3.55
3963,-2.05
3965,-1.7
3967,-1.25
3969,-10.95
3971,-2.5
3973,-3.05
3975,-17.9
3977,-3.05
3979,-2.95
3981,-17.6
3983,-14.85
3985,3.65
3987,-8.45
3989,107.6
3991,219.7
3993,-7.6
3995,7.85
3997,107.75
3999,-14.05
4001,-3.15
4003,-2.15
4005,-11.95
4007,116.05
4009,3.1
4011,11.4
4013,122.1
4015,-2.65
4017,80.95
4019,-2.2
4021,1.05
4023,-2.7
4025,-9.85
4027,-9.85
4029,-5.8
4031,-3.4
4033,-17.75
4035,-1.0
4037,-10.95
4039,-11.1
4041,115.8
4043,-12.6
4045,236.3
4047,-30.25
4049,-7.15
4051,-2.55
4053,224.0
4055,-13.5
4057,112.15
4059,-4.1
4061,-2.95
4063,-8.3
4065,-1.55
4067,95.2
4069,-2.9
4071,-4.3
4073,-8.4
4075,-7.55
4077,-12.25
4079,-6.85
4081,-10.85
4083,5.1
4085,85.15
4087,-2.25
4089,-2.6
4091,-2.65
4093,92.25
4095,-5.15
4097,98.75
4099,-10.05
4101,-10.6
4103,-21.7
4105,96.2
4107,341.2
4109,-2.05
4111,-4.2
4113,-15.45
4115,331.3
4117,97.15
4119,216.75
4121,-1.2
4123,4.7
4125,-8.45
4127,-6.85
4129,112.9
4131,-0.6
4133,226.8
4135,-5.95
4137,-17.15
4139,84.25
4141,-14.95
4143,323.85
4145,222.75
4147,113.95
4149,-2.25
4151,95.7
4153,-3.05
4155,105.3
4157,-0.15
4159,1.2
4161,457.7
4163,-0.35
4165,-16.6
4167,-4.25
4169,217.5
4171,115.0
4173,99.7
4175,114.55
4177,237.3
4179,-2.35
4181,-8.8
4183,-3.45
4185,-0.95
4187,573.4
4189,-0.3
4191,215.75
4193,118.85
4195,103.6
4197,-2.25
4199,121.3
4201,-2.45
4203,99.45
4205,114.3
4207,-0.8
4209,320.85
4211,107.5
4213,-2.55
4215,104.1
4217,323.8
4219,102.45
4221,-5.25
4223,207.1
4225,-4.8
4227,9.85
4229,110.2
4231,-1.5
4233,-18.6
4235,-8.05
4237,-1.7
4239,-1.85
4241,119.55
4243,121.45
4245,213.05
4247,218.5
4249,223.45
4251,448.65
4253,-18.75
4255,325.65
4257,-1.55
4259,-5.1
4261,-2.65
4263,423.8
4265,-1.95
4267,-1.45
4269,212.9
4271,1.0
4273,-19.2
4275,-7.3
4277,-2.3
4279,-1.45
4281,111.7
4283,200.55
4285,231.1
4287,-8.95
4289,-2.6
4291,-1.05
4293,-18.65
4295,-1.45
4297,-0.55
4299,-24.5
4301,-4.0
4303,434.45
4305,-6.8
4307,103.95
4309,-6.55
4311,536.55
4313,105.4
4315,-1.8
4317,-4.75
4319,203.75
4321,206.9
4323,-20.45
4325,105.55
4327,216.05
4329,-2.9
4331,-1.25
4333,201.8
4335,2.35
4337,2.1
4339,579.5
4341,-7.0
4343,-29.1
4345,-1.3
4347,233.05
4349,-16.45
4351,94.85
4353,-7.6
4355,218.65
4357,0.15
4359,111.45
4361,-4.05
4363,91.4
4365,3.9
4367,-14.65
4369,1.0
4371,449.55
4373,-8.2
4375,10.2
4377,-9.3
4379,-1.05
4381,-4.5
4383,94.35
4385,-19.65
4387,105.2
4389,106.0
4391,-18.2
4393,109.8
4395,-5.35
4397,-7.4
4399,7.35
4401,-17.55
4403,238.95
4405,-19.95
4407,-3.05
4409,-17.9
4411,-8.7
4413,562.0
4415,102.85
4417,-17.7
4419,-2.6
4421,328.55
4423,-18.75
4425,226.45
4427,207.2
4429,108.0
4431,111.7
4433,-11.3
4435,312.6
4437,-1.65
4439,0.85
4441,-17.8
4443,-16.55
4445,-15.35
4447,115.1
4449,416.75
4451,-2.1
4453,210.95
4455,202.1
4457,97.3
4459,-7.8
4461,108.8
4463,-12.45
4465,-2.65
4467,-7.85
4469,672.6
4471,-17.9
4473,202.15
4475,-1.85
4477,-19.05
4479,3.75
4481,-17.35
4483,-18.05
4485,-2.45
4487,-1.75
4489,111.2
4491,110.4
4493,-2.65
4495,642.65
4497,-0.15
4499,103.8
4501,231.15
4503,324.35
4505,457.15
4507,233.75
4509,-13.8
4511,8.1
4513,88.85
4515,-17.2
4517,13.25
4519,-0.9
4521,-9.25
4523,-2.3
4525,-1.45
4527,232.9
4529,-6.5
4531,218.1
4533,-1.3
4535,-21.45
4537,-17.35
4539,9.0
4541,-3.6
4543,231.4
4545,204.0
4547,-3.35
4549,120.55
4551,-2.15
4553,206.55
4555,116.3
4557,114.7
4559,108.5
4561,-17.4
4563,100.5
4565,-4.3
4567,116.6
4569,564.7
4571,435.5
4573,441.7
4575,229.8
4577,109.0
4579,-8.25
4581,443.1
4583,106.8
4585,-16.0
4587,97.55
4589,344.8
4591,-4.45
4593,105.5
4595,110.05
4597,204.75
4599,-1.8
4601,7.75
4603,-9.3
4605,102.85
4607,5.15
4609,-29.25
4611,440.95
4613,226.45
4615,121.8
4617,-17.9
4619,-4.7
4621,-1.25
4623,0.95
4625,111.0
4627,3.25
4629,-4.35
4631,99.15
4633,117.8
4635,96.2
4637,-15.85
4639,238.2
4641,-18.65
4643,129.6
4645,205.75
4647,-6.1
4649,8.4
4651,-21.45
4653,101.45
4655,302.25
4657,-24.55
4659,314.15
4661,226.85
4663,1.2
4665,-15.6
4667,236.75
4669,201.6
4671,97.35
4673,479.7
4675,2.6
4677,95.65
4679,-13.85
4681,117.15
4683,1041.95
4685,199.55
4687,328.5
4689,222.8
4691,1.75
4693,-3.65
4695,204.3
4697,575.15
4699,210.4
4701,331.6
4703,100.85
4705,-3.7
4707,76.05
4709,-14.85
4711,-2.85
4713,-25.15
4715,3.25
4717,121.4
4719,-3.75
4721,92.15
4723,326.4
4725,-2.45
4727,346.75
4729,350.7
4731,4.85
4733,218.8
4735,-7.35
4737,88.2
4739,78.2
4741,108.65
4743,107.4
4745,-36.25
4747,-29.05
4749,111.35
4751,109.35
4753,105.2
4755,101.2
4757,96.65
4759,-2.55
4761,471.25
4763,-2.85
4765,89.35
4767,542.6
4769,226.1
4771,308.85
4773,116.5
4775,0.6
4777,-4.3
4779,111.05
4781,562.55
4783,109.8
4785,-13.2
4787,-17.1
4789,-5.15
4791,210.9
4793,214.45
4795,132.0
4797,-5.95
4799,119.95
4801,432.85
4803,109.25
4805,104.35
4807,194.5
4809,102.25
4811,6.2
4813,-29.0
4815,0.7
4817,569.2
4819,1245.1
4821,133.6
4823,-2.1
4825,106.5
4827,-5.75
4829,6.8
4831,462.4
4833,-0.45
4835,-0.4
4837,-1.35
4839,223.55
4841,235.2
4843,222.95
4845,118.8
4847,196.05
4849,222.1
4851,316.55
4853,346.4
4855,122.75
4857,849.85
4859,1.5
4861,120.75
4863,331.0
4865,331.1
4867,132.35
4869,105.1
4871,-24.55
4873,119.75
4875,223.15
4877,2.05
4879,338.6
4881,-21.8
4883,216.6
4885,103.65
4887,237.15
4889,-9.35
4891,234.25
4893,-13.45
4895,101.8
4897,673.85
4899,777.65
4901,107.0
4903,245.45
4905,-5.1
4907,-3.35
4909,338.25
4911,-0.35
4913,361.95
4915,-6.85
4917,2.35
4919,222.35
4921,-16.25
4923,-27.5
4925,92.95
4927,12.85
4929,0.4
4931,319.9
4933,222.1
4935,450.0
4937,233.85
4939,544.75
4941,325.3
4943,-19.65
4945,216.9
4947,93.15
4949,-18.05
4951,583.9
4953,99.95
4955,103.55
4957,235.1
4959,203.75
4961,1.4
4963,220.75
4965,773.9
4967,117.95
4969,98.2
4971,222.25
4973,-10.8
4975,79.6
4977,223.05
4979,458.7
4981,-21.6
4983,426.65
4985,-5.95
4987,-2.35
4989,0.05
4991,120.5
4993,-23.05
4995,-34.05
4997,9.25
4999,687.5
5001,117.6
5003,3.0
5005,820.4
5007,219.9
5009,432.3
5011,471.75
5013,120.25
5015,318.5
5017,218.65
5019,225.2
5021,563.75
5023,213.35
5025,-27.4
5027,325.25
5029,-10.7
5031,-23.45
5033,15.5
5035,198.95
5037,118.4
5039,-20.05
5041,82.95
5043,-11.0
5045,-5.75
5047,-23.1
5049,659.75
5051,114.9
5053,-7.0
5055,201.65
5057,-17.1
5059,709.9
5061,1135.9
5063,-4.95
5065,681.7
5067,1.75
5069,114.1
5071,625.6
5073,89.3
5075,592.6
5077,217.45
5079,-7.25
5081,352.75
5083,-9.9
5085,442.4
5087,110.3
5089,606.7
5091,103.15
5093,93.5
5095,-9.4
5097,377.85
5099,103.6
5101,8.15
5103,91.85
5105,87.05
5107,14.15
5109,119.95
5111,127.35
5113,377.2
5115,-25.45
5117,238.6
5119,-3.25
5121,-21.1
5123,-2.6
5125,819.55
5127,609.1
5129,-3.35
5131,192.75
5133,359.85
5135,555.9
5137,339.4
5139,-2.35
5141,1.0
5143,85.9
5145,242.5
5147,3.8
5149,476.7
5151,4.3
5153,94.35
5155,590.95
5157,-7.9
5159,361.9
5161,335.45
5163,133.5
5165,-0.1
5167,604.6
5169,103.1
5171,515.4
5173,-3.8
5175,321.15
5177,210.25
5179,117.25
5181,110.15
5183,586.2
5185,-10.6
5187,207.2
5189,332.55
5191,-3.0
5193,242.6
5195,-37.45
5197,101.4
5199,-28.5
5201,228.4
5203,-17.15
5205,-31.8
5207,233.65
5209,-3.9
5211,119.75
5213,422.65
5215,201.75
5217,335.55
5219,97.7
5221,348.2
5223,-9.9
5225,-20.85
5227,-34.1
5229,-5.35
5231,116.6
5233,3.4
5235,233.6
5237,453.5
5239,121.75
5241,94.25
5243,595.4
5245,255.05
5247,87.2
5249,582.3
5251,329.9
5253,5.95
5255,104.5
5257,552.4
5259,-26.55261,91.35
5263,0.9
5265,-11.95
5267,117.5
5269,90.9
5271,3.4
5273,-1.2
5275,-5.95
5277,-4.85
5279,102.35
5281,-3.55
5283,109.3
5285,331.0
5287,118.0
5289,-23.05
5291,-0.35
5293,4.9
5295,-2.55
5297,-3.35
5299,-22.45
5301,-1.65
5303,10.55
5305,100.45
5307,224.2
5309,377.45
5311,5.55
5313,-8.7
5315,-14.25
5317,118.3
5319,0.5
5321,104.0
5323,479.35
5325,582.35
5327,-1.05
5329,14.9
5331,-12.95
5333,-4.6
5335,-1.9
5337,211.35
5339,117.55
5341,231.05
5343,-2.3
5345,-16.55
5347,-25.15
5349,194.8
5351,93.65
5353,116.6
5355,89.1
5357,119.5
5359,103.85
5361,120.8
5363,-2.25
5365,-1.7
5367,-16.35
5369,-18.8
5371,114.4
5373,116.6
5375,-1.2
5377,-19.9
5379,14.8
5381,102.4
5383,-0.85
5385,-4.1
5387,526.25
5389,330.35
5391,-3.15
5393,-10.65
5395,-1.4
5397,-3.45
5399,105.1
5401,-5.05
5403,-2.1
5405,196.55
5407,228.6
5409,119.3
5411,105.15
5413,90.9
5415,442.5
5417,-13.1
5419,123.0
5421,11.25
5423,-0.6
5425,88.5
5427,-18.5
5429,112.1
5431,92.85
5433,-14.65
5435,14.3
5437,-1.5
5439,16.35
5441,-5.5
5443,-3.8
5445,0.15
5447,-1.7
5449,111.75
5451,114.05
5453,-5.1
5455,-1.45
5457,-16.9
5459,-22.6
5461,5.1
5463,238.4
5465,109.25
5467,-22.25
5469,0.45
5471,76.4
5473,-0.05
5475,226.15
5477,8.55
5479,332.0
5481,-24.95
5483,326.0
5485,346.05
5487,-0.95
5489,328.65
5491,-2.95
5493,565.35
5495,105.1
5497,225.6
5499,-2.3
5501,222.6
5503,227.2
5505,-3.5
5507,-2.0
5509,240.85
5511,0.65
5513,3.05
5515,2.7
5517,-27.35
5519,14.1
5521,-3.75
5523,-8.75
5525,-7.45
5527,-12.85
5529,-5.85
5531,-18.4
5533,-17.75
5535,-16.2
5537,-5.5
5539,-1.9
5541,85.1
5543,87.6
5545,-2.55
5547,237.8
5549,-4.35
5551,-9.3
5553,219.1
5555,121.25
5557,5.45
5559,112.75
5561,216.3
5563,1.1
5565,11.75
5567,-1.95
5569,6.15
5571,115.85
5573,11.3
5575,219.75
5577,-19.2
5579,117.3
5581,0.7
5583,102.25
5585,-6.6
5587,9.35
5589,17.05
5591,2.75
5593,112.65
5595,102.15
5597,-2.8
5599,231.7
5601,3.1
5603,234.35
5605,105.15
5607,-4.55
5609,3.25
5611,3.15
5613,122.05
5615,437.3
5617,-2.9
5619,688.35
5621,470.55
5623,114.8
5625,99.95
5627,113.5
5629,112.6
5631,1.5
5633,224.85
5635,124.05
5637,117.65
5639,-1.8
5641,239.35
5643,596.6
5645,356.2
5647,359.6
5649,-0.15
5651,-2.4
5653,446.15
5655,100.85
5657,-8.25
5659,339.5
5661,448.95
5663,102.1
5665,0.65
5667,-0.6
5669,237.9
5671,230.55
5673,342.2
5675,125.4
5677,353.45
5679,95.6
5681,-29.95
5683,102.35
5685,-21.2
5687,-0.8
5689,323.6
5691,110.05
5693,9.55
5695,113.7
5697,364.7
5699,534.45
5701,1.9
5703,216.05
5705,363.35
5707,223.6
5709,685.9
5711,359.0
5713,353.75
5715,919.85
5717,362.85
5719,1.6
5721,114.95
5723,-2.7
5725,468.05
5727,-21.0
5729,-3.0
5731,201.85
5733,474.95
5735,80.6
5737,0.1
5739,112.6
5741,125.2
5743,673.05
5745,115.05
5747,115.0
5749,94.1
5751,796.2
5753,344.05
5755,-7.2
5757,331.8
5759,332.45
5761,-3.45
5763,108.05
5765,214.0
5767,450.15
5769,447.8
5771,699.95
5773,-8.1
5775,806.95
5777,110.3
5779,1160.95
5781,832.95
5783,15.65
5785,692.7
5787,1144.55
5789,237.8
5791,236.65
5793,453.4
5795,1.75
5797,335.3
5799,331.5
5801,79.65
5803,585.45
5805,120.65
5807,-34.0
5809,7.95
5811,133.65
5813,555.5
5815,1.5
5817,684.9
5819,353.55
5821,713.25
5823,-4.0
5825,605.15
5827,1017.9
5829,87.35
5831,336.2
5833,354.5
5835,325.1
5837,599.55
5839,336.6
5841,458.15
5843,1.35
5845,238.6
5847,90.0
5849,601.4
5851,224.45
5853,125.8
5855,942.0
5857,1032.25
5859,848.65
5861,-18.45
5863,-20.75
5865,339.15
5867,252.95
5869,482.85
5871,336.6
5873,1074.3
5875,-0.2
5877,222.05
5879,115.15
5881,-18.65
5881,101.0
5883,1.15
5885,216.0
5887,4.2
5889,459.55
5891,599.75
5893,88.85
5895,450.1
5897,211.15
5899,0.6
5901,122.15
5903,-7.45
5905,-16.85
5907,101.8
5909,213.5
5911,-6.85
5913,346.95
5915,-5.95
5917,102.95
5919,121.25
5921,-0.35
5923,-6.95
5925,0.8
5927,229.3
5929,325.45
5931,452.05
5933,235.4
5935,-4.35
5937,330.75
5939,108.15
5941,-3.8
5943,5.2
5945,90.05
5947,98.85
5949,568.1
5951,-18.25
5953,219.6
5955,-21.2
5957,2.5
5959,3.4
5961,-8.95
5961,-27.95
5963,-24.6
5965,-2.0
5967,6.4
5969,1.0
5971,-6.4
5973,-20.85
5975,-0.15
5977,-6.25
5979,114.15
5981,-25.55
5983,98.15
5985,-4.8
5987,447.8
5989,112.25
5991,213.55
5993,-10.7
5995,89.3
5997,-14.5
5999,-7.8
6001,118.3
6003,308.65
6005,324.6
6007,204.8
6009,670.35
6011,-2.75
6013,228.55
6015,343.7
6017,-3.6
6019,111.3
6021,-10.4
6023,2.5
6025,-1.25
6027,-23.55
6029,343.55
6031,1.8
6033,82.5
6035,-8.65
6037,444.05
6039,327.8
6041,2.3
6043,210.0
6045,-6.8
6047,317.05
6049,-7.35
6051,-1.4
6053,91.95
6055,-21.25
6057,119.55
6059,313.45
6061,-3.6
6063,-20.1
6065,451.65
6067,533.5
6069,298.4
6071,328.85
6073,122.2
6075,90.25
6077,103.9
6079,137.55
6081,322.15
6083,12.7
6085,676.05
6087,-14.2
6089,348.4
6091,846.65
6093,235.1
6095,-7.85
6097,-3.55
6099,-3.3
6101,127.95
6103,237.45
6105,-2.75
6107,1122.55
6109,-2.7
6111,102.35
6113,133.2
6115,582.6
6117,833.75
6119,466.6
6121,581.65
6123,6.25
6125,436.9
6127,1040.85
6129,704.7
6131,122.85
6133,814.25
6135,0.0
6137,440.45
6139,133.2
6141,1139.7
6143,916.4
6145,110.05
6141,325.75
6143,-0.45
6145,-2.05
6147,121.95
6149,9.25
6151,7.25
6153,800.25
6155,96.95
6157,-17.45
6159,106.55
6161,-12.55
6163,215.95
6165,241.75
6167,233.75
6169,114.85
6171,93.05
6173,93.0
6175,364.85
6177,455.0
6179,467.25
6181,122.8
6183,451.0
6185,199.45
6187,96.45
6189,-17.4
6191,1051.6
6193,112.6
6195,335.35
6197,-6.35
6199,465.8
6201,623.7
6203,1003.75
6205,-2.1
6207,704.3
6209,823.35
6211,214.85
6213,696.15
6215,685.5
6217,238.85
6219,232.95
6221,902.95
6223,240.4
6225,238.3
6227,-1.9
6229,225.65
6231,818.6
6233,213.95
6235,-1.45
6237,104.05
6239,190.35
6241,120.75
6243,230.95
6245,1034.2
6247,-0.75
6249,103.1
6251,356.25
6253,-3.4
6255,331.95
6257,7.85
6259,-1.3
6261,-1.3
6263,442.55
6265,419.85
6267,-4.3
6269,91.7
6271,111.7
6273,121.25
6275,101.25
6277,241.0
6279,215.45
6281,221.8
6283,222.4
6285,115.9
6287,-4.2
6289,-9.6
6291,122.35
6293,139.9
6295,116.9
6297,-1.85
6299,-0.5
6301,105.85
6303,817.25
6305,107.6
6307,130.05
6309,116.25
6311,-7.4
6313,220.75
6315,115.95
6317,220.2
6319,-7.15
6321,-1.5
6323,443.6
6325,102.0
6327,7.2
6329,-1.8
6331,234.5
6333,-7.4
6335,6.6
6337,115.05
6339,-2.9
6341,333.95
6343,233.4
6345,-15.85
6347,358.55
6349,5.85
6351,-4.5
6353,350.9
6355,8.2
6357,132.85
6359,118.5
6361,-7.15
6363,231.6
6365,446.3
6367,218.2
6369,13.8
6371,217.4
6373,348.7
6375,127.55
6377,120.9
6379,428.6
6381,944.1
6383,200.2
6385,92.5
6387,346.1
6389,222.95
6391,219.8
6393,339.9
6395,99.2
6397,579.7
6399,94.6
6401,125.55
6403,-3.95
6405,-15.1
6407,-11.15
6409,586.45
6411,124.1
6413,100.4
6415,110.7
6417,363.4
6419,704.75
6421,123.05
6423,11.75
6425,-3.6
6427,122.65
6429,491.35
6431,-20.05
6433,-6.15
6435,692.2
6437,0.7
6439,711.85
6441,227.5
6443,814.5
6445,6.0
6447,483.8
6449,571.55
6451,241.4
6453,353.3
6455,466.55
6457,351.45
6459,322.75
6461,121.85
6463,5.05
6465,226.35
6467,-11.6
6469,4.65
6471,10.75
6473,716.25
6475,476.7
6477,5.9
6479,581.75
6481,364.1
6483,-6.3
6485,586.9
6487,114.0
6489,-12.6
6491,135.95
6493,563.2
6495,104.75
6497,116.5
6499,4.45
6501,97.75
6503,-2.6
6505,229.85
6507,5.75
6509,-3.05
6511,353.45
6513,-5.45
6515,104.9
6517,98.65
6519,225.5
6521,704.25
6523,602.95
6525,-4.15
6527,-11.65
6529,111.2
6531,-4.75
6533,6.85
6535,228.5
6537,19.3
6539,110.3
6541,348.8
6543,14.0
6545,103.65
6547,236.1
6549,101.65
6551,261.8
6553,545.55
6555,801.15
6557,228.15
6559,-0.9
6561,689.45
6563,6.1
6565,114.05
6567,357.1
6569,12.7
6571,-11.5
6573,114.8
6575,317.2
6577,116.7
6579,-0.1
6581,231.3
6583,12.35
6585,253.35
6587,242.6
6589,219.25
6591,129.65
6593,453.1
6595,228.55
6597,598.3
6599,1.4
6601,117.55
6603,7.4
6605,-2.05
6607,10.05
6609,-2.05
6611,106.45
6613,434.0
6615,118.45
6617,-9.2
6619,328.3
6621,709.9
6623,3.5
6625,-20.1
6627,346.65
6629,0.65
6631,112.2
6633,238.95
6635,-7.1
6637,439.05
6639,480.95
6641,216.8
6643,0.5
6645,330.45
6647,107.45
6649,331.75
6651,421.65
6653,-15.2
6655,234.05
6657,97.25
6659,8.1
6661,-18.7
6663,108.75
6665,-3.3
6667,-6.4
6669,923.15
6671,-14.1
6673,-2.3
6675,214.55
6677,433.25
6679,-13.6
6681,5.95
6683,103.4
6685,-27.8
6687,678.0
6689,-12.2
6691,17.25
6693,-19.2
6695,0.9
6697,-15.95
6699,110.45
6701,-7.4
6703,939.05
6705,109.9
6707,327.6
6709,103.6
6711,220.0
6713,-6.3
6715,2.6
6717,-2.1
6719,-5.45
6721,-9.45
6723,110.3
6725,358.75
6727,-15.4
6729,555.3
6731,462.05
6733,597.35
6735,6.85
6737,311.05
6739,340.25
6741,341.85
6743,-8.1
6745,-12.95
6747,227.55
6749,10.45
6751,336.7
6753,85.5
6755,207.85
6757,206.05
6759,227.1
6761,104.8
6763,187.9
6765,-0.7
6767,209.6
6769,365.85
6771,454.2
6773,-14.3
6775,-3.25
6777,-9.75
6779,206.55
6781,-2.25
6783,331.85
6785,-0.2
6787,469.95
6789,-8.75
6791,90.6
6793,-19.1
6795,348.8
6797,3.35
6799,91.2
